t_s,x_ned,y_ned,z_ned
1.018,0.010,0.026,-0.009
1.038,0.010,0.026,-0.010
1.058,0.009,0.026,-0.010
1.078,0.009,0.026,-0.010
1.098,0.009,0.026,-0.011
1.118,0.008,0.026,-0.011
1.138,0.008,0.026,-0.011
1.158,0.008,0.026,-0.011
1.178,0.008,0.026,-0.012
1.197,0.008,0.026,-0.012
1.218,0.008,0.026,-0.012
1.238,0.007,0.026,-0.012
1.257,0.007,0.026,-0.012
1.278,0.007,0.026,-0.012
1.298,0.007,0.026,-0.012
1.318,0.007,0.026,-0.012
1.338,0.007,0.026,-0.012
1.358,0.006,0.026,-0.012
1.378,0.006,0.026,-0.011
1.398,0.006,0.026,-0.011
1.418,0.006,0.026,-0.011
1.438,0.006,0.026,-0.011
1.457,0.006,0.026,-0.011
1.478,0.005,0.027,-0.011
1.498,0.005,0.027,-0.011
1.518,0.005,0.027,-0.010
1.538,0.005,0.027,-0.010
1.558,0.005,0.028,-0.010
1.578,0.005,0.028,-0.010
1.598,0.005,0.028,-0.010
1.620,0.004,0.028,-0.009
1.638,0.004,0.029,-0.009
1.657,0.004,0.029,-0.009
1.678,0.004,0.029,-0.009
1.698,0.003,0.030,-0.008
1.717,0.003,0.030,-0.008
1.738,0.002,0.030,-0.008
1.758,0.002,0.031,-0.008
1.778,0.002,0.031,-0.008
1.798,0.001,0.032,-0.008
1.818,0.001,0.032,-0.008
1.838,0.000,0.033,-0.008
1.857,-0.000,0.033,-0.008
1.878,-0.000,0.034,-0.008
1.898,-0.001,0.034,-0.008
1.918,-0.001,0.035,-0.008
1.938,-0.002,0.036,-0.008
1.959,-0.002,0.036,-0.008
1.978,-0.002,0.037,-0.008
1.998,-0.003,0.037,-0.007
2.018,-0.003,0.038,-0.007
2.037,-0.003,0.038,-0.007
2.058,-0.003,0.039,-0.007
2.078,-0.003,0.039,-0.007
2.098,-0.003,0.040,-0.007
2.117,-0.003,0.040,-0.007
2.138,-0.003,0.040,-0.007
2.158,-0.003,0.041,-0.007
2.178,-0.003,0.041,-0.007
2.197,-0.003,0.041,-0.007
2.218,-0.002,0.042,-0.007
2.238,-0.002,0.042,-0.007
2.257,-0.002,0.042,-0.007
2.279,-0.001,0.043,-0.007
2.298,-0.001,0.043,-0.007
2.318,-0.000,0.043,-0.007
2.337,0.000,0.043,-0.007
2.358,0.000,0.043,-0.007
2.377,0.001,0.043,-0.007
2.398,0.001,0.043,-0.007
2.418,0.002,0.043,-0.007
2.438,0.002,0.044,-0.007
2.458,0.003,0.044,-0.007
2.478,0.003,0.044,-0.007
2.498,0.004,0.044,-0.007
2.518,0.004,0.044,-0.007
2.538,0.004,0.043,-0.007
2.558,0.005,0.043,-0.008
2.577,0.005,0.043,-0.008
2.598,0.005,0.043,-0.008
2.618,0.006,0.042,-0.008
2.638,0.006,0.042,-0.008
2.658,0.006,0.042,-0.008
2.678,0.006,0.042,-0.009
2.698,0.007,0.041,-0.009
2.717,0.007,0.041,-0.009
2.738,0.007,0.041,-0.009
2.758,0.007,0.040,-0.009
2.778,0.007,0.040,-0.009
2.799,0.007,0.040,-0.009
2.818,0.008,0.040,-0.010
2.838,0.008,0.039,-0.010
2.858,0.008,0.039,-0.010
2.878,0.008,0.039,-0.010
2.898,0.008,0.039,-0.010
2.918,0.008,0.038,-0.010
2.938,0.008,0.038,-0.011
2.959,0.008,0.038,-0.011
2.978,0.008,0.038,-0.011
2.998,0.008,0.038,-0.011
3.018,0.008,0.037,-0.011
3.037,0.008,0.037,-0.011
3.058,0.008,0.037,-0.011
3.078,0.008,0.037,-0.011
3.098,0.007,0.037,-0.011
3.118,0.007,0.036,-0.011
3.138,0.007,0.036,-0.011
3.158,0.007,0.036,-0.011
3.177,0.007,0.036,-0.011
3.198,0.007,0.035,-0.011
3.218,0.007,0.035,-0.011
3.238,0.006,0.035,-0.011
3.258,0.006,0.034,-0.011
3.278,0.006,0.034,-0.011
3.298,0.006,0.034,-0.011
3.317,0.006,0.034,-0.011
3.338,0.006,0.033,-0.011
3.357,0.006,0.033,-0.011
3.378,0.006,0.033,-0.011
3.398,0.006,0.033,-0.011
3.418,0.006,0.033,-0.011
3.438,0.006,0.032,-0.011
3.458,0.006,0.032,-0.011
3.478,0.006,0.032,-0.011
3.498,0.006,0.032,-0.010
3.518,0.006,0.032,-0.010
3.537,0.006,0.032,-0.010
3.558,0.006,0.032,-0.010
3.578,0.006,0.032,-0.010
3.598,0.006,0.032,-0.009
3.618,0.006,0.032,-0.009
3.637,0.006,0.031,-0.009
3.658,0.006,0.031,-0.009
3.678,0.006,0.031,-0.009
3.698,0.006,0.031,-0.008
3.718,0.006,0.031,-0.008
3.738,0.005,0.031,-0.008
3.758,0.005,0.031,-0.007
3.777,0.005,0.032,-0.007
3.798,0.005,0.032,-0.007
3.818,0.005,0.032,-0.006
3.837,0.005,0.032,-0.006
3.858,0.005,0.032,-0.006
3.878,0.005,0.033,-0.005
3.897,0.006,0.033,-0.005
3.918,0.006,0.033,-0.005
3.940,0.006,0.033,-0.004
3.958,0.006,0.034,-0.004
3.978,0.006,0.034,-0.003
3.999,0.006,0.034,-0.003
4.018,0.006,0.035,-0.002
4.038,0.007,0.035,-0.002
4.058,0.007,0.035,-0.002
4.078,0.007,0.035,-0.001
4.097,0.008,0.036,-0.001
4.118,0.008,0.036,-0.000
4.139,0.008,0.036,-0.000
4.157,0.008,0.036,0.000
4.178,0.009,0.036,0.001
4.198,0.009,0.036,0.001
4.218,0.010,0.036,0.001
4.237,0.010,0.036,0.001
4.258,0.010,0.036,-0.000
4.278,0.010,0.036,-0.001
4.298,0.011,0.035,-0.004
4.318,0.011,0.035,-0.006
4.338,0.011,0.034,-0.010
4.357,0.011,0.034,-0.014
4.378,0.011,0.033,-0.020
4.398,0.012,0.033,-0.025
4.418,0.012,0.031,-0.033
4.438,0.012,0.031,-0.040
4.458,0.013,0.029,-0.051
4.478,0.013,0.028,-0.059
4.498,0.013,0.027,-0.072
4.519,0.014,0.026,-0.082
4.539,0.014,0.024,-0.097
4.558,0.015,0.023,-0.109
4.578,0.015,0.020,-0.127
4.598,0.016,0.019,-0.140
4.618,0.016,0.017,-0.161
4.638,0.017,0.015,-0.176
4.658,0.018,0.013,-0.200
4.678,0.018,0.011,-0.217
4.698,0.019,0.009,-0.243
4.718,0.019,0.007,-0.261
4.738,0.020,0.004,-0.290
4.758,0.021,0.003,-0.310
4.779,0.021,0.000,-0.342
4.798,0.022,-0.002,-0.364
4.818,0.023,-0.005,-0.397
4.838,0.023,-0.006,-0.421
4.858,0.024,-0.009,-0.457
4.878,0.024,-0.011,-0.482
4.897,0.025,-0.014,-0.521
4.918,0.025,-0.015,-0.548
4.938,0.026,-0.018,-0.589
4.958,0.026,-0.020,-0.617
4.978,0.027,-0.022,-0.661
4.998,0.027,-0.024,-0.691
5.017,0.028,-0.026,-0.737
5.038,0.028,-0.028,-0.768
5.058,0.028,-0.030,-0.816
5.078,0.028,-0.032,-0.849
5.097,0.028,-0.034,-0.900
5.118,0.028,-0.035,-0.935
5.138,0.028,-0.037,-0.988
5.158,0.028,-0.038,-1.024
5.178,0.028,-0.040,-1.079
5.198,0.028,-0.041,-1.117
5.218,0.028,-0.043,-1.174
5.238,0.028,-0.044,-1.212
5.258,0.027,-0.046,-1.271
5.278,0.027,-0.047,-1.310
5.297,0.027,-0.048,-1.370
5.318,0.026,-0.049,-1.410
5.338,0.026,-0.050,-1.471
5.357,0.026,-0.051,-1.511
5.378,0.025,-0.052,-1.573
5.398,0.025,-0.052,-1.614
5.417,0.025,-0.053,-1.675
5.438,0.025,-0.054,-1.717
5.459,0.024,-0.055,-1.779
5.478,0.024,-0.055,-1.820
5.498,0.024,-0.056,-1.882
5.518,0.023,-0.056,-1.924
5.538,0.023,-0.057,-1.986
5.558,0.023,-0.057,-2.028
5.578,0.022,-0.058,-2.090
5.598,0.022,-0.058,-2.132
5.617,0.021,-0.058,-2.195
5.638,0.021,-0.058,-2.236
5.658,0.020,-0.059,-2.299
5.678,0.020,-0.059,-2.341
5.698,0.019,-0.059,-2.403
5.719,0.019,-0.059,-2.445
5.738,0.018,-0.058,-2.508
5.757,0.017,-0.058,-2.550
5.778,0.016,-0.058,-2.613
5.798,0.016,-0.057,-2.654
5.817,0.015,-0.057,-2.717
5.838,0.014,-0.056,-2.759
5.858,0.013,-0.056,-2.822
5.878,0.013,-0.055,-2.864
5.899,0.012,-0.054,-2.927
5.918,0.011,-0.054,-2.969
5.938,0.010,-0.053,-3.032
5.958,0.010,-0.052,-3.074
5.980,0.009,-0.051,-3.137
5.998,0.008,-0.050,-3.179
6.018,0.007,-0.049,-3.243
6.039,0.007,-0.048,-3.285
6.058,0.006,-0.047,-3.348
6.078,0.006,-0.046,-3.390
6.098,0.005,-0.045,-3.454
6.118,0.004,-0.044,-3.496
6.138,0.004,-0.043,-3.560
6.158,0.003,-0.042,-3.602
6.179,0.003,-0.041,-3.666
6.198,0.002,-0.040,-3.709
6.217,0.002,-0.038,-3.773
6.239,0.001,-0.037,-3.815
6.258,0.000,-0.036,-3.879
6.278,0.000,-0.035,-3.922
6.298,-0.001,-0.034,-3.986
6.318,-0.001,-0.033,-4.029
6.338,-0.001,-0.032,-4.094
6.357,-0.002,-0.031,-4.137
6.378,-0.002,-0.029,-4.201
6.398,-0.002,-0.029,-4.244
6.418,-0.003,-0.027,-4.309
6.438,-0.003,-0.027,-4.352
6.458,-0.003,-0.025,-4.417
6.477,-0.004,-0.024,-4.460
6.498,-0.004,-0.023,-4.525
6.520,-0.004,-0.022,-4.569
6.538,-0.005,-0.021,-4.634
6.558,-0.005,-0.020,-4.677
6.578,-0.005,-0.019,-4.743
6.598,-0.005,-0.018,-4.786
6.618,-0.006,-0.017,-4.852
6.638,-0.006,-0.016,-4.896
6.658,-0.006,-0.015,-4.961
6.677,-0.007,-0.014,-5.005
6.698,-0.007,-0.013,-5.071
6.718,-0.007,-0.012,-5.114
6.738,-0.008,-0.011,-5.180
6.758,-0.008,-0.011,-5.224
6.778,-0.008,-0.010,-5.290
6.798,-0.008,-0.009,-5.334
6.818,-0.009,-0.009,-5.400
6.838,-0.009,-0.008,-5.444
6.858,-0.009,-0.008,-5.510
6.878,-0.010,-0.007,-5.554
6.898,-0.010,-0.007,-5.621
6.918,-0.010,-0.006,-5.665
6.938,-0.011,-0.006,-5.731
6.958,-0.011,-0.005,-5.776
6.978,-0.012,-0.005,-5.842
6.998,-0.012,-0.004,-5.886
7.018,-0.013,-0.004,-5.953
7.038,-0.013,-0.004,-5.997
7.058,-0.013,-0.003,-6.064
7.078,-0.014,-0.003,-6.108
7.098,-0.014,-0.002,-6.175
7.118,-0.015,-0.002,-6.219
7.138,-0.015,-0.002,-6.286
7.158,-0.015,-0.002,-6.330
7.180,-0.016,-0.001,-6.397
7.198,-0.016,-0.001,-6.441
7.218,-0.017,-0.001,-6.508
7.239,-0.017,-0.001,-6.553
7.258,-0.018,-0.001,-6.620
7.278,-0.018,-0.000,-6.664
7.298,-0.019,-0.000,-6.731
7.318,-0.019,-0.000,-6.776
7.338,-0.020,-0.000,-6.843
7.358,-0.020,-0.000,-6.888
7.378,-0.021,-0.000,-6.955
7.398,-0.021,-0.000,-7.000
7.418,-0.022,-0.000,-7.067
7.438,-0.022,-0.000,-7.112
7.458,-0.022,-0.001,-7.180
7.478,-0.023,-0.001,-7.225
7.499,-0.023,-0.001,-7.292
7.517,-0.023,-0.001,-7.336
7.537,-0.023,-0.002,-7.403
7.558,-0.023,-0.002,-7.446
7.578,-0.024,-0.002,-7.511
7.598,-0.024,-0.003,-7.554
7.619,-0.023,-0.003,-7.618
7.638,-0.023,-0.003,-7.659
7.657,-0.023,-0.004,-7.720
7.678,-0.023,-0.005,-7.760
7.698,-0.023,-0.005,-7.819
7.718,-0.023,-0.006,-7.857
7.738,-0.022,-0.006,-7.913
7.758,-0.022,-0.007,-7.950
7.778,-0.022,-0.008,-8.003
7.797,-0.021,-0.008,-8.038
7.818,-0.021,-0.009,-8.089
7.839,-0.021,-0.009,-8.122
7.858,-0.020,-0.010,-8.170
7.878,-0.020,-0.010,-8.201
7.898,-0.020,-0.011,-8.246
7.917,-0.019,-0.011,-8.276
7.938,-0.019,-0.012,-8.319
7.958,-0.019,-0.012,-8.347
7.978,-0.018,-0.013,-8.388
7.997,-0.018,-0.013,-8.414
8.018,-0.017,-0.014,-8.453
8.039,-0.017,-0.014,-8.478
8.058,-0.017,-0.014,-8.514
8.078,-0.016,-0.015,-8.538
8.098,-0.016,-0.015,-8.572
8.118,-0.016,-0.016,-8.594
8.138,-0.015,-0.016,-8.627
8.158,-0.015,-0.016,-8.648
8.178,-0.015,-0.017,-8.679
8.197,-0.015,-0.017,-8.699
8.218,-0.014,-0.017,-8.728
8.238,-0.014,-0.018,-8.747
8.257,-0.014,-0.018,-8.775
8.278,-0.013,-0.018,-8.795
8.298,-0.013,-0.019,-8.825
8.318,-0.013,-0.019,-8.845
8.338,-0.013,-0.020,-8.875
8.358,-0.014,-0.020,-8.896
8.377,-0.015,-0.021,-8.926
8.398,-0.016,-0.022,-8.946
8.418,-0.018,-0.023,-8.976
8.438,-0.020,-0.024,-8.995
8.457,-0.025,-0.025,-9.023
8.478,-0.028,-0.026,-9.042
8.499,-0.033,-0.027,-9.060
8.517,-0.041,-0.029,-9.086
8.538,-0.052,-0.030,-9.111
8.558,-0.060,-0.031,-9.127
8.577,-0.074,-0.032,-9.150
8.598,-0.084,-0.033,-9.164
8.618,-0.103,-0.033,-9.185
8.638,-0.116,-0.033,-9.198
8.657,-0.139,-0.033,-9.217
8.679,-0.155,-0.032,-9.229
8.698,-0.183,-0.030,-9.245
8.717,-0.202,-0.028,-9.256
8.738,-0.234,-0.025,-9.271
8.758,-0.258,-0.022,-9.280
8.778,-0.295,-0.016,-9.294
8.798,-0.322,-0.011,-9.303
8.818,-0.365,-0.004,-9.316
8.838,-0.395,0.002,-9.325
8.858,-0.443,0.012,-9.337
8.878,-0.476,0.020,-9.344
8.898,-0.528,0.033,-9.355
8.918,-0.564,0.042,-9.363
8.938,-0.620,0.056,-9.373
8.959,-0.659,0.067,-9.379
8.977,-0.719,0.084,-9.388
8.998,-0.760,0.096,-9.394
9.018,-0.823,0.115,-9.403
9.038,-0.866,0.128,-9.409
9.058,-0.933,0.150,-9.417
9.078,-0.979,0.164,-9.422
9.097,-1.048,0.187,-9.431
9.117,-1.095,0.203,-9.436
9.138,-1.168,0.227,-9.444
9.159,-1.217,0.244,-9.450
9.178,-1.292,0.270,-9.459
9.198,-1.342,0.288,-9.464
9.218,-1.419,0.315,-9.473
9.237,-1.471,0.333,-9.478
9.257,-1.549,0.361,-9.487
9.278,-1.602,0.380,-9.492
9.298,-1.682,0.408,-9.500
9.318,-1.736,0.428,-9.505
9.338,-1.818,0.457,-9.513
9.358,-1.873,0.476,-9.518
9.377,-1.956,0.506,-9.525
9.398,-2.011,0.525,-9.530
9.418,-2.095,0.555,-9.537
9.438,-2.151,0.575,-9.541
9.457,-2.235,0.605,-9.548
9.478,-2.292,0.625,-9.553
9.498,-2.377,0.655,-9.560
9.517,-2.434,0.674,-9.565
9.538,-2.519,0.704,-9.572
9.558,-2.576,0.724,-9.577
9.578,-2.662,0.754,-9.585
9.598,-2.719,0.774,-9.590
9.618,-2.805,0.803,-9.598
9.638,-2.862,0.823,-9.603
9.658,-2.948,0.852,-9.611
9.678,-3.005,0.872,-9.616
9.698,-3.091,0.901,-9.623
9.718,-3.148,0.921,-9.628
9.740,-3.233,0.950,-9.635
9.758,-3.290,0.969,-9.640
9.777,-3.375,0.998,-9.646
9.798,-3.431,1.017,-9.651
9.818,-3.515,1.045,-9.657
9.838,-3.571,1.064,-9.661
9.858,-3.654,1.092,-9.667
9.879,-3.709,1.111,-9.671
9.898,-3.790,1.139,-9.676
9.918,-3.845,1.157,-9.680
9.938,-3.925,1.185,-9.685
9.958,-3.978,1.203,-9.689
9.978,-4.057,1.229,-9.694
9.998,-4.109,1.247,-9.697
10.018,-4.186,1.273,-9.702
10.038,-4.237,1.290,-9.706
10.058,-4.312,1.316,-9.711
10.078,-4.361,1.332,-9.714
10.097,-4.434,1.356,-9.719
10.118,-4.482,1.372,-9.723
10.138,-4.552,1.396,-9.728
10.157,-4.599,1.411,-9.731
10.177,-4.667,1.433,-9.736
10.198,-4.711,1.447,-9.740
10.218,-4.776,1.468,-9.745
10.238,-4.819,1.482,-9.748
10.258,-4.882,1.502,-9.753
10.278,-4.922,1.515,-9.756
10.298,-4.982,1.533,-9.761
10.318,-5.021,1.545,-9.765
10.338,-5.078,1.563,-9.769
10.358,-5.115,1.574,-9.773
10.378,-5.169,1.590,-9.779
10.398,-5.204,1.600,-9.783
10.418,-5.254,1.614,-9.792
10.438,-5.286,1.623,-9.798
10.458,-5.332,1.636,-9.809
10.478,-5.360,1.644,-9.817
10.498,-5.400,1.656,-9.831
10.518,-5.425,1.663,-9.841
10.538,-5.459,1.672,-9.857
10.557,-5.480,1.679,-9.868
10.578,-5.507,1.687,-9.885
10.598,-5.523,1.693,-9.895
10.618,-5.544,1.700,-9.911
10.638,-5.555,1.705,-9.921
10.658,-5.569,1.711,-9.935
10.678,-5.577,1.715,-9.943
10.697,-5.584,1.721,-9.954
10.718,-5.587,1.725,-9.961
10.738,-5.587,1.730,-9.970
10.758,-5.585,1.733,-9.975
10.778,-5.580,1.737,-9.981
10.799,-5.574,1.740,-9.984
10.818,-5.561,1.744,-9.988
10.838,-5.550,1.747,-9.990
10.860,-5.531,1.751,-9.991
10.878,-5.516,1.753,-9.992
10.898,-5.490,1.757,-9.991
10.918,-5.471,1.759,-9.990
10.938,-5.439,1.762,-9.988
10.958,-5.415,1.764,-9.986
10.978,-5.377,1.767,-9.983
10.998,-5.349,1.769,-9.980
11.018,-5.304,1.772,-9.975
11.038,-5.272,1.774,-9.972
11.058,-5.222,1.777,-9.966
11.078,-5.187,1.779,-9.962
11.097,-5.131,1.781,-9.956
11.118,-5.093,1.783,-9.952
11.138,-5.032,1.786,-9.946
11.157,-4.990,1.788,-9.942
11.178,-4.926,1.791,-9.935
11.198,-4.881,1.793,-9.931
11.218,-4.812,1.796,-9.925
11.237,-4.765,1.798,-9.921
11.258,-4.693,1.801,-9.916
11.278,-4.644,1.803,-9.912
11.298,-4.568,1.806,-9.907
11.318,-4.517,1.808,-9.903
11.338,-4.440,1.811,-9.899
11.357,-4.387,1.812,-9.896
11.378,-4.308,1.815,-9.892
11.398,-4.254,1.817,-9.889
11.418,-4.173,1.820,-9.886
11.438,-4.119,1.822,-9.884
11.458,-4.037,1.825,-9.881
11.478,-3.981,1.827,-9.880
11.498,-3.898,1.829,-9.878
11.518,-3.843,1.831,-9.877
11.538,-3.759,1.834,-9.875
11.558,-3.704,1.835,-9.874
11.578,-3.620,1.838,-9.874
11.598,-3.564,1.839,-9.873
11.618,-3.480,1.842,-9.873
11.638,-3.424,1.843,-9.873
11.660,-3.341,1.845,-9.873
11.678,-3.285,1.847,-9.874
11.697,-3.202,1.849,-9.875
11.718,-3.147,1.850,-9.875
11.738,-3.064,1.852,-9.876
11.757,-3.009,1.853,-9.877
11.778,-2.927,1.855,-9.879
11.798,-2.872,1.856,-9.880
11.818,-2.791,1.858,-9.882
11.838,-2.736,1.859,-9.883
11.858,-2.655,1.860,-9.885
11.878,-2.601,1.861,-9.887
11.897,-2.521,1.863,-9.889
11.918,-2.467,1.864,-9.891
11.938,-2.387,1.865,-9.893
11.958,-2.334,1.866,-9.895
11.978,-2.255,1.868,-9.897
11.998,-2.202,1.869,-9.899
12.018,-2.124,1.870,-9.901
12.038,-2.071,1.871,-9.903
12.058,-1.993,1.873,-9.906
12.077,-1.941,1.874,-9.907
12.098,-1.864,1.876,-9.910
12.118,-1.812,1.877,-9.912
12.138,-1.734,1.879,-9.914
12.158,-1.683,1.880,-9.916
12.178,-1.606,1.882,-9.919
12.199,-1.555,1.883,-9.921
12.218,-1.478,1.885,-9.923
12.238,-1.427,1.886,-9.925
12.258,-1.351,1.888,-9.928
12.277,-1.300,1.889,-9.929
12.298,-1.223,1.891,-9.932
12.318,-1.173,1.893,-9.933
12.338,-1.096,1.895,-9.935
12.358,-1.046,1.896,-9.937
12.378,-0.969,1.898,-9.939
12.398,-0.918,1.899,-9.940
12.418,-0.842,1.901,-9.942
12.438,-0.791,1.902,-9.944
12.459,-0.715,1.904,-9.945
12.478,-0.664,1.905,-9.947
12.498,-0.587,1.907,-9.948
12.518,-0.537,1.908,-9.949
12.538,-0.460,1.910,-9.951
12.558,-0.409,1.911,-9.952
12.579,-0.333,1.913,-9.953
12.598,-0.281,1.914,-9.954
12.618,-0.205,1.916,-9.955
12.638,-0.153,1.917,-9.956
12.658,-0.076,1.918,-9.957
12.677,-0.025,1.919,-9.958
12.699,0.052,1.921,-9.959
12.718,0.104,1.922,-9.960
12.738,0.181,1.923,-9.961
12.758,0.233,1.924,-9.962
12.778,0.310,1.926,-9.963
12.798,0.362,1.927,-9.963
12.818,0.440,1.929,-9.964
12.838,0.493,1.930,-9.965
12.858,0.571,1.931,-9.966
12.878,0.623,1.932,-9.966
12.898,0.702,1.934,-9.967
12.918,0.755,1.935,-9.967
12.938,0.834,1.937,-9.968
12.957,0.887,1.938,-9.968
12.978,0.967,1.939,-9.968
12.998,1.020,1.940,-9.969
13.018,1.100,1.942,-9.969
13.038,1.153,1.943,-9.969
13.058,1.234,1.944,-9.969
13.078,1.287,1.945,-9.969
13.098,1.368,1.947,-9.969
13.118,1.422,1.948,-9.969
13.138,1.503,1.949,-9.969
13.158,1.557,1.950,-9.969
13.180,1.638,1.952,-9.969
13.198,1.692,1.953,-9.969
13.217,1.774,1.954,-9.969
13.238,1.828,1.955,-9.969
13.258,1.910,1.956,-9.969
13.278,1.965,1.957,-9.969
13.298,2.047,1.959,-9.969
13.318,2.102,1.959,-9.969
13.338,2.185,1.961,-9.969
13.358,2.240,1.961,-9.969
13.378,2.323,1.962,-9.968
13.398,2.378,1.963,-9.968
13.418,2.462,1.964,-9.968
13.438,2.517,1.965,-9.968
13.458,2.601,1.966,-9.968
13.478,2.657,1.966,-9.967
13.498,2.741,1.967,-9.967
13.518,2.797,1.968,-9.967
13.537,2.882,1.969,-9.967
13.558,2.938,1.969,-9.966
13.578,3.023,1.970,-9.966
13.597,3.079,1.970,-9.966
13.618,3.164,1.971,-9.965
13.638,3.221,1.971,-9.965
13.658,3.306,1.972,-9.964
13.678,3.363,1.972,-9.964
13.698,3.449,1.973,-9.964
13.720,3.506,1.973,-9.963
13.738,3.592,1.973,-9.963
13.758,3.649,1.974,-9.963
13.778,3.735,1.974,-9.962
13.798,3.793,1.975,-9.962
13.819,3.879,1.975,-9.962
13.838,3.936,1.976,-9.961
13.857,4.023,1.976,-9.961
13.878,4.080,1.977,-9.961
13.898,4.167,1.977,-9.961
13.918,4.224,1.978,-9.960
13.937,4.311,1.978,-9.960
13.958,4.369,1.979,-9.960
13.979,4.455,1.980,-9.960
13.998,4.513,1.980,-9.959
14.018,4.600,1.981,-9.959
14.038,4.657,1.981,-9.959
14.058,4.744,1.982,-9.959
14.078,4.802,1.982,-9.959
14.098,4.888,1.983,-9.959
14.118,4.946,1.983,-9.959
14.138,5.032,1.984,-9.959
14.158,5.090,1.984,-9.959
14.178,5.177,1.985,-9.960
14.198,5.234,1.985,-9.960
14.218,5.321,1.986,-9.960
14.238,5.379,1.986,-9.960
14.258,5.466,1.987,-9.961
14.278,5.524,1.987,-9.961
14.298,5.611,1.987,-9.962
14.318,5.669,1.988,-9.962
14.337,5.755,1.988,-9.962
14.359,5.813,1.989,-9.963
14.378,5.900,1.989,-9.963
14.398,5.958,1.990,-9.963
14.418,6.045,1.990,-9.964
14.437,6.103,1.991,-9.964
14.458,6.190,1.991,-9.964
14.478,6.248,1.991,-9.964
14.500,6.335,1.991,-9.964
14.517,6.393,1.992,-9.964
14.538,6.480,1.992,-9.964
14.559,6.538,1.992,-9.965
14.578,6.625,1.992,-9.965
14.598,6.683,1.992,-9.965
14.618,6.770,1.992,-9.965
14.638,6.828,1.992,-9.965
14.658,6.916,1.991,-9.965
14.678,6.974,1.991,-9.965
14.698,7.061,1.991,-9.965
14.718,7.119,1.990,-9.965
14.738,7.206,1.990,-9.966
14.758,7.265,1.989,-9.966
14.778,7.352,1.989,-9.966
14.798,7.410,1.988,-9.967
14.818,7.498,1.987,-9.967
14.838,7.556,1.987,-9.967
14.858,7.644,1.986,-9.968
14.878,7.702,1.985,-9.968
14.898,7.790,1.984,-9.969
14.918,7.848,1.983,-9.969
14.938,7.936,1.982,-9.969
14.958,7.995,1.982,-9.970
14.978,8.082,1.981,-9.970
14.997,8.141,1.980,-9.970
15.019,8.229,1.979,-9.971
15.038,8.288,1.979,-9.971
15.058,8.376,1.978,-9.971
15.077,8.435,1.978,-9.972
15.098,8.523,1.977,-9.972
15.117,8.582,1.977,-9.972
15.138,8.670,1.976,-9.972
15.158,8.729,1.976,-9.973
15.178,8.818,1.975,-9.973
15.198,8.877,1.975,-9.973
15.218,8.966,1.974,-9.974
15.238,9.025,1.974,-9.974
15.257,9.114,1.973,-9.974
15.278,9.173,1.973,-9.974
15.298,9.262,1.972,-9.974
15.317,9.322,1.971,-9.974
15.338,9.411,1.971,-9.975
15.360,9.500,1.970,-9.975
15.378,9.559,1.969,-9.975
15.398,9.619,1.969,-9.975
15.418,9.708,1.968,-9.975
15.438,9.768,1.967,-9.975
15.458,9.857,1.967,-9.975
15.478,9.917,1.966,-9.975
15.498,10.006,1.965,-9.975
15.518,10.065,1.965,-9.975
15.538,10.155,1.964,-9.975
15.558,10.215,1.964,-9.975
15.578,10.304,1.964,-9.975
15.598,10.364,1.963,-9.975
15.618,10.453,1.963,-9.975
15.638,10.513,1.963,-9.975
15.658,10.602,1.962,-9.974
15.678,10.662,1.962,-9.974
15.698,10.752,1.962,-9.974
15.718,10.811,1.962,-9.973
15.738,10.901,1.962,-9.973
15.758,10.961,1.961,-9.973
15.778,11.050,1.961,-9.973
15.798,11.110,1.961,-9.973
15.818,11.199,1.961,-9.972
15.838,11.259,1.961,-9.972
15.858,11.348,1.961,-9.972
15.878,11.408,1.961,-9.972
15.898,11.497,1.960,-9.972
15.918,11.557,1.960,-9.972
15.938,11.646,1.960,-9.971
15.958,11.706,1.960,-9.971
15.978,11.795,1.960,-9.971
15.998,11.855,1.959,-9.971
16.018,11.944,1.959,-9.972
16.038,12.003,1.959,-9.972
16.058,12.093,1.959,-9.972
16.078,12.152,1.959,-9.972
16.098,12.241,1.959,-9.972
16.117,12.300,1.958,-9.972
16.138,12.389,1.958,-9.972
16.158,12.449,1.958,-9.972
16.177,12.538,1.958,-9.972
16.198,12.597,1.958,-9.972
16.218,12.686,1.957,-9.972
16.237,12.746,1.957,-9.972
16.258,12.835,1.957,-9.972
16.278,12.894,1.956,-9.972
16.298,12.983,1.956,-9.973
16.318,13.042,1.955,-9.973
16.338,13.131,1.955,-9.973
16.358,13.190,1.954,-9.973
16.377,13.279,1.954,-9.974
16.398,13.338,1.954,-9.974
16.421,13.427,1.953,-9.974
16.437,13.486,1.953,-9.975
16.458,13.575,1.952,-9.975
16.478,13.634,1.952,-9.975
16.498,13.723,1.951,-9.976
16.517,13.782,1.951,-9.976
16.538,13.871,1.950,-9.977
16.558,13.930,1.950,-9.977
16.578,14.019,1.949,-9.977
16.598,14.079,1.949,-9.978
16.619,14.168,1.949,-9.978
16.638,14.227,1.948,-9.979
16.657,14.316,1.948,-9.979
16.678,14.376,1.948,-9.979
16.697,14.465,1.948,-9.980
16.718,14.524,1.947,-9.980
16.738,14.613,1.947,-9.981
16.758,14.673,1.947,-9.981
16.777,14.762,1.947,-9.981
16.798,14.822,1.947,-9.982
16.818,14.911,1.947,-9.982
16.837,14.971,1.947,-9.982
16.857,15.060,1.947,-9.983
16.878,15.120,1.947,-9.983
16.897,15.209,1.946,-9.983
16.918,15.268,1.946,-9.984
16.938,15.358,1.946,-9.984
16.958,15.417,1.946,-9.984
16.977,15.507,1.946,-9.985
16.998,15.566,1.946,-9.985
17.018,15.655,1.946,-9.985
17.038,15.715,1.946,-9.986
17.058,15.804,1.945,-9.986
17.078,15.864,1.945,-9.986
17.097,15.953,1.945,-9.987
17.118,16.013,1.945,-9.987
17.139,16.102,1.945,-9.987
17.157,16.162,1.944,-9.987
17.178,16.251,1.944,-9.988
17.198,16.311,1.944,-9.988
17.218,16.401,1.943,-9.988
17.237,16.460,1.943,-9.988
17.258,16.550,1.943,-9.988
17.278,16.610,1.942,-9.989
17.297,16.699,1.942,-9.989
17.318,16.759,1.942,-9.989
17.338,16.849,1.941,-9.989
17.358,16.909,1.941,-9.989
17.378,16.999,1.940,-9.989
17.398,17.058,1.940,-9.989
17.418,17.148,1.940,-9.989
17.438,17.208,1.940,-9.989
17.459,17.298,1.939,-9.990
17.478,17.357,1.939,-9.990
17.497,17.447,1.939,-9.990
17.518,17.507,1.939,-9.990
17.538,17.596,1.938,-9.990
17.558,17.656,1.938,-9.990
17.578,17.746,1.938,-9.991
17.598,17.805,1.938,-9.991
17.618,17.895,1.937,-9.991
17.638,17.954,1.937,-9.991
17.659,18.044,1.937,-9.991
17.677,18.103,1.937,-9.991
17.697,18.193,1.936,-9.991
17.718,18.252,1.936,-9.991
17.738,18.342,1.936,-9.992
17.758,18.401,1.935,-9.992
17.780,18.490,1.935,-9.992
17.798,18.550,1.935,-9.992
17.817,18.639,1.935,-9.992
17.838,18.699,1.934,-9.992
17.859,18.788,1.934,-9.993
17.878,18.848,1.934,-9.993
17.898,18.937,1.934,-9.993
17.918,18.997,1.933,-9.993
17.938,19.086,1.933,-9.993
17.958,19.146,1.933,-9.993
17.978,19.235,1.933,-9.993
17.998,19.295,1.933,-9.993
18.017,19.385,1.932,-9.993
18.038,19.445,1.932,-9.993
18.058,19.534,1.932,-9.993
18.078,19.594,1.932,-9.994
18.098,19.684,1.932,-9.994
18.118,19.743,1.931,-9.994
18.138,19.833,1.931,-9.994
18.157,19.893,1.931,-9.994
18.180,19.983,1.931,-9.994
18.199,20.042,1.931,-9.994
18.218,20.132,1.930,-9.994
18.238,20.192,1.930,-9.994
18.258,20.281,1.930,-9.994
18.278,20.341,1.929,-9.994
18.298,20.431,1.929,-9.994
18.318,20.490,1.929,-9.994
18.338,20.580,1.928,-9.994
18.358,20.640,1.928,-9.994
18.377,20.729,1.927,-9.994
18.398,20.789,1.927,-9.994
18.418,20.878,1.927,-9.994
18.438,20.938,1.926,-9.994
18.458,21.028,1.926,-9.994
18.477,21.087,1.926,-9.994
18.498,21.177,1.925,-9.994
18.518,21.236,1.925,-9.994
18.538,21.325,1.924,-9.994
18.557,21.385,1.924,-9.994
18.578,21.474,1.923,-9.994
18.598,21.533,1.923,-9.994
18.617,21.623,1.922,-9.994
18.638,21.682,1.922,-9.993
18.658,21.771,1.921,-9.993
18.678,21.830,1.921,-9.993
18.698,21.920,1.920,-9.993
18.718,21.979,1.920,-9.993
18.738,22.068,1.919,-9.993
18.758,22.127,1.919,-9.993
18.778,22.216,1.918,-9.994
18.798,22.276,1.918,-9.994
18.818,22.365,1.917,-9.994
18.838,22.424,1.917,-9.994
18.858,22.513,1.916,-9.994
18.877,22.572,1.916,-9.994
18.898,22.661,1.915,-9.994
18.918,22.720,1.915,-9.994
18.938,22.809,1.914,-9.995
18.958,22.868,1.914,-9.995
18.980,22.957,1.913,-9.995
18.998,23.016,1.913,-9.995
19.018,23.104,1.912,-9.995
19.038,23.163,1.912,-9.995
19.058,23.252,1.912,-9.995
19.078,23.311,1.911,-9.995
19.098,23.400,1.911,-9.995
19.118,23.459,1.911,-9.995
19.138,23.547,1.910,-9.995
19.158,23.607,1.910,-9.995
19.178,23.695,1.910,-9.995
19.198,23.754,1.910,-9.995
19.218,23.843,1.909,-9.995
19.238,23.902,1.909,-9.995
19.258,23.991,1.909,-9.995
19.277,24.050,1.909,-9.995
19.298,24.139,1.908,-9.995
19.318,24.198,1.908,-9.995
19.338,24.286,1.908,-9.995
19.358,24.345,1.908,-9.995
19.379,24.434,1.907,-9.995
19.398,24.493,1.907,-9.995
19.418,24.582,1.907,-9.995
19.438,24.641,1.907,-9.995
19.458,24.729,1.906,-9.994
19.478,24.788,1.906,-9.994
19.498,24.877,1.906,-9.994
19.518,24.935,1.905,-9.994
19.537,25.024,1.905,-9.994
19.558,25.083,1.905,-9.994
19.579,25.171,1.905,-9.993
19.597,25.230,1.904,-9.993
19.618,25.318,1.904,-9.993
19.638,25.377,1.904,-9.993
19.658,25.465,1.903,-9.993
19.677,25.524,1.903,-9.993
19.698,25.612,1.903,-9.993
19.719,25.671,1.903,-9.993
19.738,25.759,1.902,-9.993
19.758,25.818,1.902,-9.993
19.778,25.906,1.902,-9.993
19.798,25.965,1.902,-9.993
19.818,26.053,1.901,-9.993
19.838,26.112,1.901,-9.993
19.858,26.200,1.901,-9.993
19.877,26.259,1.901,-9.993
19.898,26.347,1.901,-9.994
19.917,26.406,1.900,-9.994
19.937,26.493,1.900,-9.994
19.958,26.552,1.900,-9.994
19.978,26.640,1.900,-9.994
19.998,26.698,1.900,-9.995
20.018,26.786,1.899,-9.995
20.038,26.845,1.899,-9.995
20.058,26.932,1.899,-9.996
20.077,26.991,1.899,-9.996
20.098,27.079,1.899,-9.997
20.118,27.137,1.899,-9.997
20.137,27.225,1.900,-9.998
20.158,27.283,1.900,-9.998
20.178,27.371,1.900,-9.999
20.197,27.430,1.900,-9.999
20.218,27.517,1.900,-10.000
20.238,27.576,1.900,-10.000
20.258,27.664,1.900,-10.001
20.278,27.723,1.900,-10.001
20.299,27.810,1.900,-10.002
20.318,27.869,1.900,-10.002
20.337,27.957,1.900,-10.003
20.358,28.015,1.900,-10.003
20.378,28.103,1.900,-10.004
20.398,28.162,1.899,-10.004
20.418,28.250,1.899,-10.004
20.438,28.308,1.899,-10.004
20.458,28.396,1.899,-10.005
20.478,28.455,1.899,-10.005
20.498,28.543,1.899,-10.005
20.518,28.602,1.899,-10.005
20.538,28.690,1.898,-10.006
20.560,28.749,1.898,-10.006
20.578,28.837,1.898,-10.006
20.598,28.896,1.898,-10.006
20.618,28.984,1.898,-10.007
20.638,29.043,1.898,-10.007
20.657,29.131,1.898,-10.007
20.678,29.189,1.898,-10.007
20.699,29.278,1.898,-10.008
20.718,29.336,1.898,-10.008
20.738,29.425,1.898,-10.008
20.759,29.484,1.897,-10.008
20.778,29.572,1.897,-10.009
20.798,29.631,1.897,-10.009
20.818,29.719,1.897,-10.009
20.838,29.778,1.896,-10.009
20.858,29.866,1.896,-10.010
20.877,29.925,1.896,-10.010
20.898,30.013,1.895,-10.010
20.917,30.072,1.895,-10.010
20.938,30.161,1.894,-10.010
20.958,30.219,1.894,-10.011
20.978,30.308,1.893,-10.011
20.998,30.367,1.893,-10.011
21.018,30.455,1.892,-10.011
21.039,30.514,1.892,-10.011
21.058,30.602,1.892,-10.011
21.079,30.661,1.891,-10.011
21.098,30.750,1.891,-10.011
21.118,30.809,1.890,-10.011
21.137,30.897,1.890,-10.011
21.158,30.956,1.889,-10.011
21.178,31.045,1.889,-10.011
21.197,31.104,1.888,-10.011
21.218,31.192,1.888,-10.012
21.238,31.251,1.887,-10.012
21.257,31.340,1.887,-10.012
21.279,31.399,1.887,-10.012
21.298,31.487,1.886,-10.012
21.318,31.546,1.885,-10.012
21.338,31.635,1.885,-10.012
21.358,31.694,1.884,-10.012
21.378,31.782,1.884,-10.012
21.397,31.841,1.884,-10.012
21.418,31.930,1.883,-10.013
21.438,31.989,1.883,-10.013
21.458,32.077,1.882,-10.013
21.478,32.136,1.882,-10.013
21.498,32.224,1.881,-10.014
21.518,32.283,1.881,-10.014
21.537,32.371,1.881,-10.014
21.558,32.430,1.880,-10.015
21.578,32.518,1.880,-10.015
21.598,32.577,1.880,-10.015
21.619,32.665,1.879,-10.015
21.638,32.724,1.879,-10.016
21.657,32.812,1.879,-10.016
21.678,32.870,1.878,-10.016
21.698,32.958,1.878,-10.016
21.718,33.017,1.878,-10.016
21.738,33.104,1.878,-10.017
21.758,33.162,1.878,-10.017
21.777,33.249,1.877,-10.017
21.798,33.307,1.877,-10.017
21.818,33.394,1.877,-10.017
21.838,33.451,1.877,-10.017
21.857,33.537,1.877,-10.017
21.878,33.594,1.877,-10.018
21.898,33.679,1.877,-10.018
21.917,33.735,1.877,-10.018
21.938,33.819,1.877,-10.018
21.958,33.874,1.877,-10.018
21.978,33.957,1.877,-10.019
21.998,34.011,1.878,-10.019
22.018,34.092,1.878,-10.019
22.038,34.145,1.878,-10.020
22.057,34.224,1.878,-10.020
22.079,34.276,1.878,-10.020
22.098,34.354,1.878,-10.021
22.117,34.404,1.878,-10.021
22.138,34.479,1.878,-10.022
22.158,34.529,1.878,-10.022
22.178,34.602,1.878,-10.023
22.198,34.649,1.878,-10.023
22.218,34.720,1.878,-10.024
22.238,34.766,1.878,-10.024
22.258,34.834,1.878,-10.025
22.278,34.878,1.878,-10.025
22.298,34.943,1.878,-10.025
22.317,34.986,1.877,-10.025
22.338,35.048,1.877,-10.026
22.358,35.089,1.877,-10.026
22.378,35.148,1.877,-10.028
22.398,35.187,1.877,-10.029
22.418,35.243,1.876,-10.031
22.438,35.279,1.876,-10.033
22.458,35.331,1.876,-10.035
22.478,35.365,1.876,-10.037
22.498,35.413,1.877,-10.039
22.517,35.444,1.878,-10.040
22.538,35.487,1.880,-10.042
22.558,35.515,1.881,-10.042
22.578,35.554,1.885,-10.042
22.599,35.578,1.888,-10.042
22.618,35.612,1.893,-10.041
22.638,35.633,1.898,-10.040
22.658,35.662,1.907,-10.037
22.678,35.680,1.914,-10.035
22.698,35.705,1.927,-10.031
22.718,35.719,1.937,-10.028
22.738,35.739,1.955,-10.022
22.758,35.751,1.968,-10.018
22.777,35.766,1.990,-10.011
22.798,35.776,2.007,-10.006
22.819,35.788,2.035,-9.997
22.837,35.794,2.056,-9.991
22.858,35.803,2.089,-9.982
22.878,35.808,2.114,-9.975
22.898,35.815,2.154,-9.964
22.918,35.818,2.182,-9.957
22.938,35.823,2.228,-9.946
22.958,35.825,2.260,-9.939
22.977,35.829,2.311,-9.927
22.998,35.830,2.347,-9.920
23.018,35.833,2.403,-9.909
23.038,35.834,2.443,-9.901
23.058,35.836,2.504,-9.890
23.078,35.837,2.547,-9.883
23.098,35.839,2.613,-9.873
23.118,35.841,2.658,-9.866
23.138,35.843,2.728,-9.856
23.158,35.845,2.776,-9.850
23.178,35.847,2.850,-9.842
23.198,35.849,2.899,-9.837
23.218,35.852,2.976,-9.830
23.238,35.854,3.027,-9.826
23.258,35.858,3.105,-9.821
23.280,35.860,3.158,-9.819
23.298,35.865,3.238,-9.817
23.318,35.867,3.291,-9.816
23.339,35.872,3.372,-9.816
23.358,35.875,3.426,-9.818
23.377,35.881,3.507,-9.821
23.398,35.884,3.561,-9.824
23.418,35.890,3.642,-9.829
23.437,35.894,3.695,-9.833
23.458,35.900,3.775,-9.840
23.478,35.904,3.828,-9.845
23.498,35.910,3.906,-9.854
23.518,35.914,3.958,-9.859
23.538,35.920,4.034,-9.868
23.558,35.925,4.085,-9.874
23.577,35.931,4.159,-9.883
23.598,35.935,4.208,-9.889
23.618,35.942,4.280,-9.899
23.637,35.946,4.326,-9.905
23.658,35.953,4.395,-9.914
23.678,35.957,4.440,-9.921
23.698,35.964,4.506,-9.930
23.719,35.968,4.549,-9.937
23.738,35.975,4.612,-9.946
23.757,35.979,4.653,-9.953
23.778,35.985,4.712,-9.962
23.798,35.989,4.751,-9.969
23.818,35.994,4.807,-9.978
23.838,35.998,4.843,-9.985
23.858,36.003,4.895,-9.994
23.878,36.005,4.928,-10.001
23.898,36.008,4.977,-10.010
23.918,36.009,5.008,-10.016
23.938,36.009,5.052,-10.025
23.958,36.009,5.081,-10.030
23.978,36.006,5.122,-10.038
23.998,36.003,5.148,-10.042
24.018,35.996,5.186,-10.048
24.038,35.990,5.211,-10.052
24.058,35.979,5.245,-10.055
24.078,35.970,5.267,-10.057
24.097,35.954,5.299,-10.059
24.118,35.942,5.319,-10.060
24.138,35.922,5.347,-10.060
24.158,35.906,5.365,-10.059
24.178,35.880,5.391,-10.058
24.198,35.861,5.407,-10.056
24.218,35.830,5.429,-10.052
24.238,35.807,5.444,-10.049
24.258,35.771,5.463,-10.043
24.278,35.745,5.476,-10.039
24.298,35.704,5.492,-10.033
24.318,35.675,5.503,-10.028
24.338,35.628,5.516,-10.020
24.358,35.595,5.525,-10.015
24.380,35.543,5.536,-10.007
24.398,35.507,5.542,-10.002
24.418,35.449,5.550,-9.995
24.437,35.409,5.554,-9.990
24.458,35.346,5.559,-9.984
24.478,35.303,5.562,-9.981
24.498,35.235,5.564,-9.977
24.518,35.189,5.565,-9.974
24.538,35.117,5.566,-9.972
24.557,35.068,5.566,-9.970
24.578,34.993,5.564,-9.968
24.598,34.942,5.563,-9.968
24.617,34.863,5.560,-9.967
24.637,34.810,5.558,-9.967
24.658,34.729,5.555,-9.967
24.678,34.674,5.552,-9.968
24.698,34.591,5.549,-9.969
24.718,34.536,5.546,-9.970
24.738,34.451,5.542,-9.972
24.758,34.394,5.540,-9.973
24.778,34.308,5.536,-9.975
24.798,34.251,5.533,-9.977
24.817,34.164,5.530,-9.979
24.838,34.106,5.528,-9.981
24.858,34.019,5.526,-9.984
24.878,33.960,5.524,-9.987
24.898,33.873,5.522,-9.990
24.919,33.814,5.521,-9.993
24.938,33.726,5.520,-9.996
24.958,33.667,5.520,-9.999
24.978,33.579,5.520,-10.003
24.999,33.521,5.520,-10.005
25.018,33.433,5.520,-10.009
25.038,33.374,5.521,-10.012
25.058,33.286,5.523,-10.016
25.078,33.228,5.524,-10.018
25.098,33.140,5.526,-10.022
25.118,33.082,5.528,-10.025
25.138,32.995,5.531,-10.028
25.157,32.937,5.533,-10.031
25.178,32.850,5.536,-10.034
25.198,32.792,5.539,-10.037
25.218,32.705,5.543,-10.040
25.239,32.648,5.546,-10.042
25.258,32.561,5.551,-10.045
25.278,32.504,5.554,-10.047
25.298,32.418,5.559,-10.050
25.318,32.361,5.562,-10.052
25.338,32.275,5.567,-10.055
25.357,32.218,5.571,-10.056
25.379,32.133,5.576,-10.059
25.398,32.076,5.580,-10.060
25.418,31.991,5.585,-10.062
25.438,31.934,5.589,-10.063
25.458,31.849,5.595,-10.065
25.478,31.793,5.598,-10.066
25.498,31.708,5.604,-10.068
25.518,31.652,5.608,-10.069
25.538,31.568,5.613,-10.070
25.558,31.511,5.617,-10.070
25.579,31.427,5.623,-10.071
25.598,31.371,5.626,-10.072
25.617,31.287,5.632,-10.073
25.638,31.230,5.635,-10.073
25.658,31.146,5.640,-10.074
25.678,31.090,5.644,-10.074
25.698,31.006,5.649,-10.075
25.718,30.950,5.652,-10.075
25.738,30.866,5.657,-10.075
25.758,30.810,5.661,-10.075
25.778,30.726,5.665,-10.076
25.798,30.670,5.669,-10.076
25.817,30.586,5.673,-10.076
25.839,30.529,5.676,-10.076
25.858,30.445,5.680,-10.076
25.878,30.389,5.683,-10.076
25.898,30.304,5.686,-10.076
25.918,30.248,5.689,-10.076
25.938,30.164,5.693,-10.076
25.958,30.107,5.695,-10.076
25.978,30.023,5.698,-10.076
25.998,29.966,5.700,-10.076
26.017,29.882,5.704,-10.076
26.038,29.825,5.706,-10.076
26.058,29.740,5.709,-10.076
26.077,29.683,5.711,-10.076
26.098,29.598,5.713,-10.076
26.118,29.541,5.715,-10.076
26.137,29.456,5.718,-10.076
26.158,29.399,5.720,-10.076
26.179,29.313,5.722,-10.075
26.197,29.256,5.724,-10.075
26.217,29.170,5.726,-10.075
26.238,29.112,5.728,-10.075
26.258,29.026,5.731,-10.074
26.278,28.969,5.732,-10.074
26.298,28.882,5.735,-10.074
26.318,28.825,5.736,-10.074
26.338,28.738,5.739,-10.073
26.358,28.680,5.741,-10.073
26.378,28.593,5.743,-10.072
26.398,28.535,5.745,-10.072
26.417,28.447,5.747,-10.072
26.438,28.389,5.749,-10.071
26.458,28.301,5.751,-10.071
26.478,28.243,5.753,-10.070
26.498,28.155,5.755,-10.070
26.518,28.096,5.757,-10.069
26.538,28.008,5.760,-10.069
26.558,27.949,5.762,-10.068
26.578,27.861,5.764,-10.068
26.598,27.802,5.766,-10.067
26.617,27.713,5.769,-10.067
26.638,27.654,5.771,-10.066
26.658,27.565,5.773,-10.066
26.678,27.506,5.775,-10.065
26.698,27.416,5.778,-10.064
26.718,27.357,5.780,-10.064
26.737,27.268,5.783,-10.063
26.757,27.208,5.785,-10.062
26.778,27.119,5.788,-10.061
26.797,27.059,5.790,-10.060
26.818,26.969,5.794,-10.059
26.838,26.909,5.796,-10.059
26.858,26.820,5.799,-10.057
26.877,26.760,5.801,-10.057
26.898,26.670,5.805,-10.056
26.918,26.610,5.807,-10.055
26.938,26.520,5.810,-10.054
26.958,26.460,5.813,-10.053
26.978,26.371,5.816,-10.052
26.998,26.311,5.818,-10.051
27.018,26.221,5.822,-10.050
27.038,26.161,5.824,-10.049
27.058,26.071,5.827,-10.048
27.078,26.011,5.830,-10.047
27.098,25.921,5.833,-10.046
27.118,25.860,5.835,-10.045
27.137,25.770,5.839,-10.044
27.158,25.710,5.841,-10.044
27.178,25.620,5.844,-10.043
27.198,25.559,5.847,-10.042
27.218,25.469,5.850,-10.041
27.238,25.409,5.852,-10.040
27.257,25.318,5.856,-10.039
27.278,25.258,5.858,-10.039
27.298,25.167,5.862,-10.038
27.318,25.107,5.864,-10.037
27.337,25.016,5.867,-10.037
27.358,24.956,5.869,-10.036
27.377,24.865,5.872,-10.035
27.398,24.805,5.874,-10.034
27.418,24.714,5.877,-10.034
27.438,24.653,5.879,-10.033
27.457,24.562,5.881,-10.032
27.477,24.502,5.883,-10.031
27.498,24.411,5.885,-10.031
27.518,24.350,5.887,-10.030
27.537,24.259,5.889,-10.029
27.558,24.198,5.891,-10.029
27.578,24.107,5.893,-10.028
27.598,24.046,5.894,-10.027
27.618,23.955,5.896,-10.027
27.638,23.894,5.897,-10.026
27.658,23.803,5.899,-10.026
27.679,23.742,5.900,-10.025
27.698,23.650,5.902,-10.025
27.718,23.589,5.903,-10.025
27.737,23.498,5.905,-10.024
27.758,23.437,5.906,-10.024
27.778,23.346,5.908,-10.023
27.798,23.285,5.909,-10.023
27.819,23.193,5.910,-10.022
27.838,23.132,5.911,-10.022
27.858,23.041,5.913,-10.022
27.878,22.980,5.914,-10.021
27.898,22.889,5.915,-10.021
27.918,22.828,5.916,-10.021
27.938,22.736,5.917,-10.020
27.958,22.675,5.918,-10.020
27.978,22.584,5.919,-10.019
27.998,22.523,5.920,-10.019
28.018,22.432,5.921,-10.018
28.038,22.371,5.922,-10.018
28.057,22.279,5.923,-10.017
28.078,22.218,5.923,-10.017
28.098,22.127,5.924,-10.017
28.118,22.066,5.925,-10.016
28.138,21.974,5.926,-10.016
28.160,21.913,5.926,-10.015
28.178,21.822,5.927,-10.015
28.198,21.761,5.927,-10.014
28.218,21.669,5.928,-10.014
28.238,21.608,5.928,-10.014
28.258,21.517,5.928,-10.013
28.278,21.456,5.929,-10.013
28.298,21.364,5.929,-10.012
28.318,21.303,5.929,-10.012
28.338,21.212,5.929,-10.011
28.358,21.151,5.929,-10.011
28.378,21.060,5.929,-10.011
28.398,20.999,5.928,-10.010
28.419,20.907,5.928,-10.010
28.438,20.846,5.928,-10.010
28.457,20.755,5.928,-10.009
28.478,20.694,5.928,-10.009
28.498,20.602,5.928,-10.009
28.517,20.542,5.927,-10.009
28.538,20.450,5.927,-10.008
28.560,20.389,5.927,-10.008
28.578,20.297,5.926,-10.008
28.597,20.236,5.926,-10.008
28.618,20.145,5.925,-10.007
28.638,20.084,5.925,-10.007
28.658,19.992,5.924,-10.007
28.678,19.931,5.923,-10.007
28.698,19.839,5.922,-10.006
28.717,19.778,5.922,-10.006
28.738,19.686,5.920,-10.006
28.758,19.625,5.920,-10.006
28.778,19.533,5.919,-10.006
28.797,19.472,5.918,-10.005
28.818,19.380,5.917,-10.005
28.838,19.319,5.916,-10.005
28.857,19.227,5.915,-10.005
28.878,19.166,5.914,-10.005
28.898,19.073,5.913,-10.005
28.917,19.012,5.912,-10.005
28.938,18.920,5.911,-10.005
28.958,18.859,5.910,-10.005
28.978,18.767,5.909,-10.005
28.998,18.705,5.908,-10.005
29.018,18.613,5.907,-10.005
29.037,18.552,5.906,-10.005
29.057,18.460,5.905,-10.005
29.078,18.399,5.904,-10.004
29.098,18.307,5.903,-10.004
29.118,18.245,5.902,-10.004
29.138,18.153,5.901,-10.004
29.158,18.092,5.900,-10.004
29.177,18.000,5.899,-10.004
29.197,17.939,5.898,-10.004
29.218,17.847,5.897,-10.005
29.238,17.785,5.897,-10.005
29.258,17.693,5.896,-10.005
29.278,17.632,5.895,-10.005
29.298,17.540,5.894,-10.005
29.317,17.479,5.893,-10.005
29.338,17.387,5.892,-10.005
29.358,17.326,5.891,-10.005
29.378,17.234,5.891,-10.006
29.398,17.172,5.890,-10.006
29.418,17.080,5.889,-10.006
29.437,17.019,5.888,-10.006
29.458,16.927,5.888,-10.006
29.478,16.866,5.887,-10.006
29.498,16.774,5.886,-10.006
29.517,16.713,5.886,-10.006
29.539,16.621,5.885,-10.006
29.558,16.560,5.885,-10.006
29.577,16.468,5.884,-10.005
29.598,16.406,5.883,-10.005
29.619,16.314,5.883,-10.005
29.638,16.253,5.882,-10.005
29.659,16.161,5.881,-10.005
29.678,16.100,5.881,-10.005
29.698,16.008,5.880,-10.004
29.718,15.946,5.879,-10.004
29.738,15.854,5.879,-10.004
29.758,15.793,5.878,-10.003
29.777,15.701,5.877,-10.003
29.798,15.640,5.876,-10.003
29.818,15.548,5.876,-10.002
29.837,15.486,5.875,-10.002
29.858,15.395,5.874,-10.001
29.878,15.333,5.873,-10.001
29.898,15.242,5.872,-10.001
29.918,15.180,5.871,-10.000
29.938,15.089,5.870,-10.000
29.958,15.027,5.870,-10.000
29.978,14.936,5.868,-9.999
29.998,14.874,5.868,-9.999
30.018,14.783,5.867,-9.999
30.038,14.721,5.866,-9.998
30.058,14.630,5.865,-9.998
30.078,14.569,5.864,-9.998
30.098,14.477,5.863,-9.998
30.117,14.416,5.862,-9.998
30.139,14.324,5.861,-9.997
30.158,14.263,5.860,-9.997
30.179,14.171,5.859,-9.997
30.199,14.110,5.858,-9.997
30.218,14.018,5.857,-9.997
30.238,13.957,5.857,-9.996
30.258,13.865,5.856,-9.996
30.278,13.804,5.855,-9.996
30.298,13.712,5.854,-9.996
30.318,13.651,5.853,-9.996
30.338,13.559,5.852,-9.996
30.358,13.498,5.851,-9.996
30.377,13.406,5.850,-9.996
30.398,13.345,5.850,-9.996
30.418,13.253,5.849,-9.996
30.437,13.192,5.848,-9.996
30.459,13.101,5.847,-9.996
30.478,13.040,5.846,-9.996
30.498,12.948,5.845,-9.996
30.518,12.887,5.845,-9.996
30.538,12.796,5.844,-9.996
30.558,12.735,5.843,-9.996
30.578,12.643,5.842,-9.996
30.598,12.582,5.841,-9.996
30.618,12.491,5.840,-9.996
30.638,12.430,5.840,-9.996
30.658,12.339,5.839,-9.996
30.678,12.278,5.838,-9.996
30.698,12.187,5.837,-9.996
30.718,12.126,5.836,-9.997
30.738,12.035,5.835,-9.997
30.758,11.974,5.834,-9.997
30.778,11.883,5.833,-9.997
30.798,11.822,5.832,-9.997
30.818,11.730,5.831,-9.997
30.837,11.669,5.831,-9.997
30.859,11.578,5.829,-9.998
30.878,11.517,5.829,-9.998
30.898,11.426,5.828,-9.998
30.918,11.365,5.827,-9.998
30.938,11.274,5.826,-9.998
30.958,11.213,5.825,-9.998
30.980,11.122,5.824,-9.999
30.998,11.061,5.823,-9.999
31.018,10.970,5.822,-9.999
31.038,10.909,5.822,-9.999
31.058,10.818,5.820,-10.000
31.078,10.757,5.819,-10.000
31.097,10.666,5.818,-10.000
31.121,10.606,5.817,-10.001
31.138,10.515,5.816,-10.001
31.157,10.454,5.815,-10.001
31.178,10.364,5.814,-10.002
31.200,10.303,5.813,-10.002
31.218,10.213,5.811,-10.002
31.238,10.153,5.810,-10.002
31.258,10.062,5.809,-10.002
31.278,10.002,5.808,-10.003
31.297,9.911,5.807,-10.003
31.318,9.851,5.806,-10.003
31.339,9.761,5.805,-10.003
31.358,9.701,5.804,-10.003
31.378,9.610,5.803,-10.003
31.399,9.550,5.802,-10.003
31.417,9.460,5.800,-10.004
31.437,9.400,5.799,-10.004
31.458,9.310,5.798,-10.004
31.478,9.250,5.797,-10.004
31.498,9.160,5.796,-10.004
31.518,9.100,5.795,-10.004
31.538,9.010,5.793,-10.004
31.558,8.950,5.792,-10.004
31.578,8.860,5.791,-10.004
31.598,8.800,5.790,-10.004
31.618,8.710,5.789,-10.005
31.638,8.650,5.788,-10.005
31.658,8.560,5.787,-10.005
31.677,8.500,5.786,-10.005
31.698,8.410,5.784,-10.005
31.718,8.350,5.783,-10.006
31.738,8.260,5.782,-10.006
31.757,8.200,5.781,-10.006
31.778,8.110,5.780,-10.006
31.798,8.050,5.779,-10.006
31.817,7.960,5.778,-10.007
31.837,7.900,5.777,-10.007
31.858,7.810,5.776,-10.007
31.878,7.750,5.775,-10.007
31.897,7.660,5.774,-10.007
31.918,7.600,5.773,-10.007
31.938,7.510,5.771,-10.007
31.958,7.450,5.770,-10.007
31.979,7.360,5.769,-10.007
31.998,7.300,5.768,-10.007
32.017,7.210,5.766,-10.007
32.038,7.150,5.765,-10.007
32.058,7.060,5.764,-10.007
32.077,7.000,5.763,-10.007
32.099,6.910,5.761,-10.006
32.118,6.850,5.760,-10.006
32.138,6.760,5.758,-10.005
32.157,6.700,5.757,-10.005
32.177,6.611,5.755,-10.004
32.198,6.551,5.754,-10.004
32.218,6.461,5.753,-10.003
32.238,6.401,5.751,-10.002
32.258,6.311,5.750,-10.001
32.278,6.251,5.748,-10.001
32.298,6.162,5.746,-10.000
32.318,6.102,5.745,-10.000
32.338,6.012,5.743,-9.999
32.357,5.952,5.742,-9.998
32.378,5.862,5.741,-9.997
32.398,5.802,5.739,-9.997
32.417,5.712,5.738,-9.996
32.438,5.652,5.737,-9.996
32.458,5.562,5.735,-9.995
32.478,5.502,5.734,-9.995
32.499,5.412,5.733,-9.995
32.518,5.352,5.732,-9.994
32.538,5.262,5.730,-9.994
32.558,5.202,5.729,-9.993
32.578,5.112,5.728,-9.993
32.598,5.052,5.727,-9.993
32.618,4.962,5.726,-9.992
32.638,4.901,5.725,-9.992
32.658,4.811,5.723,-9.992
32.678,4.751,5.722,-9.992
32.698,4.661,5.721,-9.991
32.718,4.601,5.720,-9.991
32.738,4.511,5.719,-9.991
32.758,4.451,5.718,-9.991
32.778,4.361,5.717,-9.991
32.798,4.301,5.716,-9.991
32.818,4.211,5.714,-9.991
32.838,4.151,5.714,-9.990
32.858,4.061,5.712,-9.990
32.878,4.000,5.711,-9.990
32.898,3.910,5.710,-9.990
32.918,3.850,5.709,-9.990
32.938,3.760,5.708,-9.990
32.958,3.700,5.707,-9.990
32.978,3.610,5.705,-9.990
32.997,3.550,5.704,-9.990
33.017,3.460,5.703,-9.990
33.038,3.400,5.702,-9.990
33.058,3.309,5.701,-9.989
33.077,3.249,5.700,-9.989
33.098,3.159,5.698,-9.989
33.119,3.099,5.697,-9.989
33.137,3.009,5.696,-9.989
33.158,2.949,5.695,-9.989
33.180,2.859,5.694,-9.988
33.198,2.799,5.693,-9.988
33.217,2.710,5.692,-9.988
33.238,2.650,5.691,-9.988
33.258,2.560,5.690,-9.988
33.277,2.500,5.690,-9.988
33.299,2.411,5.688,-9.988
33.318,2.351,5.688,-9.988
33.338,2.261,5.687,-9.988
33.358,2.202,5.686,-9.988
33.378,2.112,5.685,-9.988
33.397,2.052,5.684,-9.988
33.417,1.963,5.683,-9.988
33.438,1.903,5.682,-9.988
33.458,1.814,5.681,-9.988
33.478,1.755,5.681,-9.988
33.497,1.665,5.679,-9.988
33.518,1.606,5.678,-9.989
33.538,1.517,5.677,-9.989
33.558,1.457,5.676,-9.989
33.578,1.368,5.675,-9.989
33.598,1.308,5.674,-9.990
33.618,1.219,5.672,-9.990
33.638,1.160,5.671,-9.990
33.657,1.070,5.670,-9.991
33.678,1.011,5.669,-9.991
33.698,0.921,5.667,-9.992
33.718,0.862,5.666,-9.992
33.738,0.772,5.664,-9.992
33.758,0.713,5.663,-9.993
33.779,0.623,5.661,-9.993
33.798,0.564,5.660,-9.994
33.818,0.474,5.658,-9.994
33.838,0.415,5.657,-9.994
33.858,0.325,5.655,-9.995
33.878,0.266,5.654,-9.995
33.898,0.176,5.652,-9.996
33.918,0.117,5.651,-9.996
33.937,0.027,5.649,-9.996
33.958,-0.032,5.648,-9.997
33.978,-0.121,5.646,-9.997
33.998,-0.181,5.645,-9.998
34.018,-0.270,5.643,-9.998
34.038,-0.330,5.642,-9.999
34.057,-0.419,5.641,-9.999
34.078,-0.479,5.639,-10.000
34.098,-0.568,5.638,-10.000
34.118,-0.627,5.637,-10.001
34.138,-0.716,5.635,-10.001
34.158,-0.776,5.634,-10.002
34.178,-0.865,5.632,-10.002
34.198,-0.924,5.631,-10.003
34.218,-1.014,5.629,-10.003
34.238,-1.073,5.628,-10.003
34.257,-1.162,5.626,-10.004
34.278,-1.222,5.625,-10.004
34.299,-1.311,5.623,-10.004
34.318,-1.370,5.622,-10.004
34.338,-1.459,5.620,-10.005
34.358,-1.519,5.619,-10.005
34.378,-1.608,5.617,-10.005
34.397,-1.667,5.616,-10.005
34.419,-1.756,5.614,-10.005
34.438,-1.815,5.613,-10.006
34.458,-1.904,5.611,-10.006
34.478,-1.963,5.610,-10.006
34.498,-2.052,5.608,-10.007
34.518,-2.111,5.607,-10.007
34.538,-2.199,5.605,-10.007
34.558,-2.258,5.605,-10.008
34.578,-2.347,5.603,-10.008
34.597,-2.406,5.602,-10.009
34.618,-2.494,5.601,-10.009
34.638,-2.553,5.600,-10.010
34.658,-2.641,5.599,-10.010
34.678,-2.700,5.599,-10.010
34.698,-2.788,5.597,-10.011
34.718,-2.847,5.597,-10.011
34.738,-2.935,5.596,-10.012
34.758,-2.993,5.595,-10.012
34.778,-3.081,5.595,-10.012
34.797,-3.140,5.594,-10.013
34.818,-3.227,5.593,-10.013
34.838,-3.286,5.593,-10.013
34.857,-3.373,5.592,-10.013
34.878,-3.431,5.591,-10.014
34.900,-3.517,5.590,-10.014
34.918,-3.575,5.590,-10.014
34.939,-3.660,5.589,-10.015
34.958,-3.717,5.588,-10.015
34.978,-3.801,5.587,-10.015
34.998,-3.857,5.587,-10.015
35.018,-3.940,5.586,-10.016
35.038,-3.995,5.586,-10.016
35.057,-4.077,5.585,-10.016
35.078,-4.131,5.584,-10.016
35.098,-4.210,5.584,-10.017
35.118,-4.263,5.583,-10.017
35.138,-4.341,5.582,-10.018
35.158,-4.392,5.582,-10.018
35.178,-4.468,5.581,-10.018
35.198,-4.518,5.581,-10.019
35.218,-4.592,5.580,-10.019
35.238,-4.640,5.580,-10.020
35.257,-4.711,5.579,-10.020
35.278,-4.758,5.579,-10.020
35.298,-4.827,5.579,-10.021
35.317,-4.872,5.579,-10.021
35.338,-4.938,5.578,-10.022
35.359,-4.982,5.578,-10.022
35.378,-5.045,5.578,-10.024
35.398,-5.086,5.578,-10.026
35.418,-5.147,5.578,-10.028
35.438,-5.186,5.578,-10.030
35.458,-5.245,5.579,-10.033
35.478,-5.283,5.579,-10.035
35.498,-5.340,5.581,-10.038
35.517,-5.377,5.582,-10.040
35.538,-5.432,5.585,-10.044
35.558,-5.469,5.588,-10.046
35.578,-5.524,5.593,-10.049
35.598,-5.560,5.598,-10.051
35.618,-5.615,5.607,-10.053
35.638,-5.651,5.614,-10.054
35.657,-5.705,5.626,-10.056
35.678,-5.741,5.636,-10.056
35.697,-5.795,5.653,-10.057
35.717,-5.830,5.666,-10.056
35.738,-5.883,5.688,-10.056
35.758,-5.918,5.705,-10.054
35.778,-5.970,5.733,-10.052
35.798,-6.004,5.753,-10.050
35.818,-6.054,5.787,-10.046
35.838,-6.087,5.812,-10.042
35.858,-6.134,5.852,-10.037
35.878,-6.165,5.880,-10.033
35.898,-6.211,5.925,-10.026
35.918,-6.239,5.958,-10.020
35.938,-6.281,6.009,-10.012
35.958,-6.308,6.045,-10.006
35.977,-6.345,6.102,-9.996
35.998,-6.369,6.141,-9.989
36.018,-6.403,6.203,-9.978
36.037,-6.423,6.246,-9.971
36.058,-6.453,6.312,-9.960
36.078,-6.470,6.358,-9.952
36.098,-6.494,6.428,-9.941
36.118,-6.509,6.477,-9.933
36.138,-6.528,6.550,-9.922
36.158,-6.539,6.600,-9.915
36.177,-6.553,6.677,-9.904
36.198,-6.561,6.729,-9.898
36.218,-6.570,6.808,-9.889
36.238,-6.575,6.861,-9.883
36.258,-6.579,6.941,-9.876
36.278,-6.580,6.995,-9.873
36.298,-6.580,7.077,-9.868
36.318,-6.579,7.131,-9.866
36.338,-6.574,7.213,-9.864
36.358,-6.570,7.267,-9.863
36.377,-6.561,7.349,-9.863
36.398,-6.555,7.404,-9.864
36.418,-6.544,7.485,-9.867
36.438,-6.535,7.538,-9.869
36.458,-6.522,7.618,-9.873
36.478,-6.512,7.671,-9.876
36.498,-6.496,7.749,-9.882
36.518,-6.485,7.801,-9.885
36.538,-6.468,7.877,-9.892
36.558,-6.456,7.927,-9.896
36.578,-6.438,8.001,-9.903
36.598,-6.426,8.050,-9.908
36.618,-6.407,8.122,-9.916
36.638,-6.394,8.170,-9.921
36.658,-6.375,8.240,-9.929
36.678,-6.362,8.285,-9.934
36.698,-6.343,8.353,-9.943
36.718,-6.330,8.397,-9.949
36.738,-6.311,8.462,-9.957
36.758,-6.299,8.504,-9.963
36.778,-6.280,8.567,-9.972
36.798,-6.267,8.607,-9.977
36.818,-6.249,8.667,-9.986
36.838,-6.236,8.706,-9.991
36.858,-6.218,8.763,-10.000
36.878,-6.205,8.800,-10.005
36.898,-6.185,8.854,-10.013
36.918,-6.172,8.889,-10.018
36.938,-6.151,8.940,-10.025
36.958,-6.137,8.973,-10.030
36.978,-6.114,9.020,-10.036
36.999,-6.097,9.050,-10.040
37.018,-6.072,9.093,-10.046
37.037,-6.053,9.121,-10.049
37.058,-6.024,9.160,-10.053
37.078,-6.004,9.185,-10.056
37.097,-5.970,9.220,-10.058
37.118,-5.947,9.242,-10.060
37.138,-5.910,9.272,-10.062
37.157,-5.883,9.291,-10.063
37.178,-5.842,9.318,-10.063
37.198,-5.812,9.334,-10.063
37.218,-5.766,9.356,-10.063
37.237,-5.733,9.370,-10.063
37.258,-5.682,9.388,-10.063
37.278,-5.646,9.399,-10.062
37.297,-5.590,9.414,-10.062
37.318,-5.552,9.422,-10.061
37.338,-5.491,9.433,-10.060
37.357,-5.449,9.440,-10.059
37.378,-5.385,9.448,-10.057
37.398,-5.340,9.453,-10.056
37.418,-5.272,9.459,-10.054
37.438,-5.225,9.462,-10.053
37.458,-5.153,9.466,-10.051
37.478,-5.104,9.468,-10.049
37.498,-5.030,9.470,-10.047
37.518,-4.979,9.470,-10.045
37.538,-4.901,9.471,-10.043
37.557,-4.849,9.471,-10.042
37.578,-4.769,9.470,-10.039
37.599,-4.715,9.469,-10.038
37.618,-4.633,9.467,-10.036
37.638,-4.578,9.466,-10.035
37.658,-4.495,9.463,-10.033
37.678,-4.439,9.461,-10.031
37.697,-4.354,9.458,-10.030
37.718,-4.297,9.455,-10.029
37.738,-4.211,9.452,-10.027
37.758,-4.153,9.449,-10.026
37.778,-4.066,9.445,-10.025
37.798,-4.008,9.442,-10.025
37.818,-3.920,9.438,-10.024
37.838,-3.862,9.435,-10.023
37.858,-3.773,9.431,-10.023
37.878,-3.715,9.428,-10.023
37.898,-3.626,9.423,-10.022
37.918,-3.567,9.420,-10.022
37.938,-3.478,9.416,-10.022
37.958,-3.418,9.413,-10.023
37.978,-3.329,9.408,-10.023
37.998,-3.269,9.405,-10.023
38.018,-3.180,9.401,-10.023
38.038,-3.120,9.398,-10.024
38.058,-3.031,9.394,-10.024
38.078,-2.971,9.391,-10.025
38.098,-2.881,9.388,-10.025
38.118,-2.821,9.385,-10.026
38.138,-2.731,9.381,-10.027
38.157,-2.672,9.379,-10.027
38.179,-2.582,9.375,-10.028
38.198,-2.522,9.373,-10.028
38.218,-2.433,9.370,-10.029
38.238,-2.373,9.368,-10.030
38.258,-2.284,9.365,-10.030
38.278,-2.224,9.363,-10.031
38.297,-2.135,9.361,-10.032
38.318,-2.075,9.359,-10.032
38.338,-1.986,9.357,-10.033
38.357,-1.926,9.356,-10.033
38.379,-1.867,9.354,-10.033
38.398,-1.778,9.353,-10.034
38.418,-1.689,9.352,-10.034
38.440,-1.630,9.351,-10.034
38.458,-1.541,9.350,-10.035
38.478,-1.482,9.350,-10.035
38.498,-1.393,9.349,-10.035
38.518,-1.334,9.349,-10.036
38.538,-1.245,9.349,-10.036
38.557,-1.186,9.349,-10.036
38.580,-1.098,9.349,-10.036
38.598,-1.039,9.349,-10.036
38.618,-0.950,9.350,-10.036
38.638,-0.891,9.350,-10.036
38.658,-0.803,9.351,-10.036
38.677,-0.744,9.352,-10.036
38.698,-0.655,9.353,-10.036
38.718,-0.596,9.354,-10.036
38.738,-0.507,9.355,-10.036
38.758,-0.448,9.356,-10.036
38.778,-0.359,9.357,-10.035
38.798,-0.300,9.358,-10.035
38.817,-0.212,9.360,-10.035
38.838,-0.152,9.361,-10.035
38.858,-0.064,9.363,-10.035
38.878,-0.004,9.365,-10.034
38.898,0.085,9.367,-10.034
38.919,0.144,9.368,-10.034
38.938,0.233,9.371,-10.034
38.957,0.292,9.372,-10.034
38.978,0.381,9.375,-10.034
38.998,0.440,9.377,-10.034
39.017,0.529,9.380,-10.033
39.038,0.588,9.381,-10.033
39.058,0.677,9.384,-10.033
39.078,0.737,9.386,-10.033
39.098,0.826,9.389,-10.033
39.118,0.886,9.391,-10.033
39.137,0.975,9.394,-10.033
39.157,1.034,9.396,-10.033
39.178,1.124,9.399,-10.033
39.198,1.183,9.401,-10.033
39.217,1.273,9.404,-10.033
39.238,1.332,9.406,-10.033
39.258,1.422,9.409,-10.032
39.278,1.482,9.411,-10.032
39.298,1.571,9.413,-10.032
39.319,1.631,9.415,-10.032
39.338,1.721,9.418,-10.032
39.358,1.781,9.420,-10.032
39.377,1.870,9.423,-10.032
39.398,1.930,9.424,-10.031
39.417,2.020,9.427,-10.031
39.438,2.080,9.429,-10.031
39.458,2.170,9.431,-10.031
39.478,2.230,9.433,-10.031
39.498,2.321,9.435,-10.030
39.518,2.381,9.436,-10.030
39.538,2.471,9.438,-10.030
39.558,2.531,9.440,-10.029
39.578,2.622,9.441,-10.029
39.598,2.682,9.443,-10.028
39.618,2.773,9.444,-10.028
39.638,2.833,9.445,-10.027
39.658,2.924,9.446,-10.027
39.678,2.985,9.447,-10.026
39.698,3.075,9.448,-10.025
39.718,3.136,9.449,-10.025
39.737,3.227,9.450,-10.024
39.758,3.288,9.450,-10.024
39.778,3.379,9.451,-10.023
39.798,3.439,9.451,-10.022
39.817,3.530,9.452,-10.022
39.838,3.591,9.452,-10.021
39.858,3.682,9.453,-10.020
39.877,3.743,9.453,-10.019
39.898,3.834,9.453,-10.018
39.918,3.895,9.453,-10.018
39.938,3.986,9.453,-10.017
39.958,4.047,9.453,-10.016
39.980,4.108,9.453,-10.015
39.998,4.199,9.453,-10.014
40.018,4.291,9.452,-10.013
40.038,4.352,9.452,-10.012
40.058,4.443,9.451,-10.011
40.078,4.504,9.451,-10.010
40.100,4.596,9.451,-10.009
40.118,4.657,9.450,-10.009
40.137,4.748,9.449,-10.008
40.158,4.809,9.449,-10.007
40.178,4.901,9.448,-10.006
40.198,4.962,9.448,-10.006
40.218,5.053,9.447,-10.005
40.238,5.114,9.447,-10.005
40.258,5.206,9.446,-10.004
40.277,5.267,9.446,-10.004
40.298,5.359,9.446,-10.003
40.318,5.420,9.445,-10.003
40.338,5.511,9.445,-10.002
40.358,5.573,9.444,-10.002
40.378,5.664,9.444,-10.001
40.398,5.725,9.444,-10.001
40.418,5.817,9.444,-10.000
40.438,5.878,9.443,-10.000
40.458,5.970,9.443,-10.000
40.477,6.031,9.443,-9.999
40.497,6.123,9.443,-9.999
40.518,6.184,9.443,-9.999
40.538,6.276,9.443,-9.998
40.557,6.337,9.443,-9.998
40.578,6.429,9.443,-9.997
40.597,6.491,9.443,-9.997
40.618,6.582,9.443,-9.996
40.638,6.644,9.444,-9.996
40.658,6.736,9.444,-9.995
40.677,6.797,9.444,-9.995
40.698,6.889,9.444,-9.995
40.717,6.950,9.444,-9.994
40.737,7.042,9.444,-9.994
40.758,7.103,9.444,-9.993
40.778,7.195,9.444,-9.993
40.798,7.256,9.444,-9.992
40.818,7.348,9.444,-9.992
40.838,7.410,9.444,-9.991
40.858,7.502,9.444,-9.991
40.878,7.563,9.443,-9.990
40.898,7.655,9.443,-9.989
40.918,7.716,9.443,-9.989
40.938,7.808,9.442,-9.988
40.958,7.869,9.442,-9.988
40.978,7.961,9.441,-9.987
40.998,8.022,9.441,-9.987
41.018,8.114,9.440,-9.986
41.038,8.175,9.440,-9.986
41.057,8.267,9.439,-9.985
41.078,8.328,9.438,-9.985
41.099,8.420,9.438,-9.984
41.118,8.482,9.437,-9.984
41.138,8.574,9.436,-9.983
41.158,8.635,9.436,-9.983
41.178,8.727,9.435,-9.983
41.198,8.788,9.434,-9.983
41.218,8.881,9.433,-9.982
41.238,8.942,9.432,-9.982
41.258,9.034,9.432,-9.982
41.278,9.095,9.431,-9.982
41.298,9.187,9.430,-9.981
41.318,9.249,9.429,-9.981
41.337,9.341,9.429,-9.981
41.358,9.402,9.428,-9.981
41.377,9.494,9.427,-9.980
41.398,9.555,9.426,-9.980
41.418,9.647,9.425,-9.980
41.438,9.708,9.424,-9.980
41.458,9.800,9.423,-9.980
41.478,9.861,9.423,-9.980
41.498,9.953,9.421,-9.979
41.518,10.014,9.421,-9.979
41.537,10.106,9.419,-9.979
41.558,10.167,9.419,-9.979
41.578,10.259,9.417,-9.978
41.597,10.320,9.416,-9.978
41.618,10.412,9.415,-9.978
41.638,10.473,9.414,-9.978
41.657,10.566,9.413,-9.978
41.678,10.627,9.412,-9.978
41.698,10.719,9.410,-9.977
41.718,10.781,9.409,-9.977
41.738,10.873,9.408,-9.977
41.758,10.934,9.407,-9.977
41.778,11.027,9.406,-9.977
41.797,11.088,9.405,-9.977
41.818,11.180,9.403,-9.977
41.839,11.242,9.402,-9.977
41.858,11.334,9.401,-9.977
41.878,11.396,9.400,-9.977
41.897,11.488,9.399,-9.977
41.917,11.550,9.398,-9.977
41.938,11.642,9.396,-9.977
41.958,11.704,9.396,-9.977
41.978,11.796,9.394,-9.978
41.998,11.858,9.393,-9.978
42.018,11.950,9.392,-9.978
42.037,12.011,9.391,-9.979
42.058,12.104,9.390,-9.979
42.078,12.165,9.389,-9.979
42.098,12.257,9.388,-9.980
42.117,12.319,9.387,-9.980
42.138,12.411,9.386,-9.980
42.158,12.473,9.385,-9.981
42.178,12.565,9.384,-9.981
42.198,12.627,9.383,-9.981
42.218,12.719,9.382,-9.982
42.238,12.781,9.381,-9.982
42.257,12.873,9.380,-9.982
42.278,12.935,9.379,-9.983
42.298,13.027,9.378,-9.983
42.317,13.088,9.377,-9.983
42.338,13.181,9.376,-9.984
42.358,13.242,9.375,-9.984
42.378,13.334,9.374,-9.984
42.398,13.396,9.373,-9.984
42.418,13.488,9.372,-9.984
42.438,13.549,9.371,-9.985
42.458,13.641,9.370,-9.985
42.478,13.702,9.369,-9.985
42.498,13.794,9.368,-9.986
42.517,13.855,9.367,-9.986
42.538,13.946,9.366,-9.986
42.559,14.007,9.365,-9.987
42.578,14.099,9.364,-9.987
42.598,14.160,9.364,-9.987
42.618,14.251,9.363,-9.988
42.637,14.312,9.362,-9.988
42.657,14.403,9.361,-9.989
42.678,14.464,9.361,-9.989
42.698,14.555,9.360,-9.990
42.718,14.616,9.359,-9.991
42.738,14.707,9.359,-9.991
42.758,14.768,9.358,-9.992
42.778,14.859,9.357,-9.992
42.798,14.920,9.357,-9.993
42.818,15.011,9.356,-9.993
42.838,15.072,9.356,-9.994
42.858,15.163,9.355,-9.995
42.878,15.223,9.355,-9.995
42.898,15.314,9.354,-9.996
42.917,15.375,9.354,-9.996
42.939,15.466,9.353,-9.996
42.958,15.527,9.353,-9.997
42.978,15.617,9.352,-9.997
42.998,15.678,9.351,-9.998
43.018,15.769,9.351,-9.998
43.038,15.829,9.350,-9.998
43.058,15.920,9.350,-9.998
43.078,15.981,9.349,-9.999
43.097,16.071,9.349,-9.999
43.117,16.132,9.348,-9.999
43.138,16.222,9.348,-9.999
43.158,16.282,9.347,-9.999
43.178,16.373,9.346,-9.999
43.198,16.433,9.346,-9.999
43.218,16.524,9.345,-9.999
43.237,16.584,9.345,-9.998
43.258,16.675,9.344,-9.998
43.278,16.735,9.343,-9.998
43.298,16.825,9.342,-9.998
43.318,16.886,9.342,-9.998
43.338,16.976,9.341,-9.997
43.358,17.037,9.340,-9.997
43.377,17.127,9.339,-9.996
43.398,17.188,9.339,-9.996
43.418,17.278,9.337,-9.996
43.437,17.339,9.337,-9.995
43.458,17.430,9.336,-9.995
43.478,17.490,9.335,-9.995
43.498,17.581,9.334,-9.994
43.518,17.642,9.333,-9.994
43.538,17.732,9.332,-9.994
43.558,17.793,9.331,-9.994
43.577,17.884,9.330,-9.993
43.598,17.944,9.329,-9.993
43.618,18.035,9.328,-9.993
43.637,18.096,9.327,-9.993
43.658,18.187,9.326,-9.992
43.678,18.247,9.325,-9.992
43.697,18.338,9.324,-9.992
43.719,18.399,9.324,-9.992
43.738,18.489,9.322,-9.992
43.758,18.550,9.322,-9.992
43.778,18.641,9.321,-9.991
43.798,18.701,9.320,-9.991
43.818,18.792,9.319,-9.991
43.838,18.853,9.318,-9.991
43.858,18.943,9.318,-9.991
43.878,19.004,9.317,-9.991
43.897,19.094,9.316,-9.991
43.918,19.155,9.316,-9.991
43.937,19.246,9.315,-9.991
43.957,19.306,9.314,-9.991
43.978,19.397,9.314,-9.991
43.998,19.457,9.314,-9.991
44.018,19.548,9.313,-9.991
44.037,19.608,9.313,-9.991
44.058,19.699,9.312,-9.991
44.078,19.759,9.312,-9.990
44.097,19.850,9.312,-9.990
44.118,19.911,9.311,-9.990
44.138,20.001,9.311,-9.990
44.157,20.062,9.310,-9.990
44.178,20.152,9.310,-9.990
44.198,20.213,9.310,-9.990
44.217,20.304,9.309,-9.990
44.237,20.364,9.309,-9.990
44.258,20.455,9.308,-9.990
44.278,20.515,9.308,-9.990
44.297,20.606,9.308,-9.990
44.318,20.666,9.308,-9.990
44.338,20.757,9.307,-9.990
44.358,20.817,9.307,-9.990
44.378,20.907,9.306,-9.990
44.398,20.967,9.306,-9.990
44.418,21.058,9.306,-9.990
44.438,21.118,9.305,-9.990
44.458,21.208,9.305,-9.991
44.478,21.268,9.305,-9.991
44.498,21.359,9.304,-9.991
44.518,21.419,9.304,-9.991
44.538,21.509,9.303,-9.991
44.557,21.569,9.303,-9.991
44.578,21.659,9.302,-9.991
44.599,21.719,9.302,-9.991
44.618,21.809,9.302,-9.992
44.638,21.869,9.301,-9.992
44.658,21.959,9.301,-9.992
44.678,22.019,9.301,-9.992
44.698,22.109,9.300,-9.992
44.718,22.168,9.300,-9.993
44.738,22.258,9.299,-9.993
44.758,22.318,9.299,-9.993
44.778,22.408,9.299,-9.993
44.798,22.468,9.298,-9.994
44.818,22.558,9.298,-9.994
44.838,22.617,9.298,-9.994
44.858,22.707,9.298,-9.994
44.877,22.767,9.297,-9.995
44.898,22.857,9.297,-9.995
44.919,22.916,9.297,-9.995
44.938,23.006,9.297,-9.995
44.958,23.066,9.297,-9.995
44.978,23.155,9.297,-9.995
44.998,23.215,9.297,-9.995
45.018,23.304,9.297,-9.996
45.039,23.364,9.297,-9.996
45.060,23.453,9.297,-9.996
45.078,23.512,9.297,-9.996
45.098,23.602,9.298,-9.996
45.118,23.661,9.298,-9.996
45.138,23.765,9.298,-9.996
45.158,23.854,9.299,-9.996
45.178,23.914,9.299,-9.996
45.198,24.003,9.300,-9.996
45.217,24.062,9.300,-9.996
45.238,24.152,9.301,-9.996
45.258,24.211,9.301,-9.996
45.278,24.300,9.302,-9.996
45.297,24.360,9.303,-9.996
45.318,24.449,9.304,-9.996
45.337,24.509,9.305,-9.996
45.358,24.598,9.306,-9.996
45.378,24.658,9.306,-9.996
45.397,24.747,9.308,-9.995
45.417,24.806,9.308,-9.995
45.438,24.895,9.310,-9.995
45.458,24.955,9.310,-9.995
45.478,25.044,9.311,-9.995
45.498,25.103,9.312,-9.995
45.518,25.193,9.313,-9.995
45.538,25.252,9.314,-9.995
45.558,25.341,9.315,-9.995
45.579,25.400,9.316,-9.995
45.598,25.490,9.317,-9.995
45.618,25.549,9.318,-9.995
45.638,25.638,9.319,-9.996
45.658,25.698,9.320,-9.996
45.678,25.787,9.321,-9.996
45.699,25.846,9.321,-9.996
45.718,25.935,9.322,-9.996
45.737,25.995,9.323,-9.996
45.757,26.084,9.324,-9.996
45.778,26.143,9.324,-9.996
45.798,26.232,9.325,-9.996
45.817,26.292,9.325,-9.996
45.840,26.381,9.326,-9.996
45.858,26.440,9.327,-9.996
45.878,26.530,9.328,-9.996
45.898,26.589,9.328,-9.996
45.918,26.678,9.329,-9.997
45.938,26.738,9.330,-9.997
45.958,26.827,9.330,-9.997
45.978,26.887,9.331,-9.997
45.998,26.976,9.332,-9.998
46.018,27.035,9.332,-9.998
46.038,27.124,9.333,-9.998
46.058,27.184,9.334,-9.999
46.077,27.273,9.335,-9.999
46.098,27.333,9.335,-9.999
46.118,27.422,9.336,-10.000
46.137,27.482,9.337,-10.000
46.158,27.571,9.338,-10.000
46.179,27.630,9.338,-10.000
46.198,27.720,9.339,-10.001
46.218,27.779,9.340,-10.001
46.238,27.869,9.340,-10.001
46.258,27.928,9.341,-10.001
46.277,28.017,9.342,-10.001
46.298,28.077,9.342,-10.001
46.318,28.166,9.343,-10.001
46.338,28.226,9.343,-10.001
46.358,28.315,9.344,-10.001
46.378,28.374,9.345,-10.001
46.398,28.463,9.345,-10.001
46.418,28.523,9.346,-10.001
46.438,28.612,9.347,-10.001
46.458,28.671,9.347,-10.001
46.478,28.760,9.348,-10.001
46.498,28.819,9.348,-10.001
46.518,28.908,9.349,-10.000
46.537,28.967,9.349,-10.001
46.558,29.055,9.350,-10.001
46.578,29.114,9.350,-10.001
46.597,29.203,9.351,-10.001
46.618,29.262,9.351,-10.001
46.638,29.350,9.352,-10.001
46.658,29.409,9.352,-10.001
46.678,29.498,9.352,-10.001
46.698,29.557,9.353,-10.001
46.718,29.645,9.353,-10.001
46.737,29.704,9.353,-10.001
46.758,29.793,9.354,-10.001
46.778,29.852,9.354,-10.001
46.797,29.940,9.354,-10.001
46.818,29.999,9.355,-10.001
46.838,30.088,9.355,-10.002
46.858,30.147,9.355,-10.002
46.878,30.235,9.356,-10.002
46.898,30.294,9.356,-10.002
46.918,30.383,9.357,-10.002
46.938,30.442,9.357,-10.002
46.959,30.531,9.357,-10.003
46.978,30.590,9.358,-10.003
46.998,30.678,9.358,-10.003
47.018,30.738,9.358,-10.003
47.040,30.826,9.359,-10.003
47.058,30.886,9.359,-10.003
47.078,30.974,9.360,-10.002
47.098,31.034,9.360,-10.002
47.118,31.122,9.360,-10.002
47.137,31.182,9.361,-10.002
47.159,31.270,9.361,-10.002
47.179,31.330,9.361,-10.001
47.197,31.418,9.362,-10.001
47.218,31.477,9.362,-10.001
47.238,31.566,9.362,-10.001
47.258,31.625,9.362,-10.000
47.278,31.714,9.363,-10.000
47.298,31.773,9.363,-9.999
47.318,31.862,9.363,-9.999
47.338,31.921,9.363,-9.998
47.358,32.009,9.363,-9.998
47.378,32.068,9.363,-9.997
47.398,32.157,9.363,-9.997
47.418,32.216,9.363,-9.996
47.438,32.305,9.363,-9.996
47.458,32.364,9.363,-9.996
47.480,32.452,9.364,-9.995
47.498,32.511,9.364,-9.995
47.518,32.599,9.364,-9.994
47.538,32.658,9.364,-9.994
47.558,32.747,9.364,-9.994
47.578,32.805,9.364,-9.993
47.597,32.894,9.364,-9.993
47.618,32.952,9.364,-9.992
47.638,33.040,9.364,-9.992
47.657,33.099,9.364,-9.992
47.679,33.187,9.364,-9.991
47.700,33.245,9.364,-9.991
47.718,33.332,9.364,-9.991
47.738,33.390,9.364,-9.991
47.758,33.477,9.364,-9.991
47.778,33.535,9.365,-9.991
47.797,33.621,9.365,-9.991
47.819,33.678,9.365,-9.991
47.838,33.762,9.365,-9.991
47.857,33.819,9.365,-9.991
47.878,33.902,9.366,-9.992
47.898,33.957,9.366,-9.992
47.918,34.039,9.366,-9.992
47.938,34.094,9.366,-9.993
47.958,34.174,9.367,-9.993
47.978,34.227,9.367,-9.993
47.998,34.306,9.367,-9.994
48.020,34.357,9.368,-9.994
48.040,34.434,9.368,-9.995
48.058,34.484,9.368,-9.995
48.078,34.558,9.369,-9.996
48.098,34.607,9.369,-9.996
48.118,34.679,9.369,-9.997
48.139,34.727,9.370,-9.997
48.158,34.796,9.370,-9.998
48.177,34.842,9.370,-9.998
48.198,34.909,9.370,-9.999
48.218,34.952,9.370,-9.999
48.238,35.017,9.370,-10.000
48.257,35.059,9.370,-10.001
48.279,35.120,9.370,-10.003
48.298,35.160,9.370,-10.005
48.317,35.219,9.371,-10.008
48.338,35.257,9.371,-10.010
48.358,35.314,9.372,-10.013
48.378,35.351,9.372,-10.015
48.398,35.406,9.374,-10.018
48.418,35.442,9.376,-10.020
48.438,35.496,9.379,-10.024
48.457,35.532,9.382,-10.026
48.478,35.586,9.388,-10.029
48.498,35.621,9.393,-10.030
48.517,35.674,9.402,-10.033
48.538,35.710,9.410,-10.034
48.559,35.762,9.423,-10.035
48.578,35.797,9.433,-10.036
48.598,35.849,9.451,-10.036
48.618,35.884,9.465,-10.036
48.638,35.935,9.488,-10.035
48.658,35.969,9.505,-10.033
48.678,36.019,9.533,-10.031
48.698,36.051,9.554,-10.028
48.717,36.099,9.588,-10.024
48.738,36.131,9.613,-10.021
48.758,36.176,9.653,-10.015
48.778,36.206,9.682,-10.011
48.798,36.248,9.728,-10.003
48.818,36.276,9.760,-9.998
48.837,36.315,9.812,-9.989
48.858,36.340,9.848,-9.983
48.878,36.375,9.905,-9.973
48.898,36.397,9.944,-9.966
48.918,36.428,10.006,-9.956
48.938,36.448,10.049,-9.948
48.958,36.475,10.114,-9.937
48.978,36.491,10.160,-9.929
48.998,36.513,10.229,-9.918
49.018,36.526,10.277,-9.910
49.038,36.543,10.350,-9.899
49.058,36.552,10.400,-9.892
49.078,36.564,10.475,-9.882
49.097,36.571,10.527,-9.875
49.117,36.578,10.605,-9.866
49.139,36.581,10.657,-9.861
49.159,36.583,10.736,-9.854
49.178,36.583,10.790,-9.851
49.198,36.581,10.870,-9.846
49.218,36.579,10.924,-9.844
49.237,36.573,11.004,-9.842
49.258,36.568,11.057,-9.842
49.278,36.558,11.137,-9.842
49.298,36.551,11.191,-9.843
49.318,36.539,11.270,-9.846
49.338,36.530,11.322,-9.848
49.358,36.515,11.400,-9.852
49.377,36.504,11.452,-9.855
49.398,36.488,11.528,-9.860
49.418,36.477,11.578,-9.864
49.438,36.459,11.653,-9.870
49.458,36.446,11.702,-9.875
49.478,36.428,11.774,-9.882
49.498,36.415,11.822,-9.886
49.518,36.395,11.892,-9.894
49.538,36.382,11.938,-9.899
49.558,36.363,12.006,-9.907
49.577,36.350,12.050,-9.913
49.600,36.330,12.116,-9.922
49.618,36.317,12.159,-9.927
49.637,36.298,12.222,-9.936
49.659,36.285,12.263,-9.942
49.678,36.266,12.323,-9.951
49.698,36.254,12.362,-9.957
49.717,36.235,12.420,-9.965
49.738,36.222,12.458,-9.971
49.758,36.203,12.513,-9.979
49.778,36.190,12.549,-9.985
49.798,36.171,12.601,-9.993
49.818,36.157,12.635,-9.998
49.838,36.136,12.684,-10.005
49.858,36.121,12.715,-10.010
49.878,36.098,12.761,-10.016
49.898,36.081,12.790,-10.020
49.918,36.055,12.832,-10.026
49.938,36.036,12.858,-10.030
49.958,36.007,12.896,-10.034
49.978,35.986,12.920,-10.037
49.998,35.953,12.954,-10.040
50.018,35.929,12.975,-10.042
50.038,35.892,13.005,-10.045
50.058,35.866,13.023,-10.046
50.078,35.824,13.049,-10.048
50.098,35.795,13.065,-10.049
50.118,35.749,13.086,-10.050
50.138,35.716,13.099,-10.051
50.158,35.665,13.117,-10.052
50.178,35.630,13.128,-10.052
50.198,35.575,13.142,-10.052
50.218,35.536,13.151,-10.053
50.238,35.477,13.162,-10.052
50.258,35.436,13.169,-10.052
50.278,35.373,13.177,-10.052
50.297,35.329,13.182,-10.051
50.318,35.262,13.189,-10.050
50.338,35.216,13.192,-10.050
50.358,35.146,13.197,-10.049
50.378,35.098,13.199,-10.048
50.398,35.025,13.202,-10.046
50.418,34.975,13.203,-10.045
50.438,34.899,13.204,-10.044
50.459,34.847,13.204,-10.043
50.478,34.769,13.204,-10.041
50.498,34.716,13.204,-10.040
50.518,34.635,13.202,-10.038
50.538,34.580,13.201,-10.037
50.558,34.498,13.199,-10.036
50.578,34.442,13.198,-10.035
50.599,34.358,13.195,-10.033
50.618,34.302,13.193,-10.033
50.638,34.217,13.190,-10.031
50.658,34.160,13.187,-10.031
50.678,34.073,13.184,-10.030
50.698,34.015,13.181,-10.029
50.718,33.928,13.177,-10.029
50.738,33.870,13.174,-10.028
50.758,33.782,13.169,-10.028
50.778,33.724,13.166,-10.027
50.798,33.635,13.162,-10.027
50.818,33.576,13.158,-10.027
50.837,33.488,13.153,-10.027
50.858,33.429,13.150,-10.027
50.878,33.340,13.145,-10.027
50.898,33.281,13.142,-10.028
50.918,33.192,13.137,-10.028
50.938,33.132,13.133,-10.028
50.957,33.043,13.128,-10.029
50.978,32.983,13.125,-10.029
50.998,32.894,13.120,-10.030
51.018,32.834,13.117,-10.030
51.038,32.745,13.112,-10.031
51.058,32.685,13.110,-10.031
51.078,32.595,13.105,-10.032
51.098,32.536,13.102,-10.032
51.118,32.446,13.098,-10.033
51.138,32.386,13.096,-10.033
51.157,32.297,13.092,-10.034
51.178,32.237,13.090,-10.034
51.200,32.148,13.087,-10.035
51.218,32.088,13.085,-10.036
51.238,31.999,13.082,-10.036
51.258,31.939,13.081,-10.036
51.278,31.849,13.079,-10.037
51.298,31.789,13.077,-10.037
51.318,31.700,13.076,-10.037
51.338,31.640,13.075,-10.037
51.358,31.550,13.073,-10.038
51.378,31.491,13.073,-10.038
51.398,31.401,13.072,-10.038
51.418,31.341,13.072,-10.038
51.438,31.252,13.072,-10.038
51.458,31.192,13.072,-10.038
51.478,31.102,13.072,-10.037
51.497,31.043,13.072,-10.037
51.518,30.953,13.073,-10.037
51.538,30.893,13.074,-10.036
51.557,30.804,13.074,-10.036
51.578,30.744,13.075,-10.035
51.598,30.654,13.076,-10.035
51.618,30.595,13.077,-10.034
51.638,30.505,13.079,-10.034
51.658,30.445,13.080,-10.033
51.678,30.356,13.081,-10.032
51.698,30.296,13.083,-10.032
51.718,30.207,13.085,-10.032
51.738,30.147,13.086,-10.031
51.757,30.057,13.088,-10.031
51.778,29.998,13.090,-10.031
51.798,29.909,13.092,-10.030
51.817,29.849,13.093,-10.030
51.838,29.760,13.096,-10.029
51.858,29.700,13.098,-10.029
51.878,29.611,13.100,-10.029
51.898,29.551,13.102,-10.029
51.918,29.462,13.105,-10.029
51.938,29.402,13.107,-10.029
51.958,29.312,13.109,-10.028
51.978,29.253,13.111,-10.028
51.998,29.163,13.114,-10.028
52.018,29.104,13.116,-10.028
52.038,29.014,13.119,-10.028
52.058,28.954,13.121,-10.027
52.078,28.864,13.124,-10.027
52.098,28.805,13.125,-10.027
52.118,28.715,13.128,-10.027
52.138,28.655,13.130,-10.027
52.158,28.565,13.133,-10.026
52.180,28.505,13.134,-10.026
52.198,28.415,13.137,-10.026
52.218,28.355,13.139,-10.026
52.238,28.265,13.141,-10.025
52.258,28.205,13.143,-10.025
52.278,28.115,13.145,-10.024
52.297,28.055,13.147,-10.024
52.318,27.964,13.149,-10.024
52.338,27.904,13.150,-10.023
52.358,27.814,13.152,-10.023
52.378,27.753,13.154,-10.022
52.398,27.663,13.155,-10.022
52.418,27.602,13.157,-10.021
52.438,27.511,13.159,-10.021
52.458,27.451,13.160,-10.020
52.478,27.360,13.161,-10.020
52.498,27.299,13.163,-10.019
52.518,27.208,13.164,-10.019
52.537,27.148,13.165,-10.018
52.558,27.056,13.167,-10.018
52.578,26.996,13.168,-10.017
52.598,26.904,13.170,-10.017
52.618,26.844,13.170,-10.017
52.639,26.752,13.172,-10.016
52.658,26.691,13.173,-10.016
52.678,26.600,13.174,-10.016
52.697,26.539,13.175,-10.015
52.718,26.447,13.176,-10.015
52.738,26.386,13.176,-10.015
52.757,26.294,13.177,-10.014
52.778,26.233,13.178,-10.014
52.798,26.141,13.179,-10.014
52.818,26.080,13.180,-10.014
52.837,25.988,13.181,-10.013
52.858,25.927,13.181,-10.013
52.877,25.835,13.182,-10.013
52.898,25.774,13.183,-10.013
52.917,25.682,13.184,-10.012
52.937,25.621,13.184,-10.012
52.957,25.529,13.185,-10.012
52.978,25.468,13.185,-10.011
52.998,25.376,13.186,-10.011
53.018,25.314,13.187,-10.011
53.039,25.223,13.187,-10.010
53.058,25.161,13.187,-10.010
53.077,25.069,13.188,-10.010
53.099,25.008,13.188,-10.010
53.118,24.916,13.189,-10.009
53.138,24.855,13.189,-10.009
53.158,24.763,13.190,-10.008
53.179,24.702,13.190,-10.008
53.198,24.610,13.190,-10.008
53.218,24.549,13.191,-10.007
53.238,24.456,13.191,-10.007
53.257,24.395,13.191,-10.006
53.278,24.303,13.192,-10.006
53.298,24.242,13.192,-10.006
53.317,24.149,13.192,-10.005
53.338,24.088,13.192,-10.005
53.358,23.996,13.193,-10.004
53.378,23.934,13.193,-10.004
53.398,23.842,13.194,-10.003
53.418,23.780,13.194,-10.003
53.439,23.688,13.194,-10.002
53.458,23.626,13.194,-10.002
53.478,23.534,13.195,-10.002
53.498,23.472,13.195,-10.001
53.518,23.379,13.195,-10.001
53.538,23.317,13.196,-10.001
53.558,23.225,13.196,-10.000
53.578,23.163,13.196,-10.000
53.598,23.070,13.197,-10.000
53.619,23.009,13.197,-9.999
53.638,22.916,13.198,-9.999
53.658,22.854,13.198,-9.999
53.678,22.761,13.199,-9.999
53.698,22.700,13.199,-9.999
53.718,22.607,13.199,-9.999
53.737,22.545,13.199,-9.998
53.758,22.452,13.200,-9.998
53.778,22.390,13.200,-9.998
53.798,22.298,13.200,-9.998
53.818,22.236,13.201,-9.998
53.838,22.143,13.201,-9.998
53.858,22.081,13.201,-9.997
53.878,21.988,13.202,-9.997
53.898,21.926,13.202,-9.997
53.918,21.833,13.202,-9.997
53.937,21.771,13.203,-9.997
53.958,21.678,13.203,-9.996
53.978,21.617,13.203,-9.996
53.998,21.524,13.204,-9.996
54.018,21.462,13.204,-9.996
54.038,21.369,13.205,-9.996
54.058,21.307,13.205,-9.995
54.078,21.214,13.206,-9.995
54.098,21.152,13.207,-9.995
54.117,21.059,13.207,-9.995
54.138,20.997,13.208,-9.995
54.159,20.904,13.208,-9.994
54.179,20.842,13.209,-9.994
54.197,20.749,13.210,-9.994
54.218,20.688,13.210,-9.994
54.238,20.595,13.211,-9.994
54.257,20.533,13.212,-9.994
54.278,20.440,13.212,-9.994
54.298,20.378,13.213,-9.994
54.318,20.285,13.214,-9.994
54.338,20.223,13.214,-9.994
54.358,20.130,13.215,-9.994
54.378,20.068,13.216,-9.994
54.398,19.975,13.217,-9.994
54.419,19.913,13.218,-9.994
54.438,19.820,13.219,-9.994
54.457,19.758,13.220,-9.994
54.478,19.665,13.221,-9.994
54.498,19.603,13.222,-9.994
54.518,19.510,13.223,-9.994
54.538,19.448,13.224,-9.994
54.559,19.355,13.225,-9.995
54.578,19.293,13.226,-9.995
54.598,19.200,13.227,-9.995
54.618,19.138,13.228,-9.995
54.638,19.045,13.229,-9.995
54.658,18.983,13.230,-9.995
54.678,18.890,13.231,-9.995
54.698,18.828,13.231,-9.995
54.718,18.734,13.232,-9.995
54.738,18.672,13.233,-9.996
54.758,18.579,13.234,-9.996
54.777,18.517,13.234,-9.996
54.797,18.424,13.235,-9.996
54.818,18.361,13.236,-9.996
54.838,18.268,13.237,-9.996
54.858,18.206,13.237,-9.996
54.878,18.113,13.238,-9.996
54.898,18.051,13.238,-9.996
54.917,17.958,13.239,-9.997
54.938,17.896,13.239,-9.997
54.958,17.803,13.239,-9.997
54.978,17.741,13.239,-9.997
54.998,17.648,13.240,-9.997
55.018,17.586,13.240,-9.997
55.038,17.493,13.240,-9.997
55.057,17.431,13.240,-9.998
55.079,17.339,13.239,-9.998
55.098,17.277,13.239,-9.998
55.117,17.184,13.239,-9.998
55.138,17.122,13.239,-9.998
55.158,17.030,13.238,-9.998
55.178,16.968,13.238,-9.998
55.198,16.875,13.237,-9.998
55.218,16.813,13.237,-9.998
55.238,16.721,13.236,-9.998
55.258,16.659,13.236,-9.998
55.280,16.567,13.235,-9.998
55.298,16.505,13.235,-9.999
55.318,16.412,13.234,-9.999
55.338,16.351,13.234,-9.998
55.358,16.258,13.233,-9.998
55.377,16.197,13.232,-9.998
55.400,16.104,13.232,-9.998
55.418,16.043,13.231,-9.998
55.438,15.950,13.231,-9.998
55.458,15.889,13.231,-9.998
55.478,15.797,13.230,-9.998
55.498,15.735,13.230,-9.997
55.517,15.643,13.229,-9.997
55.538,15.581,13.229,-9.997
55.558,15.489,13.228,-9.997
55.577,15.428,13.228,-9.997
55.598,15.336,13.227,-9.997
55.618,15.275,13.226,-9.997
55.638,15.183,13.226,-9.996
55.657,15.121,13.225,-9.996
55.678,15.030,13.224,-9.996
55.698,14.968,13.224,-9.996
55.717,14.876,13.223,-9.996
55.738,14.815,13.222,-9.996
55.758,14.724,13.221,-9.996
55.777,14.662,13.221,-9.995
55.798,14.571,13.220,-9.995
55.818,14.509,13.219,-9.995
55.837,14.418,13.218,-9.995
55.858,14.356,13.217,-9.995
55.879,14.265,13.215,-9.995
55.898,14.204,13.214,-9.995
55.918,14.112,13.213,-9.995
55.938,14.051,13.212,-9.995
55.958,13.959,13.210,-9.995
55.977,13.898,13.209,-9.995
55.998,13.806,13.208,-9.995
56.018,13.745,13.206,-9.995
56.038,13.653,13.205,-9.995
56.058,13.592,13.203,-9.995
56.078,13.500,13.201,-9.995
56.098,13.439,13.200,-9.995
56.117,13.348,13.198,-9.994
56.138,13.287,13.197,-9.994
56.158,13.195,13.195,-9.994
56.178,13.134,13.194,-9.994
56.198,13.042,13.192,-9.994
56.218,12.982,13.191,-9.994
56.238,12.890,13.189,-9.993
56.258,12.829,13.188,-9.993
56.278,12.738,13.186,-9.993
56.298,12.677,13.185,-9.993
56.318,12.586,13.184,-9.992
56.338,12.525,13.183,-9.992
56.358,12.434,13.181,-9.992
56.377,12.373,13.180,-9.992
56.398,12.282,13.179,-9.992
56.418,12.221,13.178,-9.992
56.438,12.130,13.177,-9.991
56.457,12.070,13.176,-9.991
56.478,11.979,13.174,-9.991
56.498,11.918,13.174,-9.991
56.518,11.827,13.172,-9.991
56.538,11.766,13.171,-9.991
56.557,11.675,13.170,-9.991
56.578,11.614,13.169,-9.991
56.598,11.523,13.168,-9.991
56.619,11.462,13.168,-9.991
56.638,11.371,13.166,-9.991
56.658,11.310,13.166,-9.991
56.678,11.219,13.165,-9.991
56.697,11.159,13.164,-9.991
56.719,11.067,13.163,-9.991
56.738,11.007,13.163,-9.992
56.758,10.916,13.162,-9.992
56.778,10.855,13.161,-9.991
56.798,10.764,13.160,-9.991
56.818,10.703,13.160,-9.991
56.837,10.611,13.159,-9.991
56.859,10.551,13.158,-9.991
56.878,10.459,13.157,-9.991
56.898,10.398,13.156,-9.991
56.918,10.307,13.155,-9.991
56.938,10.246,13.154,-9.990
56.958,10.155,13.153,-9.990
56.977,10.094,13.152,-9.990
56.998,10.002,13.151,-9.990
57.018,9.941,13.150,-9.989
57.038,9.850,13.148,-9.989
57.059,9.789,13.147,-9.989
57.078,9.697,13.146,-9.988
57.098,9.636,13.145,-9.988
57.118,9.544,13.144,-9.988
57.138,9.483,13.143,-9.988
57.157,9.392,13.141,-9.987
57.178,9.330,13.140,-9.987
57.198,9.239,13.139,-9.987
57.218,9.178,13.138,-9.986
57.238,9.086,13.136,-9.986
57.258,9.025,13.135,-9.986
57.278,8.933,13.134,-9.985
57.297,8.872,13.133,-9.985
57.318,8.781,13.131,-9.985
57.338,8.720,13.130,-9.984
57.357,8.628,13.129,-9.984
57.378,8.567,13.128,-9.984
57.398,8.476,13.127,-9.984
57.418,8.415,13.126,-9.984
57.438,8.324,13.124,-9.984
57.459,8.263,13.123,-9.983
57.478,8.171,13.122,-9.983
57.498,8.111,13.121,-9.983
57.518,8.020,13.120,-9.983
57.538,7.959,13.119,-9.983
57.557,7.868,13.117,-9.983
57.578,7.807,13.116,-9.983
57.598,7.716,13.115,-9.983
57.618,7.656,13.114,-9.983
57.638,7.565,13.113,-9.983
57.658,7.504,13.112,-9.983
57.678,7.414,13.110,-9.983
57.698,7.353,13.110,-9.984
57.718,7.263,13.108,-9.984
57.738,7.203,13.107,-9.984
57.758,7.112,13.106,-9.984
57.778,7.052,13.105,-9.984
57.798,6.962,13.104,-9.985
57.818,6.902,13.104,-9.985
57.838,6.812,13.102,-9.985
57.858,6.752,13.102,-9.986
57.878,6.662,13.101,-9.986
57.897,6.602,13.100,-9.986
57.918,6.512,13.099,-9.987
57.938,6.453,13.098,-9.987
57.958,6.363,13.097,-9.987
57.978,6.303,13.097,-9.988
57.998,6.214,13.096,-9.988
58.018,6.154,13.095,-9.988
58.038,6.064,13.094,-9.989
58.058,6.005,13.094,-9.989
58.078,5.915,13.093,-9.989
58.097,5.855,13.093,-9.989
58.118,5.766,13.092,-9.990
58.138,5.706,13.091,-9.990
58.157,5.616,13.091,-9.990
58.178,5.557,13.090,-9.990
58.198,5.467,13.090,-9.990
58.218,5.407,13.089,-9.990
58.238,5.318,13.089,-9.990
58.259,5.258,13.088,-9.990
58.278,5.168,13.088,-9.990
58.298,5.108,13.087,-9.991
58.320,5.019,13.087,-9.991
58.338,4.959,13.086,-9.991
58.358,4.869,13.086,-9.991
58.378,4.810,13.085,-9.991
58.398,4.720,13.085,-9.991
58.418,4.661,13.084,-9.991
58.438,4.571,13.084,-9.992
58.458,4.512,13.083,-9.992
58.478,4.422,13.083,-9.992
58.498,4.363,13.082,-9.992
58.518,4.274,13.082,-9.992
58.538,4.214,13.081,-9.992
58.558,4.125,13.081,-9.993
58.578,4.066,13.080,-9.993
58.598,3.976,13.080,-9.993
58.618,3.917,13.079,-9.993
58.638,3.827,13.078,-9.993
58.658,3.768,13.078,-9.994
58.678,3.679,13.077,-9.994
58.698,3.619,13.077,-9.994
58.718,3.530,13.076,-9.994
58.738,3.470,13.075,-9.995
58.758,3.380,13.075,-9.995
58.778,3.321,13.074,-9.995
58.797,3.231,13.073,-9.995
58.818,3.172,13.073,-9.995
58.837,3.082,13.072,-9.996
58.859,3.023,13.071,-9.996
58.877,2.933,13.070,-9.996
58.898,2.874,13.070,-9.996
58.918,2.784,13.069,-9.996
58.938,2.725,13.068,-9.996
58.957,2.636,13.067,-9.996
58.978,2.576,13.067,-9.996
58.998,2.487,13.066,-9.996
59.017,2.428,13.065,-9.996
59.038,2.339,13.064,-9.996
59.058,2.280,13.063,-9.996
59.078,2.191,13.062,-9.996
59.098,2.132,13.062,-9.996
59.118,2.044,13.061,-9.996
59.138,1.984,13.060,-9.996
59.158,1.896,13.059,-9.995
59.179,1.837,13.059,-9.995
59.197,1.748,13.058,-9.995
59.218,1.690,13.057,-9.995
59.238,1.601,13.057,-9.995
59.258,1.542,13.056,-9.994
59.277,1.454,13.056,-9.994
59.298,1.395,13.055,-9.994
59.318,1.307,13.054,-9.994
59.338,1.248,13.054,-9.993
59.358,1.160,13.053,-9.993
59.378,1.101,13.053,-9.993
59.398,1.013,13.052,-9.993
59.418,0.954,13.052,-9.993
59.438,0.866,13.052,-9.993
59.458,0.807,13.051,-9.992
59.477,0.719,13.051,-9.992
59.498,0.661,13.050,-9.992
59.518,0.573,13.050,-9.992
59.537,0.515,13.049,-9.992
59.557,0.427,13.049,-9.992
59.578,0.368,13.048,-9.992
59.598,0.281,13.048,-9.992
59.618,0.222,13.048,-9.992
59.638,0.135,13.047,-9.992
59.658,0.076,13.047,-9.992
59.678,-0.011,13.046,-9.992
59.698,-0.070,13.046,-9.992
59.718,-0.157,13.046,-9.992
59.737,-0.216,13.046,-9.992
59.758,-0.303,13.046,-9.992
59.778,-0.362,13.046,-9.992
59.798,-0.450,13.045,-9.992
59.818,-0.508,13.045,-9.992
59.838,-0.596,13.046,-9.992
59.858,-0.654,13.046,-9.992
59.878,-0.742,13.046,-9.992
59.900,-0.801,13.046,-9.992
59.918,-0.888,13.046,-9.992
59.937,-0.947,13.046,-9.992
59.958,-1.035,13.047,-9.992
59.978,-1.093,13.047,-9.992
59.998,-1.181,13.048,-9.992
60.018,-1.239,13.048,-9.992
60.038,-1.327,13.048,-9.992
60.057,-1.385,13.049,-9.992
60.078,-1.473,13.049,-9.992
60.098,-1.531,13.050,-9.992
60.118,-1.619,13.051,-9.992
60.138,-1.677,13.051,-9.992
60.158,-1.765,13.052,-9.992
60.178,-1.824,13.052,-9.992
60.198,-1.911,13.053,-9.992
60.218,-1.970,13.053,-9.992
60.238,-2.058,13.054,-9.992
60.258,-2.116,13.055,-9.992
60.278,-2.204,13.055,-9.991
60.298,-2.262,13.056,-9.991
60.318,-2.350,13.057,-9.991
60.338,-2.408,13.057,-9.991
60.358,-2.496,13.058,-9.991
60.378,-2.554,13.059,-9.991
60.397,-2.642,13.059,-9.991
60.418,-2.700,13.060,-9.991
60.438,-2.788,13.061,-9.990
60.457,-2.846,13.061,-9.990
60.478,-2.933,13.062,-9.990
60.498,-2.991,13.063,-9.990
60.518,-3.078,13.064,-9.990
60.538,-3.136,13.064,-9.990
60.558,-3.223,13.065,-9.989
60.578,-3.281,13.066,-9.989
60.597,-3.367,13.067,-9.989
60.618,-3.424,13.068,-9.990
60.638,-3.481,13.068,-9.990
60.658,-3.567,13.070,-9.990
60.679,-3.651,13.071,-9.990
60.698,-3.707,13.072,-9.991
60.718,-3.791,13.073,-9.991
60.738,-3.846,13.074,-9.992
60.758,-3.929,13.075,-9.993
60.778,-3.983,13.076,-9.993
60.798,-4.064,13.077,-9.994
60.820,-4.118,13.078,-9.995
60.838,-4.197,13.079,-9.996
60.858,-4.250,13.080,-9.996
60.878,-4.327,13.081,-9.997
60.898,-4.378,13.082,-9.998
60.918,-4.454,13.083,-9.999
60.938,-4.504,13.084,-10.000
60.958,-4.577,13.085,-10.001
60.978,-4.625,13.086,-10.002
60.998,-4.696,13.087,-10.003
61.019,-4.742,13.088,-10.004
61.038,-4.811,13.089,-10.005
61.057,-4.855,13.090,-10.006
61.078,-4.921,13.091,-10.007
61.097,-4.964,13.092,-10.008
61.117,-5.028,13.093,-10.009
61.137,-5.069,13.094,-10.010
61.158,-5.129,13.095,-10.012
61.178,-5.168,13.095,-10.014
61.198,-5.226,13.096,-10.017
61.218,-5.263,13.097,-10.019
61.238,-5.318,13.098,-10.023
61.257,-5.354,13.099,-10.025
61.278,-5.407,13.101,-10.029
61.298,-5.443,13.103,-10.031
61.318,-5.494,13.106,-10.035
61.338,-5.529,13.109,-10.037
61.358,-5.580,13.114,-10.040
61.378,-5.614,13.119,-10.043
61.398,-5.665,13.127,-10.045
61.419,-5.699,13.133,-10.047
61.438,-5.749,13.145,-10.049
61.458,-5.782,13.154,-10.050
61.480,-5.832,13.170,-10.051
61.498,-5.865,13.182,-10.051
61.517,-5.915,13.203,-10.050
61.538,-5.947,13.219,-10.049
61.558,-5.995,13.245,-10.047
61.578,-6.027,13.265,-10.045
61.598,-6.073,13.296,-10.042
61.618,-6.103,13.320,-10.039
61.638,-6.148,13.357,-10.033
61.657,-6.177,13.384,-10.029
61.679,-6.219,13.427,-10.022
61.698,-6.246,13.457,-10.018
61.718,-6.285,13.506,-10.009
61.738,-6.309,13.540,-10.003
61.758,-6.345,13.594,-9.994
61.777,-6.367,13.632,-9.987
61.797,-6.398,13.691,-9.977
61.818,-6.418,13.732,-9.969
61.837,-6.445,13.796,-9.958
61.858,-6.462,13.839,-9.950
61.878,-6.485,13.907,-9.939
61.898,-6.499,13.953,-9.931
61.917,-6.517,14.024,-9.920
61.938,-6.527,14.072,-9.912
61.958,-6.541,14.146,-9.902
61.978,-6.548,14.197,-9.895
61.998,-6.557,14.273,-9.886
62.018,-6.561,14.325,-9.881
62.038,-6.565,14.403,-9.874
62.058,-6.566,14.456,-9.870
62.079,-6.566,14.535,-9.865
62.098,-6.565,14.589,-9.863
62.117,-6.560,14.669,-9.861
62.138,-6.556,14.723,-9.860
62.158,-6.549,14.803,-9.860
62.178,-6.543,14.856,-9.861
62.198,-6.533,14.936,-9.863
62.219,-6.525,14.989,-9.865
62.238,-6.513,15.067,-9.869
62.258,-6.504,15.119,-9.871
62.278,-6.490,15.196,-9.876
62.298,-6.480,15.247,-9.880
62.317,-6.464,15.323,-9.885
62.338,-6.454,15.373,-9.889
62.358,-6.437,15.446,-9.896
62.377,-6.426,15.495,-9.900
62.398,-6.409,15.566,-9.907
62.418,-6.398,15.614,-9.912
62.438,-6.381,15.683,-9.920
62.458,-6.369,15.729,-9.925
62.478,-6.352,15.796,-9.934
62.498,-6.340,15.840,-9.940
62.518,-6.323,15.905,-9.948
62.538,-6.312,15.947,-9.954
62.558,-6.295,16.010,-9.963
62.577,-6.284,16.051,-9.969
62.598,-6.268,16.111,-9.978
62.619,-6.257,16.150,-9.984
62.638,-6.240,16.207,-9.992
62.658,-6.229,16.245,-9.998
62.678,-6.212,16.299,-10.007
62.698,-6.200,16.335,-10.012
62.717,-6.182,16.387,-10.020
62.738,-6.169,16.420,-10.025
62.758,-6.149,16.468,-10.032
62.777,-6.135,16.499,-10.037
62.798,-6.112,16.544,-10.043
62.818,-6.096,16.572,-10.047
62.838,-6.069,16.613,-10.052
62.857,-6.050,16.639,-10.056
62.878,-6.020,16.675,-10.060
62.898,-5.998,16.698,-10.063
62.918,-5.964,16.731,-10.066
62.938,-5.939,16.751,-10.068
62.958,-5.900,16.780,-10.071
62.978,-5.873,16.797,-10.072
62.998,-5.829,16.821,-10.074
63.018,-5.798,16.836,-10.075
63.038,-5.749,16.856,-10.077
63.058,-5.715,16.869,-10.077
63.078,-5.662,16.885,-10.078
63.097,-5.625,16.895,-10.078
63.118,-5.567,16.909,-10.078
63.138,-5.527,16.917,-10.078
63.158,-5.465,16.927,-10.077
63.178,-5.423,16.933,-10.076
63.198,-5.357,16.941,-10.075
63.218,-5.312,16.946,-10.074
63.237,-5.243,16.952,-10.072
63.258,-5.196,16.955,-10.071
63.278,-5.124,16.959,-10.069
63.298,-5.074,16.961,-10.067
63.318,-4.999,16.964,-10.064
63.338,-4.948,16.965,-10.063
63.357,-4.870,16.966,-10.060
63.378,-4.818,16.966,-10.058
63.398,-4.737,16.966,-10.055
63.418,-4.683,16.965,-10.053
63.438,-4.601,16.964,-10.050
63.459,-4.546,16.963,-10.049
63.478,-4.462,16.961,-10.046
63.497,-4.406,16.960,-10.044
63.518,-4.321,16.958,-10.042
63.538,-4.264,16.956,-10.040
63.558,-4.177,16.953,-10.038
63.578,-4.119,16.951,-10.037
63.598,-4.032,16.948,-10.035
63.618,-3.973,16.945,-10.034
63.637,-3.885,16.942,-10.032
63.660,-3.825,16.940,-10.031
63.678,-3.736,16.936,-10.030
63.698,-3.677,16.934,-10.029
63.718,-3.587,16.930,-10.028
63.738,-3.527,16.928,-10.027
63.758,-3.437,16.924,-10.026
63.777,-3.376,16.922,-10.026
63.798,-3.286,16.918,-10.025
63.818,-3.226,16.916,-10.024
63.837,-3.135,16.913,-10.024
63.858,-3.075,16.910,-10.024
63.878,-2.984,16.907,-10.023
63.897,-2.923,16.905,-10.023
63.918,-2.833,16.902,-10.023
63.938,-2.772,16.900,-10.022
63.957,-2.682,16.897,-10.022
63.978,-2.621,16.895,-10.022
63.998,-2.531,16.893,-10.021
64.018,-2.470,16.891,-10.021
64.038,-2.380,16.889,-10.021
64.058,-2.319,16.888,-10.021
64.078,-2.229,16.886,-10.021
64.097,-2.169,16.885,-10.021
64.118,-2.078,16.883,-10.021
64.138,-2.018,16.882,-10.020
64.158,-1.928,16.881,-10.020
64.178,-1.868,16.880,-10.020
64.198,-1.778,16.879,-10.020
64.218,-1.718,16.879,-10.020
64.238,-1.627,16.878,-10.020
64.258,-1.567,16.878,-10.020
64.278,-1.477,16.878,-10.020
64.298,-1.417,16.877,-10.020
64.318,-1.327,16.877,-10.019
64.338,-1.267,16.877,-10.019
64.358,-1.177,16.878,-10.019
64.378,-1.117,16.878,-10.019
64.398,-1.027,16.879,-10.019
64.418,-0.967,16.879,-10.019
64.438,-0.877,16.880,-10.019
64.458,-0.817,16.880,-10.019
64.478,-0.727,16.881,-10.019
64.498,-0.667,16.882,-10.019
64.520,-0.577,16.884,-10.019
64.538,-0.517,16.884,-10.018
64.557,-0.427,16.886,-10.018
64.578,-0.367,16.887,-10.018
64.598,-0.277,16.889,-10.018
64.617,-0.217,16.890,-10.018
64.638,-0.128,16.892,-10.018
64.658,-0.068,16.893,-10.018
64.677,0.022,16.895,-10.018
64.697,0.082,16.896,-10.017
64.718,0.172,16.898,-10.017
64.738,0.232,16.899,-10.017
64.758,0.322,16.901,-10.017
64.779,0.381,16.903,-10.017
64.798,0.471,16.905,-10.017
64.817,0.531,16.906,-10.017
64.838,0.621,16.908,-10.017
64.858,0.681,16.910,-10.017
64.878,0.771,16.912,-10.016
64.897,0.831,16.913,-10.016
64.918,0.921,16.915,-10.016
64.938,0.981,16.916,-10.015
64.957,1.071,16.918,-10.015
64.979,1.131,16.920,-10.014
64.998,1.221,16.922,-10.014
65.017,1.281,16.923,-10.013
65.038,1.371,16.925,-10.013
65.058,1.431,16.927,-10.013
65.077,1.521,16.929,-10.012
65.097,1.581,16.930,-10.012
65.118,1.671,16.932,-10.011
65.137,1.731,16.933,-10.011
65.158,1.821,16.935,-10.010
65.179,1.881,16.937,-10.010
65.198,1.972,16.939,-10.009
65.218,2.032,16.940,-10.009
65.238,2.122,16.942,-10.008
65.258,2.182,16.943,-10.008
65.277,2.273,16.945,-10.007
65.298,2.333,16.946,-10.007
65.318,2.424,16.948,-10.007
65.338,2.484,16.949,-10.006
65.358,2.575,16.951,-10.006
65.378,2.635,16.952,-10.005
65.398,2.725,16.954,-10.005
65.417,2.786,16.955,-10.005
65.438,2.876,16.957,-10.005
65.458,2.937,16.958,-10.004
65.477,3.028,16.960,-10.004
65.498,3.088,16.961,-10.004
65.518,3.179,16.963,-10.004
65.538,3.239,16.964,-10.004
65.558,3.330,16.966,-10.004
65.581,3.391,16.967,-10.003
65.598,3.482,16.969,-10.003
65.618,3.542,16.970,-10.003
65.638,3.633,16.971,-10.003
65.658,3.694,16.972,-10.003
65.678,3.785,16.974,-10.003
65.698,3.846,16.975,-10.003
65.719,3.937,16.976,-10.003
65.738,3.998,16.977,-10.003
65.758,4.089,16.978,-10.003
65.778,4.150,16.979,-10.003
65.798,4.242,16.980,-10.003
65.818,4.303,16.981,-10.003
65.838,4.394,16.982,-10.003
65.857,4.455,16.983,-10.003
65.878,4.547,16.983,-10.003
65.898,4.608,16.984,-10.003
65.918,4.699,16.985,-10.003
65.938,4.760,16.985,-10.002
65.958,4.852,16.986,-10.002
65.978,4.913,16.986,-10.002
65.997,5.005,16.986,-10.002
66.018,5.066,16.986,-10.002
66.038,5.158,16.987,-10.002
66.058,5.219,16.987,-10.002
66.078,5.311,16.987,-10.001
66.098,5.373,16.987,-10.001
66.118,5.465,16.987,-10.001
66.138,5.526,16.987,-10.001
66.159,5.618,16.987,-10.001
66.178,5.679,16.987,-10.000
66.198,5.771,16.987,-10.000
66.218,5.832,16.987,-10.000
66.238,5.924,16.987,-9.999
66.258,5.985,16.987,-9.999
66.278,6.077,16.987,-9.999
66.298,6.138,16.987,-9.999
66.318,6.230,16.987,-9.998
66.338,6.291,16.986,-9.998
66.358,6.383,16.986,-9.997
66.378,6.444,16.986,-9.997
66.397,6.536,16.986,-9.997
66.418,6.597,16.986,-9.996
66.438,6.688,16.985,-9.996
66.458,6.750,16.985,-9.995
66.477,6.841,16.985,-9.995
66.498,6.902,16.985,-9.994
66.518,6.994,16.984,-9.994
66.538,7.055,16.984,-9.994
66.558,7.147,16.983,-9.993
66.578,7.208,16.983,-9.993
66.598,7.300,16.982,-9.992
66.618,7.361,16.982,-9.992
66.638,7.453,16.981,-9.991
66.657,7.515,16.981,-9.991
66.677,7.607,16.980,-9.990
66.698,7.668,16.980,-9.990
66.718,7.760,16.979,-9.990
66.737,7.821,16.979,-9.989
66.758,7.913,16.978,-9.989
66.778,7.975,16.978,-9.988
66.797,8.067,16.977,-9.988
66.818,8.128,16.977,-9.987
66.838,8.220,16.976,-9.987
66.858,8.281,16.976,-9.986
66.878,8.373,16.975,-9.986
66.898,8.435,16.975,-9.986
66.918,8.526,16.974,-9.985
66.937,8.588,16.974,-9.985
66.958,8.680,16.973,-9.984
66.978,8.741,16.973,-9.984
66.998,8.833,16.973,-9.983
67.018,8.894,16.972,-9.983
67.041,8.986,16.972,-9.983
67.058,9.047,16.972,-9.982
67.078,9.138,16.971,-9.982
67.098,9.200,16.971,-9.982
67.118,9.291,16.970,-9.981
67.138,9.352,16.970,-9.981
67.159,9.444,16.969,-9.981
67.178,9.505,16.969,-9.981
67.197,9.597,16.969,-9.981
67.218,9.658,16.968,-9.981
67.238,9.749,16.968,-9.981
67.258,9.810,16.967,-9.981
67.278,9.902,16.967,-9.981
67.298,9.963,16.966,-9.981
67.318,10.054,16.966,-9.981
67.337,10.115,16.965,-9.981
67.358,10.207,16.965,-9.981
67.378,10.268,16.964,-9.981
67.397,10.359,16.964,-9.982
67.418,10.421,16.963,-9.982
67.438,10.512,16.962,-9.982
67.458,10.573,16.962,-9.982
67.478,10.665,16.961,-9.983
67.498,10.726,16.961,-9.983
67.518,10.817,16.960,-9.984
67.538,10.879,16.959,-9.984
67.559,10.970,16.958,-9.985
67.578,11.031,16.958,-9.985
67.598,11.123,16.957,-9.985
67.617,11.184,16.957,-9.986
67.638,11.276,16.956,-9.986
67.657,11.337,16.955,-9.987
67.678,11.429,16.954,-9.987
67.698,11.490,16.954,-9.987
67.718,11.582,16.953,-9.988
67.738,11.643,16.952,-9.988
67.758,11.734,16.951,-9.988
67.778,11.795,16.950,-9.989
67.798,11.887,16.949,-9.989
67.820,11.948,16.949,-9.989
67.838,12.040,16.948,-9.989
67.857,12.101,16.947,-9.990
67.878,12.192,16.946,-9.990
67.899,12.254,16.945,-9.990
67.917,12.345,16.944,-9.990
67.938,12.406,16.944,-9.991
67.958,12.498,16.943,-9.991
67.978,12.559,16.942,-9.991
67.998,12.650,16.941,-9.991
68.018,12.711,16.940,-9.991
68.038,12.803,16.939,-9.991
68.057,12.864,16.939,-9.992
68.078,12.956,16.938,-9.992
68.098,13.017,16.937,-9.992
68.118,13.108,16.936,-9.992
68.138,13.169,16.935,-9.992
68.160,13.261,16.934,-9.992
68.178,13.322,16.933,-9.992
68.197,13.413,16.932,-9.992
68.218,13.475,16.931,-9.992
68.237,13.566,16.930,-9.992
68.257,13.627,16.930,-9.992
68.278,13.719,16.929,-9.992
68.298,13.780,16.928,-9.992
68.317,13.872,16.927,-9.992
68.338,13.933,16.926,-9.992
68.358,14.025,16.925,-9.992
68.377,14.087,16.925,-9.992
68.398,14.178,16.924,-9.992
68.418,14.240,16.924,-9.992
68.437,14.332,16.923,-9.992
68.457,14.393,16.923,-9.992
68.478,14.485,16.922,-9.992
68.498,14.546,16.921,-9.993
68.518,14.638,16.921,-9.993
68.538,14.699,16.920,-9.993
68.558,14.791,16.920,-9.993
68.578,14.853,16.919,-9.993
68.598,14.945,16.919,-9.993
68.618,15.006,16.919,-9.993
68.638,15.098,16.918,-9.993
68.657,15.159,16.918,-9.993
68.679,15.251,16.918,-9.993
68.698,15.312,16.917,-9.993
68.717,15.404,16.917,-9.993
68.738,15.466,16.917,-9.993
68.758,15.558,16.916,-9.994
68.778,15.619,16.916,-9.994
68.798,15.711,16.916,-9.994
68.819,15.772,16.916,-9.994
68.838,15.864,16.916,-9.994
68.858,15.925,16.915,-9.994
68.878,16.017,16.915,-9.995
68.898,16.079,16.915,-9.995
68.917,16.171,16.915,-9.995
68.938,16.232,16.915,-9.995
68.958,16.324,16.914,-9.996
68.977,16.385,16.914,-9.996
68.998,16.477,16.914,-9.996
69.018,16.538,16.914,-9.996
69.038,16.630,16.913,-9.997
69.058,16.691,16.913,-9.997
69.078,16.783,16.913,-9.998
69.098,16.844,16.913,-9.998
69.118,16.936,16.912,-9.998
69.138,16.997,16.912,-9.999
69.158,17.089,16.912,-9.999
69.178,17.150,16.912,-9.999
69.198,17.241,16.911,-10.000
69.218,17.302,16.911,-10.000
69.238,17.394,16.911,-10.000
69.258,17.455,16.911,-10.000
69.278,17.546,16.910,-10.001
69.298,17.607,16.910,-10.001
69.318,17.698,16.910,-10.001
69.338,17.759,16.909,-10.001
69.358,17.851,16.909,-10.001
69.378,17.912,16.909,-10.002
69.398,18.003,16.909,-10.002
69.418,18.064,16.908,-10.002
69.437,18.155,16.908,-10.002
69.458,18.216,16.908,-10.002
69.478,18.307,16.908,-10.002
69.498,18.368,16.908,-10.002
69.518,18.459,16.907,-10.002
69.538,18.520,16.907,-10.002
69.558,18.611,16.907,-10.002
69.577,18.672,16.907,-10.002
69.598,18.763,16.906,-10.002
69.618,18.824,16.906,-10.002
69.637,18.915,16.906,-10.002
69.658,18.975,16.905,-10.002
69.678,19.066,16.905,-10.003
69.698,19.127,16.905,-10.003
69.718,19.218,16.905,-10.003
69.738,19.279,16.904,-10.003
69.758,19.370,16.904,-10.003
69.778,19.430,16.904,-10.003
69.798,19.521,16.904,-10.003
69.818,19.582,16.903,-10.003
69.838,19.673,16.903,-10.003
69.858,19.733,16.903,-10.003
69.878,19.824,16.903,-10.003
69.898,19.884,16.902,-10.003
69.918,19.975,16.902,-10.003
69.938,20.035,16.902,-10.003
69.958,20.126,16.902,-10.003
69.978,20.187,16.901,-10.003
70.000,20.277,16.901,-10.003
70.018,20.338,16.901,-10.003
70.038,20.429,16.901,-10.003
70.058,20.489,16.901,-10.003
70.078,20.580,16.900,-10.003
70.097,20.640,16.900,-10.003
70.118,20.731,16.900,-10.003
70.138,20.791,16.900,-10.003
70.158,20.882,16.899,-10.003
70.179,20.942,16.899,-10.003
70.198,21.033,16.899,-10.003
70.217,21.093,16.898,-10.003
70.238,21.184,16.898,-10.003
70.258,21.244,16.898,-10.004
70.278,21.335,16.897,-10.004
70.298,21.395,16.897,-10.004
70.320,21.486,16.896,-10.004
70.338,21.546,16.896,-10.004
70.358,21.637,16.895,-10.004
70.378,21.697,16.895,-10.004
70.398,21.788,16.894,-10.005
70.418,21.848,16.894,-10.005
70.438,21.939,16.893,-10.005
70.458,21.999,16.893,-10.005
70.478,22.090,16.892,-10.005
70.498,22.150,16.892,-10.005
70.518,22.241,16.891,-10.005
70.538,22.301,16.891,-10.005
70.559,22.391,16.890,-10.005
70.578,22.452,16.889,-10.005
70.598,22.542,16.888,-10.005
70.618,22.603,16.887,-10.005
70.638,22.693,16.886,-10.006
70.658,22.753,16.886,-10.006
70.678,22.844,16.885,-10.006
70.697,22.904,16.884,-10.006
70.718,22.994,16.883,-10.006
70.738,23.055,16.882,-10.006
70.758,23.145,16.881,-10.007
70.778,23.205,16.880,-10.007
70.798,23.296,16.879,-10.007
70.818,23.356,16.878,-10.007
70.838,23.446,16.877,-10.007
70.858,23.506,16.877,-10.008
70.878,23.597,16.876,-10.008
70.898,23.657,16.875,-10.008
70.918,23.747,16.874,-10.008
70.938,23.807,16.874,-10.008
70.958,23.897,16.873,-10.009
70.978,23.957,16.872,-10.009
70.998,24.047,16.872,-10.009
71.018,24.107,16.871,-10.009
71.038,24.197,16.870,-10.009
71.058,24.257,16.870,-10.009
71.077,24.347,16.869,-10.009
71.098,24.407,16.869,-10.009
71.118,24.497,16.868,-10.009
71.138,24.557,16.868,-10.009
71.158,24.647,16.868,-10.010
71.179,24.707,16.867,-10.010
71.198,24.797,16.867,-10.010
71.218,24.857,16.867,-10.010
71.238,24.947,16.866,-10.009
71.258,25.007,16.866,-10.009
71.278,25.097,16.865,-10.009
71.298,25.156,16.865,-10.009
71.319,25.246,16.865,-10.009
71.338,25.306,16.865,-10.009
71.358,25.396,16.865,-10.009
71.378,25.456,16.864,-10.009
71.398,25.545,16.864,-10.009
71.418,25.605,16.864,-10.009
71.438,25.694,16.864,-10.008
71.458,25.754,16.864,-10.008
71.478,25.843,16.864,-10.008
71.498,25.903,16.864,-10.008
71.518,25.992,16.864,-10.008
71.538,26.051,16.864,-10.008
71.558,26.140,16.864,-10.007
71.578,26.200,16.864,-10.007
71.598,26.289,16.864,-10.007
71.618,26.348,16.864,-10.007
71.638,26.437,16.864,-10.006
71.658,26.496,16.864,-10.006
71.678,26.585,16.864,-10.006
71.698,26.644,16.864,-10.006
71.718,26.733,16.864,-10.006
71.738,26.793,16.865,-10.005
71.758,26.882,16.865,-10.005
71.779,26.941,16.865,-10.005
71.798,27.030,16.865,-10.005
71.818,27.089,16.865,-10.005
71.838,27.178,16.866,-10.005
71.858,27.238,16.866,-10.005
71.878,27.327,16.866,-10.005
71.898,27.386,16.866,-10.005
71.918,27.475,16.867,-10.004
71.938,27.534,16.867,-10.004
71.958,27.623,16.868,-10.004
71.978,27.682,16.868,-10.004
71.998,27.771,16.869,-10.004
72.018,27.830,16.869,-10.004
72.038,27.919,16.870,-10.004
72.058,27.978,16.870,-10.003
72.078,28.067,16.870,-10.003
72.098,28.126,16.871,-10.003
72.118,28.214,16.871,-10.003
72.138,28.273,16.872,-10.003
72.158,28.362,16.872,-10.002
72.178,28.421,16.872,-10.002
72.198,28.510,16.873,-10.002
72.218,28.569,16.873,-10.002
72.238,28.657,16.873,-10.002
72.258,28.716,16.873,-10.001
72.278,28.805,16.873,-10.001
72.299,28.864,16.873,-10.001
72.318,28.952,16.874,-10.001
72.338,29.011,16.874,-10.001
72.358,29.100,16.874,-10.001
72.378,29.158,16.874,-10.001
72.398,29.247,16.874,-10.001
72.418,29.305,16.875,-10.001
72.438,29.394,16.875,-10.001
72.458,29.452,16.875,-10.000
72.478,29.540,16.875,-10.000
72.498,29.599,16.876,-10.000
72.518,29.687,16.876,-10.000
72.538,29.746,16.876,-10.000
72.559,29.834,16.877,-10.000
72.578,29.893,16.877,-10.000
72.598,29.981,16.878,-10.000
72.617,30.039,16.878,-10.000
72.638,30.127,16.879,-10.000
72.658,30.186,16.879,-10.000
72.678,30.274,16.880,-10.000
72.698,30.333,16.880,-10.000
72.720,30.421,16.881,-9.999
72.738,30.480,16.881,-9.999
72.758,30.568,16.882,-9.999
72.778,30.626,16.882,-9.999
72.797,30.715,16.883,-9.999
72.818,30.773,16.883,-9.999
72.840,30.862,16.884,-9.999
72.858,30.920,16.885,-9.999
72.878,31.009,16.885,-9.999
72.899,31.068,16.886,-9.999
72.918,31.156,16.886,-9.999
72.937,31.215,16.887,-9.999
72.958,31.303,16.888,-9.999
72.978,31.362,16.888,-9.999
72.998,31.450,16.889,-9.999
73.018,31.509,16.889,-9.999
73.038,31.598,16.890,-9.999
73.058,31.657,16.890,-9.999
73.078,31.745,16.891,-9.999
73.098,31.804,16.891,-9.999
73.118,31.893,16.892,-9.999
73.138,31.952,16.892,-9.999
73.158,32.041,16.893,-9.999
73.179,32.100,16.893,-9.999
73.197,32.189,16.894,-9.999
73.218,32.248,16.895,-9.999
73.238,32.337,16.895,-9.999
73.257,32.396,16.896,-9.999
73.278,32.485,16.896,-9.999
73.298,32.544,16.897,-9.999
73.318,32.633,16.897,-9.998
73.337,32.692,16.898,-9.998
73.358,32.780,16.899,-9.998
73.378,32.839,16.899,-9.998
73.398,32.928,16.900,-9.998
73.418,32.987,16.900,-9.997
73.438,33.075,16.901,-9.997
73.458,33.134,16.902,-9.997
73.478,33.221,16.902,-9.996
73.498,33.280,16.903,-9.996
73.518,33.367,16.903,-9.996
73.537,33.425,16.904,-9.996
73.558,33.511,16.904,-9.996
73.578,33.569,16.905,-9.996
73.597,33.654,16.905,-9.996
73.618,33.711,16.905,-9.996
73.638,33.795,16.906,-9.996
73.658,33.851,16.906,-9.996
73.678,33.935,16.906,-9.996
73.698,33.990,16.906,-9.996
73.718,34.071,16.907,-9.997
73.738,34.125,16.907,-9.997
73.758,34.205,16.907,-9.997
73.778,34.258,16.907,-9.998
73.798,34.336,16.907,-9.998
73.818,34.388,16.907,-9.998
73.838,34.464,16.907,-9.999
73.857,34.513,16.907,-9.999
73.878,34.587,16.907,-9.999
73.900,34.636,16.907,-10.000
73.917,34.707,16.907,-10.000
73.938,34.754,16.907,-10.000
73.958,34.822,16.907,-10.001
73.978,34.867,16.907,-10.001
73.998,34.934,16.907,-10.001
74.019,34.977,16.907,-10.001
74.038,35.041,16.907,-10.002
74.057,35.082,16.907,-10.003
74.079,35.143,16.906,-10.005
74.098,35.182,16.906,-10.006
74.117,35.239,16.906,-10.009
74.138,35.276,16.906,-10.010
74.158,35.329,16.906,-10.013
74.178,35.363,16.907,-10.014
74.198,35.413,16.908,-10.016
74.218,35.444,16.909,-10.018
74.238,35.489,16.911,-10.019
74.257,35.517,16.913,-10.019
74.278,35.557,16.917,-10.019
74.298,35.582,16.920,-10.019
74.318,35.617,16.926,-10.018
74.338,35.639,16.932,-10.017
74.358,35.669,16.941,-10.014
74.378,35.687,16.949,-10.012
74.398,35.712,16.963,-10.008
74.418,35.728,16.973,-10.005
74.438,35.748,16.991,-10.000
74.458,35.760,17.005,-9.996
74.478,35.777,17.028,-9.989
74.498,35.787,17.045,-9.984
74.518,35.799,17.074,-9.976
74.538,35.807,17.094,-9.971
74.558,35.816,17.128,-9.962
74.578,35.822,17.153,-9.956
74.598,35.829,17.192,-9.946
74.619,35.833,17.221,-9.939
74.638,35.838,17.266,-9.929
74.657,35.841,17.298,-9.922
74.678,35.844,17.348,-9.911
74.698,35.846,17.384,-9.904
74.717,35.849,17.440,-9.894
74.738,35.850,17.478,-9.886
74.758,35.852,17.539,-9.876
74.778,35.853,17.581,-9.869
74.798,35.854,17.645,-9.859
74.818,35.855,17.690,-9.853
74.838,35.856,17.758,-9.844
74.857,35.857,17.805,-9.838
74.878,35.858,17.877,-9.831
74.898,35.859,17.925,-9.826
74.918,35.861,18.000,-9.820
74.938,35.862,18.050,-9.817
74.958,35.863,18.127,-9.814
74.978,35.865,18.179,-9.813
74.998,35.867,18.257,-9.812
75.018,35.868,18.310,-9.812
75.038,35.871,18.390,-9.815
75.058,35.872,18.443,-9.817
75.078,35.875,18.522,-9.821
75.098,35.877,18.576,-9.825
75.118,35.880,18.655,-9.831
75.138,35.883,18.708,-9.836
75.158,35.886,18.786,-9.843
75.178,35.889,18.838,-9.849
75.198,35.893,18.915,-9.857
75.218,35.896,18.966,-9.863
75.238,35.900,19.042,-9.872
75.258,35.903,19.092,-9.878
75.278,35.907,19.165,-9.888
75.298,35.910,19.213,-9.894
75.317,35.915,19.285,-9.904
75.339,35.918,19.331,-9.910
75.358,35.923,19.400,-9.920
75.377,35.926,19.445,-9.927
75.398,35.931,19.510,-9.937
75.418,35.935,19.553,-9.943
75.438,35.940,19.616,-9.953
75.458,35.943,19.656,-9.960
75.478,35.948,19.715,-9.969
75.498,35.951,19.754,-9.976
75.518,35.956,19.809,-9.986
75.538,35.959,19.845,-9.993
75.558,35.963,19.897,-10.003
75.578,35.965,19.930,-10.009
75.598,35.967,19.979,-10.019
75.618,35.968,20.010,-10.025
75.638,35.968,20.054,-10.033
75.657,35.967,20.083,-10.039
75.678,35.964,20.125,-10.046
75.698,35.960,20.151,-10.051
75.718,35.954,20.189,-10.057
75.738,35.947,20.213,-10.060
75.757,35.936,20.248,-10.064
75.777,35.927,20.271,-10.066
75.798,35.912,20.303,-10.069
75.818,35.900,20.323,-10.070
75.838,35.879,20.352,-10.070
75.859,35.864,20.370,-10.069
75.879,35.838,20.396,-10.068
75.897,35.819,20.413,-10.066
75.918,35.789,20.436,-10.063
75.938,35.767,20.450,-10.060
75.958,35.731,20.470,-10.055
75.978,35.706,20.483,-10.052
75.998,35.665,20.500,-10.046
76.018,35.636,20.510,-10.042
76.038,35.590,20.524,-10.036
76.058,35.557,20.532,-10.031
76.078,35.505,20.543,-10.025
76.098,35.469,20.549,-10.022
76.118,35.412,20.557,-10.017
76.138,35.372,20.561,-10.014
76.158,35.310,20.565,-10.010
76.177,35.267,20.568,-10.008
76.198,35.201,20.570,-10.005
76.218,35.155,20.571,-10.004
76.238,35.084,20.571,-10.002
76.258,35.036,20.571,-10.000
76.278,34.962,20.569,-9.999
76.298,34.912,20.568,-9.998
76.318,34.834,20.565,-9.998
76.338,34.782,20.563,-9.998
76.358,34.702,20.559,-9.998
76.378,34.648,20.557,-9.998
76.398,34.567,20.553,-9.998
76.418,34.512,20.550,-9.999
76.437,34.428,20.545,-9.999
76.458,34.372,20.542,-10.000
76.478,34.287,20.538,-10.001
76.498,34.230,20.535,-10.002
76.518,34.144,20.531,-10.004
76.538,34.086,20.528,-10.005
76.557,33.999,20.524,-10.007
76.578,33.941,20.521,-10.008
76.598,33.853,20.517,-10.010
76.618,33.794,20.515,-10.011
76.638,33.706,20.512,-10.013
76.660,33.647,20.510,-10.015
76.678,33.559,20.508,-10.017
76.697,33.500,20.506,-10.018
76.719,33.411,20.504,-10.021
76.738,33.352,20.503,-10.022
76.758,33.263,20.502,-10.024
76.778,33.203,20.501,-10.026
76.798,33.114,20.500,-10.028
76.818,33.055,20.500,-10.029
76.837,32.966,20.499,-10.031
76.858,32.907,20.499,-10.032
76.878,32.818,20.500,-10.034
76.898,32.759,20.500,-10.035
76.918,32.670,20.501,-10.037
76.938,32.610,20.502,-10.038
76.958,32.522,20.503,-10.039
76.978,32.462,20.504,-10.040
76.998,32.374,20.506,-10.041
77.018,32.315,20.507,-10.042
77.038,32.226,20.509,-10.043
77.058,32.167,20.510,-10.043
77.078,32.079,20.512,-10.044
77.097,32.020,20.514,-10.045
77.118,31.932,20.516,-10.046
77.138,31.874,20.518,-10.046
77.157,31.786,20.521,-10.047
77.178,31.727,20.522,-10.047
77.199,31.639,20.525,-10.048
77.217,31.581,20.527,-10.048
77.238,31.493,20.530,-10.049
77.258,31.435,20.532,-10.049
77.278,31.348,20.534,-10.049
77.297,31.289,20.536,-10.049
77.318,31.202,20.539,-10.050
77.338,31.144,20.541,-10.050
77.358,31.057,20.544,-10.050
77.378,30.999,20.545,-10.050
77.398,30.912,20.548,-10.050
77.418,30.853,20.550,-10.050
77.438,30.766,20.553,-10.050
77.458,30.708,20.554,-10.050
77.479,30.621,20.557,-10.051
77.497,30.563,20.559,-10.051
77.518,30.475,20.561,-10.051
77.538,30.417,20.563,-10.051
77.557,30.330,20.565,-10.051
77.578,30.271,20.566,-10.051
77.598,30.184,20.568,-10.051
77.617,30.125,20.570,-10.051
77.638,30.038,20.572,-10.051
77.658,29.979,20.573,-10.050
77.678,29.892,20.575,-10.050
77.698,29.833,20.576,-10.050
77.720,29.745,20.578,-10.050
77.738,29.687,20.579,-10.050
77.757,29.599,20.580,-10.049
77.778,29.540,20.581,-10.049
77.798,29.452,20.583,-10.049
77.817,29.393,20.584,-10.049
77.838,29.305,20.585,-10.048
77.858,29.246,20.586,-10.048
77.878,29.158,20.587,-10.048
77.898,29.099,20.588,-10.048
77.918,29.010,20.589,-10.047
77.938,28.951,20.590,-10.047
77.958,28.863,20.592,-10.047
77.978,28.804,20.592,-10.047
77.998,28.715,20.594,-10.046
78.017,28.656,20.594,-10.046
78.038,28.567,20.596,-10.046
78.058,28.507,20.596,-10.045
78.078,28.418,20.598,-10.045
78.097,28.359,20.598,-10.044
78.118,28.270,20.600,-10.044
78.137,28.210,20.600,-10.043
78.157,28.121,20.602,-10.043
78.179,28.061,20.602,-10.042
78.198,27.972,20.604,-10.042
78.217,27.912,20.604,-10.041
78.238,27.823,20.606,-10.041
78.260,27.763,20.607,-10.040
78.278,27.674,20.608,-10.040
78.298,27.614,20.609,-10.040
78.318,27.525,20.610,-10.039
78.338,27.465,20.611,-10.039
78.358,27.375,20.612,-10.038
78.378,27.315,20.613,-10.038
78.398,27.226,20.615,-10.037
78.417,27.166,20.616,-10.037
78.438,27.076,20.618,-10.036
78.458,27.016,20.619,-10.036
78.478,26.926,20.621,-10.036
78.498,26.866,20.622,-10.035
78.518,26.776,20.623,-10.035
78.538,26.716,20.624,-10.034
78.558,26.626,20.626,-10.034
78.578,26.566,20.627,-10.033
78.598,26.476,20.629,-10.033
78.617,26.416,20.630,-10.032
78.638,26.326,20.631,-10.032
78.658,26.266,20.633,-10.031
78.677,26.176,20.634,-10.031
78.700,26.115,20.635,-10.030
78.718,26.025,20.637,-10.029
78.738,25.965,20.638,-10.029
78.758,25.875,20.640,-10.028
78.778,25.815,20.641,-10.028
78.798,25.725,20.643,-10.027
78.818,25.664,20.644,-10.027
78.838,25.574,20.646,-10.026
78.858,25.514,20.647,-10.026
78.877,25.424,20.649,-10.025
78.898,25.364,20.650,-10.025
78.918,25.273,20.652,-10.025
78.938,25.213,20.654,-10.024
78.958,25.123,20.656,-10.024
78.978,25.063,20.657,-10.023
78.998,24.972,20.659,-10.023
79.018,24.912,20.661,-10.023
79.038,24.822,20.663,-10.022
79.058,24.762,20.664,-10.022
79.077,24.672,20.667,-10.022
79.097,24.611,20.668,-10.022
79.118,24.521,20.670,-10.021
79.137,24.461,20.672,-10.021
79.158,24.371,20.674,-10.021
79.181,24.311,20.676,-10.021
79.198,24.220,20.678,-10.021
79.218,24.160,20.680,-10.021
79.238,24.070,20.682,-10.020
79.258,24.010,20.684,-10.020
79.278,23.919,20.686,-10.020
79.297,23.859,20.688,-10.020
79.318,23.769,20.690,-10.020
79.338,23.708,20.691,-10.020
79.358,23.618,20.694,-10.020
79.378,23.558,20.695,-10.020
79.398,23.467,20.697,-10.020
79.418,23.407,20.699,-10.020
79.438,23.317,20.701,-10.019
79.458,23.256,20.702,-10.019
79.478,23.166,20.705,-10.019
79.498,23.105,20.706,-10.019
79.518,23.015,20.708,-10.019
79.538,22.954,20.709,-10.018
79.558,22.864,20.711,-10.018
79.578,22.803,20.713,-10.018
79.597,22.713,20.715,-10.018
79.618,22.652,20.716,-10.017
79.638,22.562,20.717,-10.017
79.658,22.501,20.718,-10.017
79.678,22.410,20.720,-10.017
79.699,22.350,20.721,-10.017
79.718,22.259,20.722,-10.016
79.737,22.198,20.723,-10.016
79.757,22.107,20.724,-10.016
79.778,22.046,20.725,-10.016
79.797,21.955,20.726,-10.016
79.818,21.895,20.727,-10.016
79.838,21.803,20.727,-10.015
79.858,21.743,20.728,-10.015
79.877,21.651,20.729,-10.015
79.899,21.590,20.729,-10.015
79.918,21.499,20.730,-10.015
79.938,21.438,20.731,-10.015
79.958,21.347,20.731,-10.014
79.978,21.286,20.732,-10.014
79.997,21.195,20.732,-10.014
80.018,21.134,20.733,-10.014
80.038,21.042,20.733,-10.013
80.057,20.981,20.734,-10.013
80.078,20.890,20.735,-10.013
80.098,20.829,20.735,-10.013
80.117,20.737,20.736,-10.012
80.137,20.676,20.736,-10.012
80.158,20.585,20.736,-10.012
80.179,20.524,20.737,-10.011
80.198,20.433,20.737,-10.011
80.218,20.372,20.737,-10.011
80.238,20.280,20.738,-10.011
80.258,20.219,20.738,-10.010
80.278,20.127,20.739,-10.010
80.298,20.066,20.739,-10.010
80.318,19.974,20.739,-10.009
80.338,19.913,20.740,-10.009
80.358,19.821,20.740,-10.009
80.378,19.759,20.740,-10.008
80.398,19.667,20.741,-10.008
80.418,19.606,20.741,-10.008
80.438,19.514,20.742,-10.007
80.458,19.452,20.742,-10.007
80.478,19.360,20.743,-10.007
80.498,19.299,20.743,-10.007
80.517,19.207,20.744,-10.007
80.538,19.145,20.744,-10.007
80.558,19.053,20.744,-10.006
80.578,18.992,20.745,-10.006
80.598,18.899,20.745,-10.006
80.618,18.838,20.746,-10.006
80.638,18.746,20.746,-10.006
80.657,18.685,20.746,-10.006
80.678,18.593,20.747,-10.005
80.698,18.532,20.747,-10.005
80.718,18.440,20.748,-10.005
80.738,18.379,20.748,-10.005
80.758,18.287,20.749,-10.005
80.778,18.226,20.749,-10.005
80.798,18.134,20.750,-10.005
80.817,18.073,20.750,-10.005
80.839,17.982,20.750,-10.005
80.858,17.921,20.751,-10.005
80.878,17.829,20.751,-10.005
80.898,17.768,20.751,-10.005
80.918,17.677,20.752,-10.005
80.938,17.616,20.752,-10.005
80.958,17.525,20.753,-10.005
80.978,17.464,20.753,-10.005
80.998,17.373,20.753,-10.005
81.018,17.312,20.754,-10.006
81.039,17.221,20.754,-10.006
81.057,17.160,20.755,-10.006
81.078,17.069,20.755,-10.006
81.098,17.008,20.755,-10.006
81.118,16.917,20.756,-10.006
81.138,16.856,20.756,-10.006
81.158,16.765,20.757,-10.006
81.178,16.704,20.757,-10.006
81.198,16.613,20.757,-10.006
81.219,16.552,20.758,-10.006
81.238,16.461,20.758,-10.006
81.257,16.400,20.758,-10.006
81.278,16.309,20.759,-10.006
81.299,16.248,20.759,-10.006
81.318,16.157,20.760,-10.006
81.338,16.096,20.760,-10.006
81.358,16.005,20.761,-10.006
81.378,15.944,20.761,-10.006
81.398,15.852,20.762,-10.006
81.418,15.792,20.762,-10.006
81.438,15.700,20.762,-10.006
81.458,15.640,20.763,-10.006
81.478,15.548,20.763,-10.006
81.498,15.488,20.763,-10.006
81.518,15.396,20.764,-10.006
81.538,15.336,20.764,-10.006
81.558,15.244,20.764,-10.006
81.578,15.184,20.764,-10.006
81.598,15.092,20.765,-10.006
81.618,15.031,20.765,-10.007
81.638,14.940,20.765,-10.007
81.658,14.879,20.765,-10.007
81.678,14.788,20.765,-10.007
81.698,14.727,20.765,-10.007
81.718,14.635,20.764,-10.007
81.738,14.574,20.764,-10.007
81.758,14.483,20.764,-10.006
81.777,14.422,20.764,-10.006
81.798,14.331,20.763,-10.006
81.818,14.270,20.763,-10.006
81.838,14.178,20.762,-10.005
81.858,14.117,20.761,-10.005
81.879,14.026,20.761,-10.005
81.898,13.965,20.760,-10.005
81.918,13.874,20.759,-10.004
81.938,13.813,20.759,-10.004
81.958,13.722,20.758,-10.003
81.978,13.661,20.757,-10.003
82.000,13.570,20.756,-10.002
82.018,13.509,20.756,-10.002
82.038,13.418,20.755,-10.001
82.058,13.357,20.754,-10.001
82.078,13.266,20.753,-10.000
82.098,13.206,20.753,-10.000
82.117,13.115,20.752,-9.999
82.138,13.054,20.751,-9.999
82.158,12.963,20.750,-9.998
82.178,12.902,20.749,-9.998
82.199,12.811,20.748,-9.997
82.218,12.751,20.748,-9.997
82.238,12.660,20.747,-9.996
82.258,12.599,20.746,-9.996
82.278,12.508,20.745,-9.996
82.298,12.447,20.744,-9.995
82.318,12.356,20.743,-9.995
82.338,12.296,20.743,-9.995
82.358,12.205,20.742,-9.994
82.378,12.144,20.741,-9.994
82.398,12.053,20.740,-9.993
82.418,11.992,20.739,-9.993
82.438,11.901,20.738,-9.993
82.458,11.841,20.738,-9.992
82.478,11.750,20.737,-9.992
82.498,11.689,20.736,-9.992
82.518,11.598,20.735,-9.991
82.538,11.537,20.734,-9.991
82.558,11.446,20.733,-9.991
82.578,11.386,20.732,-9.990
82.598,11.295,20.731,-9.990
82.618,11.234,20.731,-9.990
82.637,11.143,20.730,-9.989
82.658,11.082,20.729,-9.989
82.678,10.991,20.728,-9.989
82.698,10.930,20.727,-9.989
82.718,10.840,20.726,-9.988
82.738,10.779,20.725,-9.988
82.758,10.688,20.724,-9.988
82.778,10.628,20.723,-9.988
82.798,10.537,20.722,-9.988
82.818,10.476,20.722,-9.987
82.838,10.386,20.721,-9.987
82.858,10.325,20.720,-9.987
82.878,10.234,20.719,-9.987
82.897,10.174,20.718,-9.987
82.918,10.083,20.717,-9.987
82.939,10.023,20.717,-9.987
82.958,9.932,20.716,-9.987
82.978,9.872,20.715,-9.987
82.998,9.781,20.714,-9.987
83.018,9.721,20.714,-9.987
83.038,9.630,20.713,-9.987
83.058,9.569,20.712,-9.987
83.078,9.479,20.711,-9.987
83.097,9.418,20.710,-9.987
83.118,9.328,20.710,-9.987
83.139,9.268,20.709,-9.987
83.158,9.177,20.708,-9.988
83.179,9.117,20.707,-9.988
83.198,9.026,20.707,-9.988
83.218,8.966,20.706,-9.989
83.237,8.875,20.705,-9.989
83.258,8.815,20.704,-9.989
83.278,8.725,20.703,-9.990
83.298,8.664,20.703,-9.990
83.318,8.574,20.702,-9.990
83.338,8.513,20.701,-9.991
83.357,8.423,20.700,-9.991
83.377,8.363,20.699,-9.991
83.398,8.272,20.698,-9.992
83.418,8.212,20.698,-9.992
83.437,8.121,20.696,-9.993
83.460,8.031,20.695,-9.993
83.478,7.971,20.695,-9.993
83.498,7.910,20.694,-9.994
83.518,7.820,20.693,-9.994
83.540,7.760,20.692,-9.995
83.558,7.669,20.691,-9.995
83.578,7.609,20.690,-9.995
83.598,7.518,20.689,-9.996
83.618,7.458,20.688,-9.996
83.638,7.368,20.687,-9.997
83.658,7.307,20.686,-9.997
83.678,7.217,20.684,-9.997
83.698,7.157,20.684,-9.998
83.718,7.066,20.682,-9.998
83.738,7.006,20.681,-9.998
83.757,6.916,20.680,-9.998
83.778,6.856,20.679,-9.999
83.798,6.765,20.678,-9.999
83.818,6.705,20.677,-9.999
83.838,6.616,20.675,-9.999
83.859,6.556,20.674,-9.999
83.878,6.466,20.673,-9.999
83.898,6.406,20.672,-9.999
83.918,6.316,20.671,-9.999
83.938,6.256,20.670,-9.999
83.957,6.166,20.668,-9.999
83.978,6.107,20.667,-9.999
83.998,6.017,20.666,-9.999
84.018,5.957,20.665,-9.999
84.038,5.868,20.663,-9.998
84.060,5.808,20.662,-9.998
84.078,5.719,20.661,-9.998
84.097,5.659,20.660,-9.998
84.119,5.570,20.659,-9.998
84.138,5.510,20.658,-9.998
84.157,5.421,20.656,-9.998
84.178,5.361,20.656,-9.998
84.198,5.272,20.654,-9.997
84.218,5.212,20.653,-9.997
84.238,5.123,20.652,-9.997
84.259,5.064,20.651,-9.997
84.278,4.975,20.650,-9.997
84.297,4.915,20.649,-9.997
84.318,4.826,20.648,-9.997
84.338,4.767,20.647,-9.997
84.358,4.678,20.646,-9.996
84.378,4.618,20.645,-9.996
84.398,4.529,20.644,-9.996
84.417,4.470,20.643,-9.996
84.438,4.381,20.642,-9.996
84.459,4.322,20.641,-9.996
84.477,4.233,20.640,-9.995
84.498,4.174,20.639,-9.995
84.518,4.085,20.638,-9.995
84.538,4.025,20.637,-9.995
84.557,3.936,20.636,-9.994
84.578,3.877,20.635,-9.994
84.598,3.788,20.634,-9.994
84.618,3.729,20.633,-9.994
84.638,3.640,20.632,-9.993
84.659,3.581,20.631,-9.993
84.678,3.492,20.630,-9.993
84.698,3.433,20.629,-9.993
84.718,3.345,20.627,-9.992
84.738,3.286,20.626,-9.992
84.758,3.197,20.625,-9.992
84.778,3.138,20.624,-9.992
84.798,3.050,20.623,-9.992
84.818,2.991,20.622,-9.992
84.838,2.902,20.620,-9.991
84.858,2.843,20.619,-9.991
84.878,2.755,20.618,-9.991
84.898,2.696,20.617,-9.991
84.918,2.608,20.615,-9.991
84.938,2.549,20.614,-9.991
84.957,2.460,20.613,-9.991
84.978,2.402,20.612,-9.991
84.998,2.313,20.611,-9.991
85.018,2.254,20.610,-9.990
85.038,2.166,20.608,-9.990
85.058,2.107,20.607,-9.990
85.078,2.019,20.606,-9.990
85.098,1.960,20.605,-9.990
85.118,1.871,20.604,-9.990
85.138,1.813,20.604,-9.990
85.158,1.724,20.603,-9.990
85.179,1.665,20.602,-9.990
85.198,1.577,20.601,-9.990
85.218,1.518,20.600,-9.990
85.239,1.430,20.599,-9.990
85.257,1.371,20.599,-9.990
85.278,1.282,20.598,-9.990
85.298,1.224,20.597,-9.990
85.318,1.135,20.597,-9.990
85.338,1.076,20.596,-9.990
85.357,0.987,20.595,-9.990
85.378,0.928,20.595,-9.990
85.398,0.839,20.594,-9.990
85.417,0.780,20.594,-9.990
85.439,0.691,20.593,-9.990
85.458,0.632,20.593,-9.991
85.477,0.543,20.592,-9.991
85.498,0.484,20.592,-9.991
85.518,0.395,20.591,-9.991
85.538,0.336,20.591,-9.991
85.558,0.247,20.591,-9.991
85.578,0.188,20.590,-9.992
85.598,0.099,20.590,-9.992
85.618,0.040,20.589,-9.992
85.637,-0.049,20.589,-9.992
85.658,-0.108,20.589,-9.992
85.677,-0.197,20.588,-9.992
85.698,-0.256,20.588,-9.992
85.719,-0.345,20.588,-9.992
85.738,-0.404,20.588,-9.992
85.758,-0.493,20.587,-9.992
85.778,-0.552,20.587,-9.992
85.798,-0.640,20.587,-9.992
85.817,-0.699,20.587,-9.992
85.838,-0.788,20.587,-9.992
85.858,-0.847,20.587,-9.992
85.877,-0.935,20.587,-9.992
85.898,-0.994,20.587,-9.992
85.918,-1.082,20.587,-9.992
85.938,-1.141,20.587,-9.992
85.958,-1.229,20.587,-9.992
85.979,-1.288,20.587,-9.992
85.997,-1.376,20.588,-9.992
86.018,-1.434,20.588,-9.991
86.038,-1.522,20.588,-9.991
86.058,-1.581,20.588,-9.991
86.077,-1.669,20.589,-9.991
86.098,-1.728,20.589,-9.991
86.118,-1.815,20.589,-9.990
86.137,-1.874,20.590,-9.990
86.158,-1.962,20.590,-9.990
86.179,-2.020,20.591,-9.990
86.197,-2.108,20.591,-9.990
86.217,-2.166,20.592,-9.990
86.238,-2.254,20.592,-9.989
86.258,-2.312,20.593,-9.989
86.278,-2.399,20.594,-9.989
86.298,-2.458,20.594,-9.989
86.318,-2.545,20.595,-9.988
86.337,-2.603,20.595,-9.988
86.357,-2.691,20.596,-9.988
86.378,-2.749,20.596,-9.988
86.397,-2.836,20.597,-9.987
86.418,-2.894,20.598,-9.987
86.438,-2.981,20.598,-9.987
86.458,-3.039,20.599,-9.986
86.478,-3.125,20.599,-9.986
86.498,-3.183,20.600,-9.986
86.518,-3.269,20.600,-9.986
86.537,-3.326,20.600,-9.985
86.558,-3.412,20.601,-9.985
86.578,-3.469,20.601,-9.985
86.598,-3.554,20.601,-9.985
86.618,-3.610,20.602,-9.985
86.638,-3.694,20.602,-9.985
86.658,-3.750,20.602,-9.985
86.678,-3.833,20.602,-9.985
86.699,-3.888,20.602,-9.986
86.718,-3.969,20.603,-9.986
86.737,-4.023,20.603,-9.986
86.758,-4.103,20.603,-9.987
86.778,-4.156,20.603,-9.987
86.798,-4.235,20.603,-9.988
86.818,-4.287,20.603,-9.988
86.838,-4.363,20.603,-9.989
86.858,-4.413,20.603,-9.990
86.878,-4.488,20.603,-9.990
86.898,-4.537,20.603,-9.991
86.918,-4.609,20.603,-9.991
86.938,-4.657,20.603,-9.992
86.958,-4.727,20.603,-9.992
86.977,-4.773,20.603,-9.993
86.997,-4.841,20.603,-9.993
87.018,-4.885,20.603,-9.994
87.038,-4.950,20.603,-9.994
87.058,-4.993,20.603,-9.995
87.078,-5.055,20.603,-9.997
87.098,-5.095,20.602,-9.999
87.118,-5.155,20.602,-10.002
87.137,-5.194,20.602,-10.004
87.158,-5.252,20.602,-10.007
87.179,-5.290,20.603,-10.009
87.198,-5.346,20.604,-10.012
87.220,-5.383,20.605,-10.014
87.238,-5.438,20.607,-10.018
87.258,-5.475,20.610,-10.020
87.280,-5.530,20.615,-10.023
87.298,-5.566,20.620,-10.025
87.318,-5.621,20.628,-10.028
87.338,-5.657,20.635,-10.029
87.358,-5.711,20.647,-10.031
87.378,-5.747,20.657,-10.031
87.398,-5.801,20.674,-10.032
87.418,-5.837,20.687,-10.031
87.439,-5.890,20.709,-10.030
87.458,-5.925,20.726,-10.029
87.478,-5.976,20.753,-10.027
87.498,-6.010,20.773,-10.024
87.518,-6.060,20.807,-10.020
87.538,-6.093,20.831,-10.017
87.558,-6.140,20.870,-10.012
87.578,-6.171,20.898,-10.007
87.598,-6.216,20.943,-10.000
87.618,-6.245,20.975,-9.995
87.638,-6.286,21.025,-9.987
87.658,-6.313,21.061,-9.981
87.678,-6.351,21.117,-9.971
87.698,-6.374,21.156,-9.964
87.718,-6.408,21.217,-9.954
87.738,-6.429,21.259,-9.947
87.758,-6.458,21.324,-9.936
87.778,-6.476,21.369,-9.928
87.798,-6.501,21.438,-9.917
87.818,-6.516,21.485,-9.910
87.838,-6.535,21.558,-9.899
87.858,-6.547,21.608,-9.892
87.878,-6.562,21.683,-9.883
87.898,-6.571,21.735,-9.877
87.917,-6.581,21.813,-9.868
87.938,-6.586,21.865,-9.864
87.958,-6.592,21.945,-9.857
87.978,-6.594,21.999,-9.854
87.998,-6.595,22.080,-9.850
88.018,-6.594,22.135,-9.848
88.038,-6.591,22.216,-9.847
88.058,-6.588,22.271,-9.846
88.078,-6.581,22.353,-9.847
88.098,-6.576,22.407,-9.848
88.117,-6.566,22.488,-9.851
88.138,-6.559,22.542,-9.853
88.158,-6.547,22.622,-9.857
88.178,-6.539,22.674,-9.861
88.198,-6.525,22.753,-9.866
88.218,-6.515,22.805,-9.870
88.238,-6.500,22.881,-9.876
88.258,-6.489,22.932,-9.880
88.278,-6.473,23.007,-9.887
88.298,-6.462,23.056,-9.892
88.317,-6.445,23.128,-9.899
88.338,-6.434,23.176,-9.905
88.358,-6.422,23.223,-9.910
88.378,-6.405,23.292,-9.918
88.398,-6.388,23.360,-9.927
88.418,-6.376,23.404,-9.933
88.437,-6.358,23.470,-9.942
88.457,-6.347,23.513,-9.947
88.478,-6.329,23.576,-9.956
88.498,-6.318,23.617,-9.962
88.517,-6.300,23.677,-9.971
88.538,-6.289,23.717,-9.977
88.558,-6.271,23.774,-9.985
88.578,-6.258,23.812,-9.991
88.598,-6.239,23.867,-9.999
88.618,-6.226,23.902,-10.004
88.638,-6.206,23.954,-10.011
88.658,-6.191,23.988,-10.016
88.678,-6.168,24.036,-10.022
88.698,-6.151,24.067,-10.027
88.717,-6.125,24.111,-10.032
88.739,-6.106,24.139,-10.036
88.758,-6.076,24.180,-10.040
88.778,-6.055,24.206,-10.043
88.798,-6.021,24.242,-10.047
88.818,-5.997,24.265,-10.049
88.838,-5.959,24.298,-10.052
88.857,-5.932,24.318,-10.053
88.878,-5.890,24.346,-10.055
88.898,-5.860,24.363,-10.056
88.917,-5.812,24.387,-10.058
88.938,-5.779,24.402,-10.059
88.958,-5.727,24.422,-10.060
88.977,-5.691,24.435,-10.060
88.998,-5.634,24.452,-10.060
89.018,-5.595,24.462,-10.060
89.038,-5.534,24.476,-10.060
89.058,-5.492,24.484,-10.059
89.078,-5.427,24.496,-10.059
89.097,-5.382,24.502,-10.058
89.118,-5.314,24.512,-10.056
89.138,-5.267,24.517,-10.055
89.158,-5.195,24.524,-10.053
89.178,-5.146,24.528,-10.052
89.198,-5.071,24.533,-10.050
89.218,-5.020,24.537,-10.048
89.237,-4.941,24.540,-10.046
89.258,-4.889,24.543,-10.044
89.278,-4.808,24.545,-10.042
89.297,-4.754,24.547,-10.040
89.318,-4.671,24.548,-10.037
89.338,-4.616,24.549,-10.035
89.358,-4.532,24.550,-10.033
89.378,-4.475,24.550,-10.031
89.399,-4.389,24.550,-10.029
89.418,-4.331,24.550,-10.027
89.437,-4.244,24.549,-10.025
89.458,-4.186,24.549,-10.024
89.478,-4.098,24.547,-10.022
89.498,-4.039,24.547,-10.021
89.517,-3.949,24.545,-10.020
89.538,-3.890,24.544,-10.019
89.558,-3.800,24.542,-10.018
89.578,-3.740,24.541,-10.018
89.598,-3.649,24.539,-10.017
89.618,-3.589,24.537,-10.016
89.638,-3.498,24.535,-10.016
89.658,-3.437,24.534,-10.015
89.678,-3.346,24.531,-10.015
89.698,-3.285,24.530,-10.015
89.718,-3.193,24.527,-10.015
89.738,-3.132,24.526,-10.015
89.758,-3.040,24.524,-10.015
89.778,-2.979,24.522,-10.015
89.799,-2.887,24.520,-10.015
89.818,-2.826,24.519,-10.015
89.838,-2.734,24.516,-10.016
89.858,-2.673,24.515,-10.016
89.878,-2.581,24.513,-10.016
89.898,-2.520,24.512,-10.017
89.918,-2.428,24.510,-10.017
89.938,-2.367,24.509,-10.017
89.957,-2.275,24.507,-10.018
89.978,-2.214,24.506,-10.018
89.998,-2.122,24.505,-10.018
90.018,-2.061,24.504,-10.019
90.037,-1.969,24.503,-10.019
90.058,-1.908,24.502,-10.019
90.078,-1.816,24.501,-10.019
90.097,-1.755,24.500,-10.019
90.117,-1.664,24.499,-10.020
90.138,-1.603,24.498,-10.020
90.158,-1.511,24.497,-10.020
90.178,-1.450,24.497,-10.020
90.198,-1.359,24.496,-10.020
90.218,-1.298,24.496,-10.020
90.238,-1.207,24.496,-10.020
90.258,-1.147,24.496,-10.020
90.278,-1.056,24.495,-10.020
90.298,-0.995,24.495,-10.020
90.318,-0.904,24.495,-10.020
90.338,-0.844,24.495,-10.020
90.358,-0.753,24.495,-10.019
90.379,-0.692,24.496,-10.019
90.398,-0.602,24.496,-10.019
90.418,-0.541,24.496,-10.019
90.437,-0.451,24.497,-10.018
90.458,-0.390,24.497,-10.018
90.478,-0.300,24.498,-10.018
90.497,-0.239,24.499,-10.018
90.518,-0.149,24.500,-10.017
90.538,-0.089,24.500,-10.017
90.557,0.001,24.501,-10.017
90.578,0.062,24.502,-10.016
90.600,0.152,24.504,-10.016
90.618,0.212,24.505,-10.016
90.638,0.302,24.506,-10.016
90.658,0.362,24.507,-10.016
90.678,0.453,24.509,-10.015
90.698,0.513,24.510,-10.015
90.718,0.603,24.512,-10.015
90.738,0.663,24.513,-10.015
90.758,0.753,24.515,-10.014
90.778,0.813,24.517,-10.014
90.798,0.904,24.519,-10.014
90.818,0.964,24.520,-10.014
90.838,1.054,24.522,-10.013
90.858,1.114,24.524,-10.013
90.878,1.204,24.526,-10.013
90.898,1.265,24.528,-10.013
90.918,1.355,24.530,-10.013
90.938,1.415,24.532,-10.013
90.957,1.505,24.534,-10.012
90.978,1.566,24.535,-10.012
90.998,1.656,24.538,-10.012
91.018,1.716,24.539,-10.012
91.038,1.806,24.542,-10.012
91.058,1.867,24.543,-10.012
91.078,1.957,24.545,-10.011
91.098,2.017,24.546,-10.011
91.118,2.078,24.548,-10.011
91.138,2.168,24.550,-10.010
91.158,2.259,24.552,-10.010
91.178,2.319,24.553,-10.010
91.198,2.410,24.555,-10.009
91.218,2.470,24.556,-10.009
91.238,2.561,24.558,-10.008
91.258,2.621,24.559,-10.008
91.278,2.712,24.560,-10.008
91.298,2.772,24.561,-10.007
91.318,2.863,24.563,-10.007
91.338,2.924,24.564,-10.007
91.357,3.014,24.565,-10.006
91.379,3.075,24.566,-10.006
91.398,3.166,24.567,-10.005
91.418,3.227,24.567,-10.005
91.438,3.318,24.568,-10.004
91.458,3.379,24.569,-10.004
91.478,3.470,24.570,-10.004
91.498,3.530,24.570,-10.003
91.518,3.622,24.571,-10.003
91.538,3.682,24.571,-10.003
91.558,3.773,24.572,-10.002
91.578,3.834,24.572,-10.002
91.598,3.926,24.573,-10.002
91.618,3.987,24.573,-10.002
91.638,4.078,24.573,-10.001
91.658,4.139,24.574,-10.001
91.678,4.230,24.574,-10.001
91.698,4.292,24.574,-10.001
91.718,4.383,24.574,-10.001
91.737,4.444,24.574,-10.001
91.758,4.536,24.574,-10.000
91.778,4.597,24.574,-10.000
91.798,4.689,24.574,-10.000
91.818,4.750,24.574,-10.000
91.838,4.842,24.574,-10.000
91.858,4.903,24.573,-10.000
91.878,4.995,24.573,-10.000
91.899,5.057,24.573,-10.001
91.918,5.149,24.573,-10.001
91.938,5.210,24.572,-10.001
91.958,5.302,24.572,-10.001
91.978,5.364,24.572,-10.001
91.998,5.456,24.571,-10.001
92.017,5.517,24.571,-10.001
92.038,5.610,24.570,-10.001
92.058,5.671,24.570,-10.001
92.078,5.763,24.570,-10.002
92.098,5.825,24.569,-10.002
92.118,5.917,24.569,-10.002
92.137,5.978,24.568,-10.002
92.158,6.070,24.568,-10.002
92.178,6.132,24.568,-10.002
92.198,6.224,24.567,-10.003
92.218,6.285,24.567,-10.003
92.238,6.377,24.566,-10.003
92.258,6.438,24.566,-10.003
92.278,6.530,24.566,-10.004
92.298,6.591,24.565,-10.004
92.318,6.683,24.565,-10.004
92.338,6.744,24.565,-10.004
92.358,6.836,24.564,-10.005
92.378,6.897,24.564,-10.005
92.397,6.989,24.563,-10.005
92.418,7.050,24.563,-10.005
92.439,7.142,24.563,-10.006
92.458,7.203,24.562,-10.006
92.477,7.294,24.562,-10.006
92.500,7.356,24.561,-10.006
92.518,7.447,24.561,-10.006
92.538,7.508,24.560,-10.006
92.558,7.600,24.560,-10.006
92.578,7.661,24.559,-10.006
92.598,7.753,24.558,-10.006
92.618,7.814,24.558,-10.006
92.638,7.906,24.557,-10.006
92.658,7.967,24.557,-10.006
92.677,8.059,24.556,-10.006
92.699,8.120,24.555,-10.006
92.718,8.212,24.554,-10.006
92.738,8.273,24.554,-10.006
92.758,8.365,24.553,-10.006
92.778,8.426,24.552,-10.006
92.797,8.519,24.551,-10.006
92.818,8.580,24.551,-10.006
92.838,8.672,24.550,-10.005
92.858,8.733,24.549,-10.005
92.878,8.826,24.548,-10.005
92.898,8.887,24.547,-10.005
92.918,8.979,24.546,-10.005
92.937,9.041,24.545,-10.004
92.958,9.133,24.544,-10.004
92.978,9.195,24.543,-10.004
92.998,9.287,24.542,-10.003
93.018,9.349,24.541,-10.003
93.038,9.441,24.540,-10.002
93.058,9.503,24.539,-10.002
93.078,9.595,24.537,-10.001
93.098,9.657,24.536,-10.001
93.118,9.749,24.534,-10.000
93.137,9.810,24.533,-10.000
93.158,9.902,24.531,-9.999
93.179,9.964,24.530,-9.998
93.198,10.056,24.528,-9.997
93.218,10.117,24.527,-9.997
93.238,10.209,24.525,-9.996
93.258,10.271,24.524,-9.995
93.278,10.363,24.522,-9.995
93.298,10.424,24.520,-9.994
93.318,10.516,24.518,-9.993
93.337,10.577,24.517,-9.993
93.359,10.669,24.515,-9.992
93.378,10.730,24.513,-9.991
93.398,10.822,24.511,-9.991
93.418,10.883,24.510,-9.990
93.439,10.975,24.507,-9.990
93.458,11.036,24.506,-9.989
93.478,11.127,24.503,-9.989
93.498,11.188,24.502,-9.988
93.518,11.280,24.499,-9.988
93.537,11.341,24.498,-9.988
93.558,11.433,24.495,-9.988
93.578,11.494,24.494,-9.987
93.598,11.585,24.491,-9.987
93.618,11.646,24.490,-9.987
93.638,11.738,24.487,-9.987
93.658,11.799,24.486,-9.987
93.678,11.891,24.483,-9.987
93.698,11.952,24.482,-9.987
93.718,12.044,24.479,-9.987
93.738,12.105,24.478,-9.987
93.757,12.197,24.475,-9.987
93.778,12.258,24.474,-9.986
93.797,12.350,24.472,-9.986
93.818,12.411,24.471,-9.986
93.838,12.503,24.469,-9.986
93.858,12.565,24.467,-9.986
93.878,12.657,24.466,-9.986
93.898,12.719,24.464,-9.986
93.918,12.811,24.463,-9.986
93.938,12.872,24.462,-9.986
93.958,12.965,24.460,-9.986
93.978,13.027,24.459,-9.986
93.997,13.119,24.458,-9.986
94.018,13.181,24.457,-9.986
94.038,13.273,24.455,-9.986
94.058,13.335,24.454,-9.986
94.078,13.427,24.453,-9.986
94.098,13.489,24.452,-9.986
94.118,13.581,24.451,-9.987
94.137,13.643,24.450,-9.987
94.159,13.735,24.449,-9.987
94.178,13.797,24.448,-9.987
94.198,13.889,24.447,-9.987
94.218,13.951,24.446,-9.987
94.238,14.043,24.445,-9.987
94.257,14.105,24.445,-9.987
94.278,14.197,24.444,-9.987
94.298,14.259,24.443,-9.987
94.318,14.351,24.442,-9.987
94.338,14.413,24.442,-9.988
94.358,14.505,24.441,-9.988
94.378,14.567,24.440,-9.988
94.398,14.659,24.439,-9.989
94.418,14.720,24.439,-9.989
94.438,14.813,24.438,-9.989
94.458,14.874,24.438,-9.989
94.478,14.967,24.437,-9.990
94.498,15.028,24.436,-9.990
94.518,15.121,24.436,-9.991
94.538,15.182,24.436,-9.991
94.558,15.274,24.435,-9.991
94.578,15.336,24.435,-9.991
94.598,15.428,24.434,-9.992
94.618,15.489,24.434,-9.992
94.638,15.581,24.433,-9.992
94.658,15.643,24.433,-9.992
94.678,15.735,24.433,-9.993
94.699,15.796,24.432,-9.993
94.718,15.888,24.432,-9.993
94.738,15.949,24.432,-9.993
94.758,16.040,24.431,-9.993
94.777,16.102,24.431,-9.993
94.798,16.193,24.430,-9.994
94.818,16.254,24.430,-9.994
94.838,16.346,24.430,-9.994
94.858,16.407,24.429,-9.994
94.878,16.498,24.429,-9.994
94.898,16.559,24.428,-9.994
94.918,16.651,24.427,-9.994
94.939,16.711,24.427,-9.994
94.958,16.803,24.426,-9.994
94.978,16.864,24.426,-9.994
94.998,16.955,24.425,-9.994
95.018,17.016,24.424,-9.994
95.037,17.107,24.423,-9.995
95.058,17.168,24.423,-9.995
95.078,17.260,24.422,-9.995
95.098,17.321,24.422,-9.995
95.118,17.412,24.421,-9.995
95.139,17.473,24.420,-9.995
95.158,17.564,24.420,-9.995
95.177,17.625,24.419,-9.995
95.199,17.716,24.418,-9.996
95.218,17.777,24.418,-9.996
95.237,17.868,24.417,-9.996
95.258,17.928,24.416,-9.996
95.278,18.019,24.415,-9.996
95.298,18.080,24.414,-9.996
95.318,18.171,24.414,-9.996
95.338,18.232,24.413,-9.996
95.359,18.323,24.412,-9.997
95.378,18.383,24.411,-9.997
95.398,18.474,24.410,-9.997
95.418,18.535,24.409,-9.997
95.438,18.626,24.408,-9.997
95.458,18.686,24.408,-9.997
95.478,18.777,24.407,-9.997
95.498,18.838,24.406,-9.997
95.517,18.928,24.405,-9.998
95.538,18.989,24.404,-9.998
95.558,19.079,24.403,-9.998
95.577,19.140,24.402,-9.998
95.598,19.230,24.401,-9.999
95.619,19.291,24.400,-9.999
95.638,19.382,24.399,-9.999
95.659,19.442,24.398,-9.999
95.678,19.532,24.397,-10.000
95.698,19.593,24.396,-10.000
95.718,19.683,24.394,-10.000
95.738,19.744,24.394,-10.001
95.758,19.834,24.392,-10.001
95.778,19.895,24.391,-10.001
95.798,19.985,24.390,-10.002
95.819,20.046,24.389,-10.002
95.837,20.136,24.388,-10.003
95.858,20.197,24.387,-10.003
95.878,20.287,24.386,-10.004
95.898,20.348,24.385,-10.004
95.918,20.438,24.384,-10.004
95.938,20.499,24.383,-10.005
95.958,20.590,24.382,-10.005
95.978,20.650,24.381,-10.005
95.998,20.741,24.380,-10.005
96.018,20.801,24.379,-10.006
96.038,20.892,24.378,-10.006
96.058,20.952,24.377,-10.006
96.078,21.043,24.376,-10.006
96.098,21.103,24.376,-10.006
96.118,21.194,24.375,-10.006
96.138,21.254,24.374,-10.006
96.158,21.345,24.373,-10.006
96.178,21.406,24.373,-10.006
96.198,21.496,24.372,-10.006
96.219,21.557,24.371,-10.006
96.238,21.647,24.371,-10.005
96.258,21.708,24.370,-10.005
96.278,21.798,24.370,-10.005
96.298,21.858,24.369,-10.004
96.318,21.949,24.369,-10.004
96.338,22.009,24.368,-10.004
96.358,22.100,24.368,-10.003
96.378,22.160,24.368,-10.003
96.398,22.251,24.367,-10.003
96.418,22.311,24.367,-10.003
96.438,22.402,24.366,-10.002
96.458,22.462,24.366,-10.002
96.479,22.553,24.366,-10.002
96.498,22.613,24.366,-10.002
96.518,22.704,24.365,-10.001
96.538,22.764,24.365,-10.001
96.558,22.855,24.365,-10.001
96.578,22.915,24.364,-10.001
96.598,23.006,24.364,-10.001
96.618,23.066,24.364,-10.001
96.638,23.157,24.363,-10.000
96.658,23.218,24.363,-10.000
96.678,23.308,24.363,-10.000
96.698,23.369,24.362,-10.000
96.719,23.459,24.362,-10.000
96.738,23.520,24.362,-10.000
96.758,23.610,24.362,-9.999
96.778,23.671,24.362,-9.999
96.798,23.762,24.362,-9.999
96.818,23.822,24.362,-9.999
96.838,23.913,24.362,-9.999
96.859,23.973,24.362,-9.999
96.878,24.064,24.362,-9.999
96.898,24.125,24.362,-9.999
96.918,24.215,24.362,-9.999
96.940,24.276,24.362,-9.999
96.958,24.366,24.362,-10.000
96.978,24.427,24.363,-10.000
96.998,24.517,24.363,-10.000
97.018,24.577,24.363,-10.000
97.037,24.668,24.363,-10.000
97.058,24.728,24.364,-10.000
97.078,24.818,24.364,-10.000
97.097,24.878,24.364,-10.001
97.118,24.968,24.364,-10.001
97.138,25.028,24.365,-10.001
97.158,25.118,24.365,-10.001
97.179,25.178,24.365,-10.001
97.198,25.268,24.365,-10.001
97.218,25.328,24.366,-10.001
97.238,25.417,24.366,-10.000
97.258,25.477,24.366,-10.000
97.278,25.566,24.367,-10.000
97.298,25.626,24.367,-10.000
97.318,25.715,24.367,-10.000
97.340,25.775,24.368,-10.000
97.358,25.864,24.368,-10.000
97.379,25.923,24.368,-9.999
97.398,26.012,24.369,-9.999
97.418,26.071,24.369,-9.999
97.438,26.160,24.369,-9.999
97.458,26.220,24.370,-9.998
97.478,26.308,24.370,-9.998
97.498,26.367,24.371,-9.998
97.518,26.456,24.371,-9.997
97.538,26.515,24.371,-9.997
97.558,26.604,24.372,-9.997
97.578,26.663,24.372,-9.997
97.598,26.751,24.373,-9.996
97.617,26.810,24.373,-9.996
97.638,26.898,24.374,-9.996
97.658,26.957,24.374,-9.996
97.677,27.046,24.375,-9.996
97.697,27.105,24.375,-9.995
97.719,27.193,24.375,-9.995
97.738,27.252,24.376,-9.995
97.757,27.340,24.376,-9.995
97.778,27.399,24.376,-9.995
97.798,27.487,24.377,-9.994
97.818,27.546,24.377,-9.994
97.838,27.635,24.378,-9.994
97.858,27.693,24.378,-9.994
97.878,27.782,24.379,-9.994
97.898,27.841,24.379,-9.994
97.918,27.929,24.380,-9.994
97.938,27.988,24.380,-9.994
97.958,28.076,24.381,-9.993
97.978,28.135,24.382,-9.993
97.998,28.223,24.382,-9.993
98.017,28.282,24.383,-9.993
98.038,28.370,24.384,-9.992
98.058,28.429,24.384,-9.992
98.078,28.517,24.385,-9.992
98.098,28.576,24.386,-9.992
98.118,28.664,24.387,-9.992
98.138,28.723,24.387,-9.992
98.157,28.811,24.388,-9.992
98.178,28.870,24.389,-9.992
98.198,28.958,24.390,-9.992
98.217,29.017,24.391,-9.992
98.238,29.106,24.392,-9.992
98.259,29.165,24.392,-9.992
98.278,29.253,24.393,-9.993
98.297,29.312,24.394,-9.993
98.318,29.400,24.395,-9.993
98.338,29.459,24.395,-9.994
98.357,29.548,24.396,-9.994
98.378,29.606,24.397,-9.994
98.398,29.695,24.398,-9.995
98.418,29.754,24.398,-9.995
98.438,29.842,24.399,-9.996
98.458,29.901,24.399,-9.996
98.477,29.989,24.400,-9.997
98.499,30.048,24.400,-9.997
98.518,30.136,24.401,-9.998
98.538,30.195,24.401,-9.998
98.558,30.283,24.402,-9.999
98.578,30.342,24.402,-9.999
98.598,30.430,24.402,-10.000
98.618,30.489,24.403,-10.000
98.638,30.577,24.403,-10.001
98.660,30.636,24.403,-10.001
98.678,30.724,24.403,-10.002
98.698,30.783,24.404,-10.002
98.718,30.871,24.404,-10.003
98.738,30.930,24.404,-10.003
98.758,31.018,24.404,-10.004
98.778,31.077,24.405,-10.004
98.798,31.165,24.405,-10.005
98.818,31.224,24.405,-10.005
98.838,31.312,24.406,-10.005
98.858,31.371,24.406,-10.006
98.877,31.459,24.406,-10.006
98.898,31.518,24.407,-10.007
98.919,31.606,24.407,-10.007
98.938,31.665,24.408,-10.007
98.958,31.753,24.408,-10.008
98.978,31.812,24.409,-10.008
98.998,31.900,24.409,-10.008
99.018,31.959,24.410,-10.008
99.038,32.047,24.410,-10.008
99.058,32.106,24.411,-10.009
99.078,32.194,24.411,-10.009
99.098,32.252,24.412,-10.009
99.118,32.340,24.412,-10.009
99.138,32.399,24.412,-10.009
99.158,32.487,24.413,-10.008
99.178,32.546,24.413,-10.008
99.198,32.634,24.414,-10.008
99.218,32.692,24.414,-10.008
99.239,32.780,24.414,-10.008
99.258,32.839,24.415,-10.008
99.277,32.926,24.415,-10.007
99.298,32.985,24.415,-10.007
99.318,33.072,24.416,-10.007
99.338,33.130,24.416,-10.007
99.358,33.217,24.417,-10.007
99.378,33.275,24.417,-10.007
99.398,33.362,24.418,-10.007
99.418,33.419,24.418,-10.007
99.438,33.505,24.419,-10.007
99.458,33.562,24.419,-10.007
99.478,33.647,24.419,-10.007
99.498,33.704,24.420,-10.008
99.518,33.788,24.420,-10.008
99.538,33.843,24.421,-10.008
99.558,33.926,24.421,-10.009
99.578,33.981,24.421,-10.009
99.598,34.062,24.422,-10.010
99.619,34.116,24.422,-10.010
99.639,34.195,24.423,-10.011
99.658,34.248,24.423,-10.011
99.678,34.326,24.423,-10.012
99.698,34.377,24.423,-10.012
99.718,34.453,24.424,-10.013
99.738,34.502,24.424,-10.013
99.758,34.576,24.424,-10.014
99.778,34.624,24.424,-10.015
99.798,34.696,24.423,-10.015
99.818,34.742,24.423,-10.016
99.838,34.811,24.423,-10.017
99.858,34.856,24.423,-10.017
99.878,34.922,24.422,-10.018
99.898,34.966,24.422,-10.018
99.918,35.029,24.421,-10.019
99.937,35.071,24.421,-10.019
99.958,35.131,24.420,-10.021
99.978,35.171,24.420,-10.023
99.998,35.228,24.419,-10.026
100.018,35.265,24.419,-10.028
100.039,35.319,24.418,-10.031
100.058,35.354,24.418,-10.033
100.078,35.404,24.417,-10.036
100.098,35.436,24.417,-10.037
100.118,35.481,24.418,-10.040
100.138,35.510,24.419,-10.041
100.159,35.551,24.421,-10.042
100.178,35.577,24.423,-10.043
100.198,35.613,24.427,-10.043
100.218,35.636,24.431,-10.043
100.238,35.667,24.438,-10.042
100.258,35.686,24.444,-10.041
100.279,35.712,24.455,-10.038
100.298,35.728,24.464,-10.036
100.318,35.750,24.479,-10.032
100.338,35.762,24.490,-10.029
100.359,35.779,24.510,-10.024
100.379,35.790,24.525,-10.020
100.397,35.803,24.550,-10.014
100.418,35.811,24.568,-10.009
100.438,35.821,24.598,-10.001
100.458,35.827,24.620,-9.996
100.479,35.835,24.656,-9.987
100.498,35.839,24.681,-9.981
100.518,35.845,24.723,-9.971
100.538,35.848,24.752,-9.965
100.558,35.851,24.799,-9.955
100.578,35.854,24.832,-9.948
100.598,35.856,24.884,-9.938
100.618,35.858,24.921,-9.931
100.638,35.859,24.978,-9.921
100.657,35.860,25.018,-9.915
100.678,35.862,25.079,-9.905
100.698,35.862,25.122,-9.898
100.718,35.863,25.187,-9.889
100.738,35.864,25.232,-9.883
100.758,35.865,25.301,-9.875
100.778,35.866,25.349,-9.870
100.798,35.867,25.421,-9.863
100.818,35.868,25.470,-9.860
100.838,35.869,25.545,-9.855
100.858,35.870,25.596,-9.853
100.878,35.872,25.673,-9.851
100.898,35.873,25.724,-9.850
100.918,35.875,25.803,-9.851
100.939,35.877,25.855,-9.852
100.958,35.879,25.934,-9.855
100.978,35.881,25.987,-9.857
100.998,35.884,26.066,-9.862
101.018,35.886,26.118,-9.865
101.038,35.889,26.197,-9.871
101.057,35.891,26.249,-9.876
101.078,35.894,26.326,-9.883
101.098,35.896,26.378,-9.888
101.117,35.900,26.454,-9.895
101.138,35.902,26.504,-9.901
101.158,35.906,26.578,-9.908
101.178,35.908,26.626,-9.914
101.198,35.912,26.699,-9.922
101.218,35.915,26.746,-9.928
101.238,35.919,26.816,-9.936
101.257,35.921,26.861,-9.942
101.278,35.926,26.928,-9.950
101.298,35.928,26.972,-9.956
101.318,35.933,27.035,-9.965
101.338,35.935,27.077,-9.970
101.358,35.940,27.137,-9.978
101.377,35.943,27.176,-9.984
101.398,35.947,27.233,-9.993
101.418,35.949,27.270,-9.998
101.438,35.953,27.323,-10.007
101.458,35.955,27.358,-10.013
101.478,35.957,27.407,-10.021
101.498,35.958,27.440,-10.027
101.518,35.958,27.485,-10.035
101.538,35.957,27.515,-10.040
101.558,35.954,27.558,-10.046
101.578,35.951,27.585,-10.051
101.598,35.945,27.624,-10.056
101.618,35.939,27.649,-10.059
101.638,35.928,27.685,-10.063
101.657,35.920,27.708,-10.065
101.678,35.905,27.740,-10.067
101.698,35.894,27.761,-10.068
101.718,35.874,27.791,-10.068
101.739,35.860,27.809,-10.068
101.758,35.835,27.836,-10.067
101.778,35.817,27.853,-10.065
101.798,35.788,27.876,-10.062
101.818,35.767,27.891,-10.059
101.838,35.733,27.912,-10.055
101.858,35.708,27.925,-10.051
101.878,35.669,27.942,-10.045
101.898,35.641,27.953,-10.040
101.918,35.597,27.968,-10.034
101.938,35.565,27.976,-10.029
101.958,35.515,27.988,-10.022
101.978,35.480,27.994,-10.018
101.998,35.425,28.003,-10.012
102.019,35.387,28.007,-10.008
102.038,35.327,28.013,-10.003
102.058,35.285,28.016,-10.001
102.078,35.221,28.018,-9.997
102.098,35.176,28.019,-9.995
102.118,35.107,28.020,-9.992
102.138,35.060,28.020,-9.990
102.158,34.987,28.018,-9.988
102.178,34.938,28.017,-9.987
102.198,34.862,28.014,-9.986
102.218,34.811,28.012,-9.985
102.238,34.733,28.008,-9.985
102.258,34.680,28.006,-9.984
102.278,34.599,28.001,-9.984
102.298,34.545,27.998,-9.984
102.317,34.462,27.994,-9.985
102.338,34.407,27.990,-9.985
102.358,34.323,27.986,-9.986
102.377,34.267,27.982,-9.987
102.398,34.181,27.978,-9.988
102.419,34.124,27.975,-9.989
102.438,34.038,27.971,-9.991
102.458,33.980,27.968,-9.992
102.478,33.893,27.964,-9.993
102.498,33.835,27.962,-9.995
102.518,33.747,27.959,-9.997
102.538,33.688,27.957,-9.998
102.558,33.600,27.954,-10.000
102.577,33.541,27.952,-10.002
102.598,33.453,27.951,-10.004
102.618,33.394,27.950,-10.005
102.637,33.305,27.948,-10.007
102.658,33.246,27.948,-10.009
102.680,33.157,27.947,-10.011
102.698,33.098,27.947,-10.012
102.718,33.009,27.947,-10.014
102.738,32.950,27.947,-10.016
102.758,32.861,27.948,-10.018
102.778,32.802,27.949,-10.019
102.797,32.713,27.950,-10.021
102.818,32.653,27.951,-10.022
102.838,32.564,27.953,-10.023
102.859,32.505,27.954,-10.024
102.878,32.417,27.956,-10.026
102.897,32.358,27.958,-10.027
102.920,32.269,27.960,-10.028
102.938,32.210,27.962,-10.029
102.958,32.122,27.964,-10.030
102.978,32.063,27.966,-10.030
102.998,31.975,27.969,-10.031
103.018,31.916,27.971,-10.032
103.037,31.828,27.974,-10.032
103.058,31.769,27.976,-10.033
103.078,31.682,27.979,-10.034
103.097,31.623,27.980,-10.034
103.118,31.535,27.983,-10.035
103.138,31.477,27.985,-10.035
103.158,31.390,27.987,-10.036
103.178,31.331,27.989,-10.036
103.198,31.244,27.992,-10.036
103.218,31.186,27.993,-10.037
103.238,31.099,27.995,-10.037
103.259,31.041,27.997,-10.037
103.278,30.954,27.999,-10.038
103.298,30.896,28.000,-10.038
103.318,30.808,28.003,-10.038
103.338,30.750,28.004,-10.038
103.358,30.663,28.006,-10.038
103.378,30.605,28.007,-10.038
103.398,30.518,28.009,-10.038
103.418,30.460,28.010,-10.038
103.438,30.373,28.012,-10.038
103.458,30.315,28.014,-10.038
103.478,30.227,28.016,-10.038
103.498,30.169,28.017,-10.038
103.518,30.082,28.019,-10.038
103.538,30.024,28.020,-10.038
103.557,29.937,28.022,-10.038
103.578,29.879,28.023,-10.038
103.598,29.791,28.024,-10.037
103.618,29.733,28.025,-10.037
103.637,29.646,28.027,-10.037
103.658,29.588,28.028,-10.037
103.678,29.500,28.030,-10.037
103.698,29.442,28.031,-10.036
103.718,29.354,28.032,-10.036
103.738,29.296,28.033,-10.036
103.757,29.209,28.034,-10.036
103.779,29.150,28.035,-10.036
103.798,29.062,28.037,-10.035
103.818,29.004,28.038,-10.035
103.837,28.916,28.039,-10.035
103.858,28.858,28.040,-10.035
103.878,28.770,28.041,-10.035
103.897,28.711,28.042,-10.035
103.918,28.623,28.044,-10.035
103.938,28.564,28.045,-10.035
103.958,28.476,28.047,-10.035
103.979,28.417,28.048,-10.034
103.998,28.329,28.050,-10.034
104.017,28.270,28.051,-10.034
104.038,28.182,28.053,-10.034
104.058,28.123,28.054,-10.034
104.078,28.034,28.056,-10.034
104.097,27.975,28.057,-10.034
104.119,27.886,28.059,-10.033
104.138,27.827,28.061,-10.033
104.157,27.739,28.063,-10.033
104.178,27.680,28.064,-10.033
104.198,27.591,28.067,-10.033
104.218,27.532,28.069,-10.033
104.238,27.443,28.071,-10.032
104.260,27.384,28.073,-10.032
104.278,27.296,28.076,-10.032
104.298,27.236,28.078,-10.032
104.318,27.148,28.081,-10.032
104.338,27.088,28.083,-10.032
104.357,27.000,28.085,-10.031
104.378,26.940,28.087,-10.031
104.397,26.851,28.090,-10.031
104.417,26.792,28.092,-10.031
104.439,26.703,28.096,-10.030
104.458,26.644,28.098,-10.030
104.478,26.554,28.101,-10.030
104.498,26.495,28.103,-10.030
104.518,26.406,28.106,-10.029
104.538,26.346,28.108,-10.029
104.558,26.257,28.112,-10.029
104.578,26.197,28.114,-10.029
104.598,26.108,28.117,-10.028
104.618,26.048,28.119,-10.028
104.638,25.959,28.122,-10.028
104.658,25.899,28.124,-10.028
104.678,25.810,28.128,-10.027
104.698,25.750,28.130,-10.027
104.718,25.660,28.133,-10.027
104.738,25.600,28.135,-10.027
104.757,25.511,28.138,-10.026
104.778,25.451,28.140,-10.026
104.798,25.361,28.143,-10.025
104.817,25.301,28.145,-10.025
104.839,25.211,28.148,-10.025
104.858,25.151,28.150,-10.024
104.878,25.061,28.153,-10.024
104.898,25.001,28.155,-10.024
104.918,24.911,28.158,-10.023
104.938,24.851,28.160,-10.023
104.958,24.760,28.163,-10.022
104.978,24.700,28.164,-10.022
104.998,24.610,28.167,-10.021
105.017,24.549,28.168,-10.021
105.038,24.459,28.171,-10.021
105.058,24.399,28.172,-10.020
105.078,24.308,28.175,-10.020
105.098,24.248,28.176,-10.019
105.118,24.157,28.178,-10.019
105.138,24.097,28.180,-10.018
105.158,24.006,28.182,-10.018
105.179,23.946,28.183,-10.017
105.198,23.855,28.185,-10.017
105.217,23.795,28.186,-10.016
105.238,23.704,28.188,-10.015
105.257,23.644,28.189,-10.015
105.277,23.553,28.191,-10.014
105.298,23.492,28.192,-10.014
105.318,23.402,28.194,-10.013
105.338,23.341,28.195,-10.012
105.358,23.251,28.197,-10.011
105.378,23.190,28.198,-10.011
105.398,23.100,28.200,-10.010
105.417,23.039,28.201,-10.010
105.439,22.949,28.202,-10.009
105.458,22.889,28.203,-10.008
105.477,22.798,28.205,-10.008
105.498,22.738,28.206,-10.007
105.519,22.647,28.207,-10.007
105.538,22.587,28.208,-10.007
105.558,22.496,28.209,-10.006
105.578,22.436,28.210,-10.006
105.598,22.345,28.211,-10.006
105.618,22.285,28.212,-10.006
105.638,22.194,28.213,-10.005
105.658,22.134,28.214,-10.005
105.677,22.043,28.215,-10.005
105.698,21.982,28.215,-10.005
105.718,21.892,28.216,-10.005
105.738,21.831,28.217,-10.005
105.759,21.740,28.218,-10.005
105.778,21.680,28.219,-10.005
105.797,21.589,28.219,-10.005
105.818,21.528,28.220,-10.004
105.838,21.437,28.221,-10.004
105.857,21.376,28.221,-10.004
105.877,21.285,28.222,-10.004
105.898,21.224,28.222,-10.005
105.918,21.132,28.223,-10.005
105.938,21.071,28.224,-10.005
105.958,20.980,28.224,-10.005
105.978,20.919,28.225,-10.005
105.998,20.827,28.225,-10.005
106.018,20.766,28.226,-10.005
106.038,20.674,28.227,-10.005
106.058,20.612,28.227,-10.005
106.078,20.520,28.228,-10.005
106.098,20.459,28.228,-10.006
106.118,20.367,28.229,-10.006
106.138,20.305,28.229,-10.006
106.158,20.213,28.230,-10.006
106.179,20.152,28.230,-10.006
106.198,20.059,28.231,-10.007
106.217,19.998,28.231,-10.007
106.238,19.905,28.232,-10.007
106.258,19.844,28.232,-10.007
106.277,19.751,28.233,-10.007
106.298,19.690,28.233,-10.007
106.318,19.598,28.234,-10.007
106.338,19.536,28.234,-10.008
106.358,19.444,28.235,-10.008
106.378,19.382,28.235,-10.008
106.398,19.290,28.236,-10.008
106.418,19.229,28.236,-10.008
106.438,19.136,28.237,-10.009
106.458,19.075,28.238,-10.009
106.478,18.983,28.238,-10.009
106.498,18.921,28.239,-10.009
106.518,18.829,28.239,-10.009
106.537,18.768,28.240,-10.009
106.559,18.676,28.240,-10.009
106.578,18.615,28.241,-10.009
106.598,18.523,28.242,-10.009
106.618,18.462,28.242,-10.009
106.638,18.370,28.243,-10.010
106.658,18.309,28.243,-10.010
106.677,18.217,28.244,-10.010
106.698,18.155,28.244,-10.010
106.718,18.064,28.245,-10.010
106.738,18.002,28.246,-10.010
106.758,17.911,28.246,-10.010
106.778,17.850,28.247,-10.010
106.797,17.758,28.247,-10.011
106.818,17.697,28.248,-10.011
106.838,17.605,28.249,-10.011
106.857,17.544,28.249,-10.011
106.878,17.452,28.250,-10.011
106.898,17.391,28.250,-10.011
106.918,17.300,28.251,-10.011
106.938,17.239,28.251,-10.011
106.958,17.147,28.252,-10.011
106.978,17.086,28.252,-10.011
106.998,16.994,28.253,-10.011
107.018,16.933,28.253,-10.011
107.038,16.841,28.253,-10.011
107.057,16.780,28.254,-10.011
107.078,16.688,28.254,-10.012
107.097,16.627,28.255,-10.012
107.117,16.535,28.255,-10.011
107.138,16.474,28.255,-10.011
107.158,16.382,28.256,-10.011
107.178,16.321,28.256,-10.011
107.198,16.229,28.257,-10.011
107.218,16.168,28.257,-10.011
107.238,16.076,28.258,-10.011
107.257,16.015,28.258,-10.010
107.278,15.923,28.259,-10.010
107.298,15.861,28.259,-10.010
107.318,15.770,28.259,-10.010
107.337,15.709,28.260,-10.010
107.359,15.617,28.260,-10.009
107.378,15.556,28.260,-10.009
107.398,15.464,28.261,-10.009
107.418,15.403,28.261,-10.009
107.438,15.311,28.261,-10.009
107.458,15.250,28.261,-10.008
107.478,15.159,28.262,-10.008
107.498,15.098,28.262,-10.008
107.518,15.007,28.262,-10.007
107.537,14.946,28.262,-10.007
107.558,14.854,28.262,-10.007
107.578,14.794,28.262,-10.007
107.598,14.702,28.262,-10.006
107.618,14.642,28.262,-10.006
107.638,14.551,28.262,-10.006
107.657,14.490,28.262,-10.006
107.678,14.399,28.262,-10.005
107.698,14.338,28.262,-10.005
107.718,14.247,28.262,-10.005
107.738,14.186,28.262,-10.004
107.758,14.095,28.261,-10.004
107.778,14.034,28.262,-10.004
107.797,13.943,28.262,-10.003
107.818,13.883,28.261,-10.003
107.837,13.791,28.261,-10.003
107.857,13.731,28.261,-10.003
107.878,13.640,28.261,-10.003
107.898,13.579,28.261,-10.003
107.917,13.488,28.261,-10.003
107.938,13.427,28.261,-10.003
107.958,13.336,28.261,-10.003
107.978,13.276,28.261,-10.003
107.998,13.184,28.261,-10.003
108.018,13.124,28.261,-10.003
108.038,13.033,28.260,-10.003
108.058,12.972,28.260,-10.003
108.078,12.881,28.260,-10.003
108.097,12.821,28.259,-10.003
108.117,12.730,28.259,-10.004
108.138,12.669,28.259,-10.004
108.158,12.579,28.258,-10.004
108.177,12.518,28.258,-10.004
108.199,12.427,28.257,-10.004
108.219,12.367,28.257,-10.004
108.238,12.276,28.256,-10.005
108.258,12.216,28.255,-10.005
108.278,12.125,28.255,-10.005
108.298,12.065,28.254,-10.005
108.318,11.974,28.254,-10.006
108.338,11.914,28.253,-10.006
108.358,11.823,28.252,-10.006
108.378,11.763,28.252,-10.006
108.398,11.672,28.251,-10.007
108.418,11.612,28.250,-10.007
108.438,11.521,28.249,-10.007
108.458,11.461,28.248,-10.007
108.478,11.370,28.247,-10.007
108.498,11.309,28.247,-10.008
108.517,11.219,28.246,-10.008
108.538,11.158,28.245,-10.008
108.558,11.068,28.244,-10.009
108.577,11.007,28.243,-10.009
108.598,10.917,28.242,-10.010
108.618,10.856,28.241,-10.010
108.638,10.765,28.240,-10.010
108.658,10.705,28.239,-10.011
108.678,10.614,28.238,-10.011
108.698,10.554,28.237,-10.011
108.718,10.463,28.236,-10.012
108.738,10.403,28.235,-10.012
108.758,10.312,28.234,-10.013
108.778,10.251,28.234,-10.013
108.798,10.160,28.233,-10.014
108.818,10.100,28.232,-10.014
108.838,10.009,28.231,-10.014
108.858,9.948,28.230,-10.015
108.878,9.858,28.230,-10.015
108.898,9.797,28.229,-10.015
108.918,9.706,28.228,-10.016
108.940,9.646,28.228,-10.016
108.958,9.555,28.227,-10.016
108.978,9.494,28.226,-10.016
108.998,9.403,28.226,-10.016
109.018,9.342,28.225,-10.017
109.038,9.251,28.225,-10.017
109.058,9.191,28.224,-10.017
109.078,9.100,28.224,-10.017
109.098,9.039,28.223,-10.017
109.118,8.948,28.223,-10.017
109.138,8.888,28.223,-10.017
109.158,8.797,28.222,-10.017
109.178,8.736,28.222,-10.017
109.198,8.646,28.222,-10.017
109.218,8.585,28.221,-10.017
109.238,8.495,28.221,-10.017
109.258,8.434,28.221,-10.016
109.278,8.343,28.220,-10.016
109.298,8.283,28.220,-10.016
109.318,8.192,28.220,-10.016
109.338,8.132,28.220,-10.016
109.358,8.041,28.219,-10.016
109.378,7.981,28.219,-10.016
109.398,7.891,28.219,-10.015
109.418,7.830,28.218,-10.015
109.437,7.740,28.218,-10.015
109.458,7.680,28.217,-10.015
109.478,7.589,28.217,-10.015
109.498,7.529,28.216,-10.014
109.520,7.439,28.216,-10.014
109.538,7.379,28.215,-10.014
109.558,7.289,28.214,-10.014
109.577,7.229,28.214,-10.013
109.598,7.140,28.213,-10.013
109.618,7.080,28.213,-10.013
109.638,6.990,28.212,-10.013
109.658,6.930,28.211,-10.013
109.678,6.840,28.210,-10.012
109.698,6.780,28.209,-10.012
109.718,6.690,28.208,-10.012
109.738,6.631,28.208,-10.012
109.758,6.541,28.207,-10.011
109.778,6.481,28.206,-10.011
109.798,6.392,28.205,-10.011
109.818,6.332,28.204,-10.011
109.838,6.242,28.202,-10.011
109.858,6.183,28.201,-10.010
109.878,6.093,28.200,-10.010
109.898,6.033,28.199,-10.010
109.918,5.944,28.198,-10.010
109.938,5.884,28.197,-10.010
109.958,5.794,28.195,-10.010
109.978,5.735,28.194,-10.010
109.998,5.645,28.193,-10.010
110.018,5.585,28.192,-10.011
110.038,5.495,28.190,-10.011
110.058,5.436,28.189,-10.011
110.078,5.346,28.188,-10.011
110.098,5.286,28.187,-10.011
110.118,5.196,28.185,-10.011
110.138,5.136,28.184,-10.011
110.158,5.046,28.183,-10.011
110.178,4.986,28.182,-10.011
110.198,4.896,28.181,-10.011
110.218,4.837,28.180,-10.011
110.238,4.747,28.178,-10.010
110.258,4.687,28.177,-10.010
110.278,4.597,28.176,-10.010
110.298,4.537,28.175,-10.010
110.318,4.447,28.174,-10.009
110.338,4.387,28.173,-10.009
110.357,4.298,28.171,-10.009
110.377,4.238,28.170,-10.009
110.398,4.148,28.169,-10.008
110.418,4.088,28.168,-10.008
110.438,3.999,28.166,-10.008
110.459,3.939,28.165,-10.008
110.478,3.849,28.164,-10.007
110.498,3.789,28.163,-10.007
110.518,3.700,28.161,-10.007
110.538,3.640,28.160,-10.007
110.557,3.551,28.158,-10.007
110.578,3.491,28.157,-10.007
110.598,3.402,28.156,-10.006
110.618,3.343,28.155,-10.006
110.638,3.253,28.153,-10.006
110.658,3.194,28.152,-10.006
110.677,3.104,28.150,-10.006
110.698,3.045,28.149,-10.007
110.718,2.956,28.147,-10.007
110.738,2.896,28.146,-10.007
110.758,2.807,28.144,-10.007
110.778,2.748,28.143,-10.007
110.798,2.659,28.141,-10.007
110.818,2.600,28.140,-10.007
110.838,2.511,28.139,-10.007
110.858,2.452,28.138,-10.007
110.878,2.363,28.136,-10.007
110.898,2.304,28.135,-10.007
110.918,2.215,28.133,-10.007
110.938,2.156,28.132,-10.007
110.958,2.067,28.131,-10.007
110.978,2.008,28.129,-10.007
110.998,1.919,28.128,-10.008
111.017,1.860,28.127,-10.008
111.038,1.771,28.125,-10.008
111.058,1.712,28.124,-10.008
111.078,1.623,28.122,-10.008
111.098,1.564,28.121,-10.008
111.117,1.475,28.119,-10.008
111.138,1.416,28.118,-10.008
111.158,1.327,28.116,-10.009
111.178,1.268,28.115,-10.009
111.198,1.179,28.113,-10.009
111.218,1.120,28.112,-10.009
111.238,1.031,28.110,-10.009
111.258,0.972,28.109,-10.010
111.277,0.883,28.107,-10.010
111.298,0.824,28.106,-10.010
111.318,0.735,28.105,-10.011
111.338,0.676,28.103,-10.011
111.358,0.588,28.102,-10.011
111.379,0.528,28.101,-10.011
111.398,0.439,28.099,-10.012
111.417,0.380,28.098,-10.012
111.438,0.291,28.096,-10.012
111.458,0.232,28.095,-10.012
111.478,0.143,28.094,-10.013
111.498,0.084,28.092,-10.013
111.518,-0.006,28.091,-10.013
111.538,-0.065,28.090,-10.013
111.557,-0.154,28.088,-10.014
111.579,-0.214,28.087,-10.014
111.598,-0.303,28.086,-10.014
111.618,-0.362,28.085,-10.014
111.638,-0.452,28.083,-10.015
111.658,-0.511,28.082,-10.015
111.678,-0.600,28.081,-10.015
111.699,-0.660,28.080,-10.015
111.718,-0.749,28.079,-10.015
111.738,-0.809,28.078,-10.016
111.758,-0.898,28.076,-10.016
111.778,-0.958,28.076,-10.016
111.798,-1.047,28.075,-10.016
111.817,-1.107,28.074,-10.016
111.838,-1.196,28.073,-10.016
111.857,-1.256,28.072,-10.016
111.877,-1.346,28.071,-10.016
111.898,-1.405,28.071,-10.016
111.919,-1.495,28.070,-10.016
111.938,-1.555,28.070,-10.016
111.958,-1.644,28.069,-10.017
111.978,-1.704,28.069,-10.017
111.998,-1.793,28.068,-10.017
112.018,-1.853,28.068,-10.017
112.038,-1.942,28.068,-10.017
112.058,-2.002,28.067,-10.017
112.078,-2.091,28.067,-10.017
112.098,-2.150,28.067,-10.017
112.118,-2.210,28.067,-10.017
112.138,-2.299,28.067,-10.017
112.158,-2.388,28.067,-10.017
112.179,-2.447,28.067,-10.017
112.198,-2.536,28.067,-10.017
112.218,-2.595,28.067,-10.017
112.238,-2.684,28.068,-10.017
112.258,-2.743,28.068,-10.017
112.277,-2.832,28.068,-10.017
112.298,-2.891,28.069,-10.017
112.318,-2.979,28.069,-10.016
112.337,-3.038,28.070,-10.016
112.358,-3.126,28.070,-10.016
112.378,-3.184,28.071,-10.016
112.398,-3.272,28.072,-10.016
112.418,-3.330,28.072,-10.016
112.439,-3.417,28.073,-10.016
112.458,-3.475,28.074,-10.016
112.477,-3.561,28.075,-10.016
112.498,-3.618,28.075,-10.016
112.518,-3.703,28.076,-10.016
112.537,-3.759,28.077,-10.016
112.558,-3.843,28.078,-10.016
112.578,-3.899,28.079,-10.016
112.598,-3.981,28.079,-10.017
112.618,-4.035,28.080,-10.017
112.638,-4.116,28.081,-10.017
112.658,-4.169,28.082,-10.017
112.677,-4.248,28.082,-10.018
112.698,-4.300,28.083,-10.018
112.718,-4.377,28.084,-10.018
112.737,-4.428,28.085,-10.018
112.758,-4.502,28.085,-10.019
112.778,-4.551,28.086,-10.019
112.797,-4.624,28.087,-10.020
112.819,-4.671,28.087,-10.020
112.838,-4.741,28.088,-10.021
112.858,-4.787,28.089,-10.021
112.877,-4.855,28.089,-10.021
112.898,-4.899,28.090,-10.022
112.918,-4.964,28.091,-10.022
112.938,-5.006,28.091,-10.022
112.958,-5.068,28.092,-10.023
112.978,-5.109,28.092,-10.023
112.998,-5.169,28.093,-10.023
113.018,-5.207,28.094,-10.024
113.038,-5.264,28.095,-10.025
113.058,-5.301,28.095,-10.026
113.078,-5.356,28.096,-10.027
113.098,-5.391,28.096,-10.028
113.118,-5.443,28.097,-10.031
113.137,-5.476,28.098,-10.033
113.158,-5.525,28.099,-10.036
113.178,-5.557,28.099,-10.039
113.198,-5.603,28.100,-10.044
113.218,-5.633,28.100,-10.048
113.238,-5.677,28.101,-10.055
113.258,-5.705,28.101,-10.060
113.278,-5.746,28.102,-10.068
113.298,-5.773,28.102,-10.075
113.318,-5.811,28.102,-10.085
113.337,-5.836,28.102,-10.093
113.358,-5.873,28.103,-10.105
113.378,-5.896,28.103,-10.114
113.398,-5.930,28.103,-10.129
113.418,-5.952,28.103,-10.140
113.438,-5.983,28.103,-10.157
113.458,-6.003,28.103,-10.169
113.478,-6.032,28.103,-10.189
113.498,-6.051,28.102,-10.203
113.517,-6.078,28.102,-10.225
113.538,-6.095,28.102,-10.241
113.558,-6.119,28.101,-10.267
113.578,-6.135,28.101,-10.284
113.598,-6.157,28.101,-10.313
113.618,-6.171,28.100,-10.332
113.638,-6.191,28.100,-10.364
113.657,-6.203,28.099,-10.385
113.678,-6.220,28.099,-10.420
113.698,-6.231,28.098,-10.444
113.718,-6.246,28.097,-10.482
113.738,-6.255,28.097,-10.509
113.758,-6.267,28.096,-10.550
113.778,-6.275,28.096,-10.579
113.798,-6.285,28.095,-10.623
113.818,-6.290,28.095,-10.654
113.838,-6.298,28.094,-10.702
113.857,-6.302,28.094,-10.735
113.878,-6.307,28.093,-10.785
113.899,-6.309,28.093,-10.820
113.917,-6.312,28.092,-10.873
113.938,-6.312,28.092,-10.909
113.958,-6.312,28.091,-10.965
113.978,-6.311,28.091,-11.003
113.998,-6.309,28.091,-11.061
114.019,-6.306,28.091,-11.101
114.038,-6.301,28.090,-11.161
114.058,-6.297,28.090,-11.202
114.078,-6.290,28.090,-11.264
114.098,-6.284,28.090,-11.306
114.117,-6.274,28.090,-11.369
114.138,-6.267,28.090,-11.411
114.158,-6.256,28.090,-11.476
114.178,-6.247,28.089,-11.519
114.197,-6.234,28.089,-11.584
114.218,-6.224,28.089,-11.628
114.238,-6.209,28.089,-11.694
114.257,-6.198,28.089,-11.738
114.281,-6.181,28.090,-11.805
114.298,-6.169,28.090,-11.850
114.317,-6.150,28.090,-11.917
114.339,-6.137,28.090,-11.962
114.359,-6.117,28.090,-12.030
114.378,-6.103,28.091,-12.076
114.398,-6.082,28.091,-12.144
114.418,-6.067,28.091,-12.190
114.438,-6.045,28.092,-12.258
114.458,-6.030,28.092,-12.304
114.480,-6.007,28.093,-12.373
114.498,-5.991,28.093,-12.419
114.517,-5.967,28.094,-12.488
114.538,-5.951,28.094,-12.534
114.559,-5.926,28.094,-12.603
114.577,-5.910,28.095,-12.649
114.597,-5.885,28.096,-12.718
114.618,-5.868,28.096,-12.764
114.638,-5.843,28.097,-12.833
114.658,-5.826,28.097,-12.879
114.678,-5.800,28.098,-12.947
114.698,-5.784,28.098,-12.993
114.717,-5.758,28.099,-13.061
114.738,-5.742,28.099,-13.106
114.758,-5.717,28.100,-13.174
114.778,-5.701,28.100,-13.219
114.799,-5.676,28.100,-13.286
114.818,-5.660,28.101,-13.331
114.838,-5.637,28.101,-13.398
114.858,-5.621,28.102,-13.442
114.878,-5.598,28.102,-13.509
114.898,-5.583,28.102,-13.554
114.917,-5.561,28.103,-13.620
114.940,-5.546,28.103,-13.665
114.958,-5.525,28.103,-13.731
114.978,-5.511,28.103,-13.776
114.998,-5.490,28.104,-13.842
115.018,-5.477,28.104,-13.887
115.038,-5.458,28.104,-13.954
115.058,-5.446,28.104,-13.998
115.078,-5.428,28.104,-14.066
115.098,-5.417,28.104,-14.110
115.117,-5.401,28.104,-14.178
115.138,-5.390,28.103,-14.223
115.158,-5.376,28.103,-14.290
115.177,-5.367,28.103,-14.335
115.198,-5.354,28.103,-14.402
115.218,-5.346,28.103,-14.447
115.237,-5.335,28.102,-14.515
115.258,-5.328,28.102,-14.560
115.278,-5.319,28.101,-14.627
115.298,-5.314,28.101,-14.672
115.318,-5.307,28.101,-14.740
115.338,-5.303,28.100,-14.785
115.358,-5.297,28.100,-14.853
115.377,-5.295,28.099,-14.898
115.398,-5.291,28.099,-14.967
115.418,-5.289,28.099,-15.012
115.438,-5.287,28.098,-15.081
115.458,-5.286,28.098,-15.126
115.478,-5.286,28.097,-15.195
115.498,-5.286,28.097,-15.241
115.517,-5.287,28.096,-15.310
115.538,-5.288,28.095,-15.355
115.558,-5.290,28.095,-15.424
115.578,-5.291,28.094,-15.470
115.598,-5.294,28.093,-15.539
115.617,-5.296,28.093,-15.585
115.637,-5.300,28.092,-15.654
115.658,-5.303,28.091,-15.700
115.680,-5.307,28.090,-15.769
115.698,-5.311,28.090,-15.815
115.718,-5.315,28.089,-15.885
115.738,-5.319,28.088,-15.931
115.758,-5.324,28.087,-16.001
115.777,-5.327,28.086,-16.047
115.798,-5.332,28.085,-16.117
115.818,-5.335,28.085,-16.163
115.837,-5.340,28.084,-16.233
115.858,-5.344,28.083,-16.279
115.878,-5.348,28.082,-16.349
115.898,-5.351,28.081,-16.396
115.918,-5.356,28.080,-16.466
115.938,-5.359,28.079,-16.512
115.958,-5.363,28.078,-16.582
115.977,-5.365,28.077,-16.629
115.998,-5.368,28.076,-16.699
116.018,-5.370,28.075,-16.746
116.038,-5.373,28.074,-16.816
116.058,-5.375,28.073,-16.863
116.078,-5.377,28.072,-16.933
116.097,-5.379,28.071,-16.980
116.118,-5.380,28.070,-17.051
116.138,-5.381,28.070,-17.098
116.158,-5.382,28.069,-17.168
116.179,-5.383,28.068,-17.215
116.198,-5.383,28.067,-17.285
116.218,-5.383,28.066,-17.332
116.238,-5.383,28.066,-17.402
116.258,-5.383,28.065,-17.449
116.278,-5.382,28.064,-17.520
116.297,-5.381,28.064,-17.567
116.317,-5.379,28.063,-17.637
116.338,-5.378,28.063,-17.684
116.357,-5.376,28.062,-17.754
116.378,-5.374,28.062,-17.801
116.398,-5.372,28.061,-17.871
116.418,-5.370,28.060,-17.918
116.438,-5.366,28.060,-17.988
116.458,-5.364,28.059,-18.035
116.478,-5.360,28.059,-18.105
116.498,-5.357,28.058,-18.152
116.518,-5.353,28.058,-18.222
116.538,-5.350,28.057,-18.269
116.557,-5.345,28.057,-18.339
116.578,-5.341,28.057,-18.386
116.598,-5.336,28.056,-18.457
116.618,-5.332,28.056,-18.504
116.637,-5.326,28.055,-18.574
116.658,-5.321,28.055,-18.621
116.678,-5.315,28.054,-18.692
116.698,-5.310,28.054,-18.739
116.718,-5.303,28.054,-18.809
116.738,-5.298,28.053,-18.856
116.757,-5.291,28.053,-18.926
116.778,-5.286,28.053,-18.973
116.798,-5.278,28.053,-19.044
116.818,-5.273,28.052,-19.091
116.838,-5.265,28.052,-19.161
116.858,-5.259,28.052,-19.208
116.878,-5.251,28.052,-19.278
116.897,-5.245,28.051,-19.325
116.918,-5.237,28.051,-19.396
116.938,-5.231,28.051,-19.443
116.957,-5.222,28.050,-19.513
116.978,-5.216,28.050,-19.560
116.998,-5.208,28.050,-19.630
117.018,-5.202,28.049,-19.677
117.037,-5.193,28.049,-19.748
117.059,-5.187,28.049,-19.795
117.078,-5.178,28.048,-19.865
117.097,-5.172,28.048,-19.912
117.118,-5.163,28.047,-19.983
117.138,-5.157,28.047,-20.030
117.157,-5.148,28.046,-20.100
117.178,-5.142,28.046,-20.147
117.198,-5.133,28.045,-20.218
117.217,-5.128,28.045,-20.265
117.238,-5.119,28.044,-20.336
117.258,-5.113,28.044,-20.383
117.277,-5.105,28.043,-20.453
117.298,-5.099,28.043,-20.501
117.318,-5.091,28.042,-20.571
117.338,-5.085,28.042,-20.619
117.357,-5.077,28.041,-20.690
117.378,-5.072,28.040,-20.737
117.398,-5.064,28.040,-20.808
117.417,-5.059,28.039,-20.855
117.438,-5.051,28.038,-20.926
117.458,-5.046,28.038,-20.974
117.477,-5.039,28.037,-21.045
117.497,-5.034,28.037,-21.092
117.518,-5.027,28.036,-21.163
117.538,-5.022,28.035,-21.211
117.558,-5.015,28.035,-21.282
117.578,-5.010,28.034,-21.329
117.597,-5.004,28.034,-21.401
117.617,-5.000,28.033,-21.448
117.638,-4.993,28.033,-21.519
117.658,-4.989,28.032,-21.567
117.678,-4.983,28.031,-21.638
117.698,-4.979,28.031,-21.685
117.718,-4.973,28.030,-21.757
117.738,-4.970,28.030,-21.804
117.757,-4.964,28.029,-21.875
117.778,-4.961,28.028,-21.923
117.798,-4.956,28.028,-21.994
117.818,-4.952,28.027,-22.041
117.838,-4.947,28.026,-22.112
117.858,-4.944,28.026,-22.160
117.877,-4.939,28.025,-22.231
117.897,-4.936,28.024,-22.278
117.918,-4.931,28.024,-22.349
117.938,-4.928,28.023,-22.397
117.958,-4.924,28.022,-22.468
117.978,-4.921,28.022,-22.515
117.998,-4.916,28.021,-22.586
118.017,-4.914,28.021,-22.634
118.038,-4.909,28.020,-22.705
118.059,-4.906,28.019,-22.752
118.078,-4.902,28.019,-22.823
118.098,-4.899,28.018,-22.871
118.118,-4.895,28.018,-22.942
118.137,-4.892,28.017,-22.989
118.158,-4.888,28.017,-23.061
118.178,-4.886,28.016,-23.108
118.198,-4.882,28.016,-23.179
118.217,-4.879,28.015,-23.226
118.239,-4.875,28.015,-23.297
118.258,-4.873,28.015,-23.344
118.278,-4.869,28.014,-23.414
118.298,-4.866,28.014,-23.461
118.319,-4.862,28.014,-23.530
118.338,-4.860,28.013,-23.576
118.357,-4.856,28.013,-23.645
118.378,-4.854,28.013,-23.690
118.398,-4.850,28.013,-23.758
118.418,-4.847,28.013,-23.802
118.438,-4.844,28.013,-23.868
118.458,-4.841,28.013,-23.912
118.478,-4.838,28.013,-23.977
118.498,-4.835,28.013,-24.020
118.518,-4.832,28.013,-24.083
118.538,-4.829,28.013,-24.125
118.558,-4.826,28.013,-24.187
118.578,-4.823,28.013,-24.229
118.598,-4.820,28.013,-24.290
118.617,-4.818,28.013,-24.330
118.638,-4.815,28.014,-24.390
118.658,-4.813,28.014,-24.430
118.677,-4.810,28.014,-24.489
118.698,-4.808,28.014,-24.528
118.719,-4.805,28.014,-24.586
118.737,-4.803,28.014,-24.624
118.758,-4.800,28.014,-24.681
118.780,-4.798,28.014,-24.718
118.797,-4.796,28.014,-24.774
118.818,-4.794,28.014,-24.811
118.838,-4.792,28.014,-24.866
118.858,-4.790,28.014,-24.903
118.878,-4.788,28.014,-24.957
118.898,-4.787,28.014,-24.993
118.918,-4.785,28.015,-25.046
118.937,-4.783,28.015,-25.081
118.958,-4.781,28.015,-25.134
118.978,-4.780,28.015,-25.168
118.998,-4.778,28.016,-25.220
119.018,-4.777,28.016,-25.254
119.038,-4.775,28.017,-25.305
119.057,-4.774,28.017,-25.339
119.077,-4.773,28.018,-25.389
119.098,-4.771,28.018,-25.422
119.118,-4.770,28.019,-25.471
119.137,-4.769,28.019,-25.504
119.159,-4.767,28.020,-25.553
119.178,-4.766,28.020,-25.585
119.198,-4.764,28.021,-25.633
119.218,-4.763,28.021,-25.665
119.238,-4.762,28.022,-25.712
119.258,-4.761,28.022,-25.743
119.278,-4.759,28.022,-25.789
119.298,-4.758,28.023,-25.820
119.318,-4.757,28.023,-25.865
119.337,-4.756,28.023,-25.896
119.358,-4.755,28.024,-25.940
119.378,-4.754,28.024,-25.970
119.397,-4.753,28.024,-26.014
119.419,-4.752,28.025,-26.043
119.438,-4.751,28.025,-26.087
119.458,-4.750,28.025,-26.115
119.478,-4.749,28.026,-26.158
119.498,-4.748,28.026,-26.186
119.518,-4.747,28.027,-26.228
119.537,-4.746,28.027,-26.256
119.558,-4.745,28.028,-26.297
119.578,-4.745,28.028,-26.324
119.597,-4.744,28.029,-26.365
119.618,-4.743,28.030,-26.392
119.638,-4.742,28.030,-26.432
119.657,-4.741,28.031,-26.458
119.678,-4.741,28.032,-26.497
119.698,-4.740,28.032,-26.523
119.718,-4.739,28.033,-26.562
119.738,-4.738,28.033,-26.587
119.758,-4.738,28.034,-26.625
119.778,-4.737,28.035,-26.650
119.798,-4.736,28.035,-26.687
119.818,-4.736,28.036,-26.712
119.838,-4.735,28.037,-26.748
119.858,-4.735,28.037,-26.772
119.878,-4.734,28.038,-26.808
119.898,-4.734,28.038,-26.832
119.918,-4.733,28.039,-26.867
119.937,-4.733,28.039,-26.891
119.958,-4.732,28.040,-26.925
119.978,-4.732,28.041,-26.948
119.997,-4.732,28.041,-26.982
120.018,-4.732,28.041,-27.005
120.038,-4.731,28.042,-27.038
120.058,-4.731,28.042,-27.060
120.080,-4.731,28.043,-27.093
120.098,-4.731,28.043,-27.115
120.118,-4.731,28.043,-27.148
120.138,-4.731,28.044,-27.169
120.158,-4.730,28.044,-27.201
120.178,-4.730,28.044,-27.222
120.197,-4.730,28.045,-27.253
120.219,-4.730,28.045,-27.274
120.238,-4.730,28.046,-27.304
120.258,-4.730,28.046,-27.325
120.278,-4.730,28.046,-27.355
120.298,-4.731,28.047,-27.375
120.318,-4.731,28.047,-27.405
120.338,-4.731,28.047,-27.424
120.358,-4.731,28.048,-27.453
120.378,-4.731,28.048,-27.473
120.397,-4.731,28.049,-27.501
120.420,-4.731,28.049,-27.520
120.438,-4.731,28.049,-27.549
120.458,-4.731,28.050,-27.567
120.478,-4.731,28.050,-27.595
120.498,-4.731,28.050,-27.613
120.518,-4.731,28.051,-27.641
120.537,-4.731,28.051,-27.659
120.558,-4.731,28.051,-27.685
120.578,-4.732,28.051,-27.703
120.598,-4.732,28.052,-27.730
120.618,-4.732,28.052,-27.747
120.637,-4.732,28.052,-27.773
120.657,-4.731,28.052,-27.790
120.678,-4.731,28.052,-27.816
120.698,-4.731,28.052,-27.833
120.717,-4.731,28.052,-27.858
120.738,-4.731,28.052,-27.874
120.758,-4.731,28.052,-27.899
120.778,-4.731,28.052,-27.916
120.798,-4.730,28.053,-27.940
120.818,-4.730,28.053,-27.956
120.838,-4.730,28.053,-27.980
120.858,-4.730,28.053,-27.996
120.878,-4.729,28.054,-28.020
120.898,-4.729,28.054,-28.036
120.918,-4.729,28.054,-28.059
120.938,-4.728,28.055,-28.075
120.958,-4.728,28.055,-28.098
120.978,-4.727,28.056,-28.113
120.998,-4.727,28.056,-28.135
121.018,-4.727,28.057,-28.150
121.038,-4.726,28.058,-28.172
121.058,-4.726,28.058,-28.187
121.078,-4.725,28.059,-28.209
121.098,-4.725,28.059,-28.223
121.118,-4.724,28.060,-28.244
121.138,-4.724,28.061,-28.258
121.159,-4.723,28.061,-28.279
121.178,-4.723,28.062,-28.293
121.197,-4.722,28.063,-28.313
121.218,-4.722,28.063,-28.327
121.238,-4.721,28.064,-28.347
121.258,-4.721,28.064,-28.361
121.278,-4.720,28.065,-28.380
121.298,-4.719,28.066,-28.393
121.317,-4.719,28.067,-28.413
121.338,-4.718,28.067,-28.426
121.358,-4.718,28.068,-28.445
121.378,-4.717,28.069,-28.457
121.398,-4.716,28.070,-28.476
121.418,-4.716,28.070,-28.488
121.437,-4.715,28.071,-28.506
121.458,-4.715,28.072,-28.518
121.478,-4.714,28.072,-28.536
121.498,-4.713,28.073,-28.548
121.517,-4.712,28.073,-28.565
121.538,-4.711,28.074,-28.577
121.558,-4.711,28.074,-28.594
121.577,-4.710,28.075,-28.605
121.599,-4.709,28.075,-28.622
121.618,-4.708,28.075,-28.633
121.638,-4.707,28.076,-28.649
121.657,-4.707,28.076,-28.660
121.679,-4.706,28.076,-28.675
121.698,-4.705,28.076,-28.686
121.717,-4.704,28.076,-28.702
121.739,-4.704,28.076,-28.712
121.758,-4.703,28.076,-28.727
121.777,-4.702,28.076,-28.737
121.798,-4.702,28.076,-28.752
121.818,-4.701,28.076,-28.762
121.838,-4.700,28.076,-28.776
121.858,-4.700,28.076,-28.786
121.878,-4.699,28.076,-28.800
121.898,-4.699,28.076,-28.810
121.918,-4.698,28.076,-28.824
121.938,-4.698,28.076,-28.833
121.958,-4.697,28.076,-28.847
121.977,-4.697,28.076,-28.856
121.997,-4.697,28.077,-28.870
122.019,-4.697,28.077,-28.879
122.037,-4.696,28.077,-28.893
122.058,-4.696,28.077,-28.902
122.078,-4.696,28.077,-28.915
122.097,-4.696,28.077,-28.924
122.118,-4.696,28.078,-28.937
122.138,-4.695,28.078,-28.945
122.158,-4.695,28.078,-28.958
122.178,-4.695,28.078,-28.967
122.198,-4.695,28.078,-28.979
122.218,-4.695,28.079,-28.988
122.237,-4.696,28.079,-29.000
122.258,-4.696,28.079,-29.009
122.278,-4.696,28.079,-29.021
122.297,-4.696,28.079,-29.029
122.317,-4.696,28.080,-29.041
122.338,-4.696,28.080,-29.049
122.358,-4.696,28.080,-29.061
122.377,-4.696,28.080,-29.069
122.398,-4.696,28.081,-29.080
122.418,-4.696,28.081,-29.088
122.438,-4.697,28.081,-29.100
122.458,-4.697,28.081,-29.107
122.479,-4.697,28.082,-29.118
122.498,-4.697,28.082,-29.126
122.518,-4.697,28.082,-29.137
122.538,-4.697,28.082,-29.144
122.558,-4.697,28.082,-29.155
122.578,-4.698,28.082,-29.162
122.598,-4.698,28.083,-29.173
122.618,-4.698,28.083,-29.179
122.637,-4.698,28.083,-29.190
122.658,-4.698,28.083,-29.197
122.679,-4.698,28.083,-29.207
122.698,-4.698,28.082,-29.213
122.718,-4.698,28.082,-29.223
122.738,-4.698,28.082,-29.230
122.758,-4.698,28.082,-29.240
122.777,-4.698,28.081,-29.246
122.798,-4.698,28.081,-29.256
122.818,-4.698,28.081,-29.262
122.837,-4.698,28.080,-29.272
122.860,-4.698,28.080,-29.278
122.878,-4.698,28.079,-29.287
122.897,-4.698,28.079,-29.294
122.918,-4.697,28.078,-29.303
122.939,-4.697,28.077,-29.309
122.958,-4.697,28.076,-29.318
122.978,-4.697,28.075,-29.324
122.998,-4.697,28.074,-29.333
123.018,-4.697,28.073,-29.339
123.038,-4.696,28.072,-29.347
123.058,-4.696,28.070,-29.353
123.078,-4.695,28.068,-29.362
123.097,-4.695,28.067,-29.367
123.118,-4.694,28.065,-29.376
123.138,-4.693,28.063,-29.381
123.158,-4.692,28.059,-29.390
123.178,-4.691,28.057,-29.395
123.198,-4.689,28.053,-29.404
123.218,-4.688,28.050,-29.409
123.238,-4.686,28.045,-29.418
123.258,-4.685,28.041,-29.423
123.278,-4.683,28.035,-29.432
123.297,-4.681,28.030,-29.438
123.318,-4.678,28.022,-29.446
123.338,-4.676,28.017,-29.452
123.357,-4.673,28.007,-29.460
123.378,-4.670,28.001,-29.466
123.398,-4.666,27.989,-29.475
123.417,-4.664,27.981,-29.480
123.438,-4.659,27.968,-29.489
123.458,-4.656,27.958,-29.495
123.478,-4.651,27.943,-29.504
123.498,-4.648,27.932,-29.509
123.518,-4.643,27.914,-29.518
123.538,-4.639,27.901,-29.524
123.558,-4.633,27.880,-29.533
123.578,-4.629,27.865,-29.539
123.600,-4.622,27.842,-29.548
123.617,-4.617,27.825,-29.554
123.637,-4.610,27.799,-29.563
123.658,-4.605,27.780,-29.569
123.678,-4.598,27.751,-29.577
123.698,-4.592,27.730,-29.583
123.718,-4.584,27.698,-29.591
123.738,-4.578,27.675,-29.596
123.758,-4.569,27.639,-29.604
123.778,-4.562,27.614,-29.609
123.798,-4.552,27.575,-29.617
123.818,-4.545,27.548,-29.621
123.838,-4.535,27.505,-29.628
123.858,-4.527,27.476,-29.633
123.878,-4.516,27.430,-29.640
123.898,-4.508,27.398,-29.644
123.918,-4.496,27.349,-29.650
123.938,-4.488,27.315,-29.654
123.957,-4.475,27.262,-29.660
123.978,-4.467,27.226,-29.664
123.998,-4.453,27.170,-29.669
124.018,-4.444,27.131,-29.673
124.038,-4.430,27.072,-29.678
124.059,-4.420,27.031,-29.682
124.078,-4.406,26.969,-29.687
124.098,-4.396,26.926,-29.690
124.119,-4.380,26.861,-29.695
124.138,-4.370,26.816,-29.698
124.157,-4.354,26.747,-29.703
124.180,-4.344,26.701,-29.706
124.198,-4.327,26.629,-29.711
124.218,-4.316,26.581,-29.714
124.238,-4.299,26.506,-29.718
124.260,-4.288,26.455,-29.721
124.278,-4.270,26.378,-29.726
124.298,-4.259,26.326,-29.729
124.318,-4.241,26.246,-29.733
124.338,-4.229,26.191,-29.736
124.357,-4.211,26.109,-29.740
124.378,-4.198,26.052,-29.742
124.398,-4.180,25.967,-29.746
124.418,-4.167,25.909,-29.749
124.438,-4.148,25.821,-29.753
124.458,-4.135,25.762,-29.755
124.478,-4.116,25.671,-29.759
124.498,-4.103,25.610,-29.761
124.518,-4.083,25.517,-29.764
124.538,-4.069,25.454,-29.767
124.558,-4.049,25.358,-29.770
124.578,-4.036,25.293,-29.772
124.598,-4.015,25.195,-29.775
124.618,-4.002,25.129,-29.777
124.638,-3.981,25.028,-29.780
124.658,-3.967,24.961,-29.782
124.677,-3.946,24.858,-29.785
124.698,-3.932,24.788,-29.786
124.718,-3.911,24.683,-29.789
124.737,-3.897,24.612,-29.790
124.757,-3.875,24.505,-29.792
124.778,-3.861,24.433,-29.794
124.798,-3.839,24.324,-29.796
124.817,-3.824,24.251,-29.797
124.838,-3.802,24.140,-29.799
124.857,-3.788,24.065,-29.800
124.877,-3.766,23.952,-29.802
124.898,-3.751,23.876,-29.803
124.918,-3.728,23.762,-29.805
124.938,-3.714,23.685,-29.806
124.958,-3.691,23.570,-29.808
124.978,-3.676,23.492,-29.809
124.998,-3.654,23.375,-29.811
125.018,-3.639,23.297,-29.812
125.038,-3.617,23.179,-29.814
125.058,-3.602,23.100,-29.815
125.077,-3.580,22.982,-29.816
125.100,-3.565,22.902,-29.818
125.118,-3.543,22.783,-29.819
125.137,-3.528,22.703,-29.821
125.158,-3.506,22.583,-29.822
125.179,-3.491,22.503,-29.824
125.198,-3.469,22.383,-29.826
125.218,-3.455,22.303,-29.827
125.238,-3.433,22.183,-29.829
125.258,-3.419,22.103,-29.830
125.277,-3.398,21.982,-29.832
125.298,-3.384,21.902,-29.833
125.319,-3.363,21.783,-29.835
125.338,-3.349,21.703,-29.836
125.358,-3.329,21.584,-29.838
125.378,-3.315,21.504,-29.839
125.398,-3.295,21.385,-29.841
125.418,-3.282,21.306,-29.842
125.438,-3.263,21.188,-29.844
125.458,-3.250,21.110,-29.846
125.478,-3.231,20.992,-29.848
125.498,-3.218,20.914,-29.849
125.518,-3.200,20.798,-29.851
125.538,-3.188,20.721,-29.853
125.558,-3.170,20.605,-29.855
125.578,-3.159,20.528,-29.857
125.598,-3.142,20.413,-29.859
125.618,-3.131,20.337,-29.860
125.638,-3.115,20.223,-29.862
125.658,-3.104,20.147,-29.863
125.677,-3.089,20.034,-29.865
125.698,-3.079,19.959,-29.867
125.718,-3.064,19.846,-29.869
125.738,-3.054,19.772,-29.870
125.758,-3.040,19.660,-29.872
125.778,-3.030,19.585,-29.873
125.797,-3.017,19.474,-29.875
125.818,-3.008,19.400,-29.876
125.838,-2.995,19.290,-29.878
125.858,-2.987,19.216,-29.880
125.877,-2.974,19.106,-29.882
125.898,-2.966,19.033,-29.883
125.918,-2.954,18.923,-29.885
125.937,-2.946,18.850,-29.886
125.958,-2.934,18.741,-29.888
125.978,-2.926,18.668,-29.889
125.998,-2.914,18.559,-29.891
126.019,-2.907,18.486,-29.892
126.039,-2.895,18.377,-29.894
126.057,-2.887,18.304,-29.895
126.077,-2.876,18.195,-29.897
126.098,-2.868,18.122,-29.898
126.118,-2.857,18.013,-29.899
126.138,-2.849,17.941,-29.901
126.158,-2.838,17.832,-29.902
126.178,-2.830,17.759,-29.903
126.198,-2.819,17.650,-29.905
126.219,-2.811,17.578,-29.906
126.238,-2.799,17.469,-29.908
126.258,-2.791,17.396,-29.909
126.278,-2.780,17.287,-29.910
126.298,-2.772,17.214,-29.911
126.318,-2.760,17.105,-29.913
126.337,-2.752,17.032,-29.914
126.359,-2.740,16.922,-29.916
126.378,-2.731,16.849,-29.917
126.398,-2.719,16.740,-29.918
126.418,-2.711,16.667,-29.920
126.438,-2.698,16.557,-29.921
126.458,-2.690,16.484,-29.922
126.478,-2.677,16.373,-29.924
126.498,-2.668,16.300,-29.925
126.518,-2.655,16.190,-29.926
126.538,-2.647,16.116,-29.927
126.558,-2.633,16.005,-29.928
126.578,-2.625,15.931,-29.929
126.598,-2.611,15.820,-29.931
126.618,-2.602,15.746,-29.931
126.637,-2.588,15.635,-29.933
126.657,-2.579,15.560,-29.933
126.678,-2.565,15.449,-29.935
126.698,-2.555,15.374,-29.935
126.718,-2.541,15.262,-29.936
126.738,-2.531,15.187,-29.937
126.758,-2.516,15.075,-29.938
126.778,-2.506,14.999,-29.938
126.798,-2.491,14.887,-29.939
126.818,-2.481,14.811,-29.940
126.838,-2.466,14.698,-29.941
126.858,-2.456,14.623,-29.941
126.879,-2.440,14.509,-29.942
126.898,-2.430,14.434,-29.942
126.918,-2.414,14.320,-29.943
126.938,-2.403,14.244,-29.943
126.958,-2.387,14.130,-29.944
126.978,-2.376,14.054,-29.944
126.997,-2.360,13.940,-29.945
127.018,-2.349,13.864,-29.945
127.039,-2.332,13.750,-29.946
127.057,-2.321,13.673,-29.946
127.078,-2.304,13.559,-29.946
127.098,-2.293,13.482,-29.947
127.118,-2.276,13.367,-29.947
127.138,-2.265,13.291,-29.947
127.158,-2.247,13.176,-29.948
127.178,-2.236,13.099,-29.948
127.198,-2.218,12.983,-29.948
127.218,-2.207,12.906,-29.949
127.238,-2.189,12.791,-29.949
127.258,-2.177,12.714,-29.949
127.278,-2.159,12.598,-29.950
127.298,-2.148,12.521,-29.950
127.318,-2.130,12.405,-29.951
127.338,-2.118,12.327,-29.951
127.358,-2.100,12.211,-29.952
127.377,-2.088,12.134,-29.952
127.398,-2.069,12.018,-29.952
127.418,-2.057,11.941,-29.953
127.438,-2.039,11.824,-29.953
127.458,-2.026,11.747,-29.954
127.479,-2.008,11.631,-29.954
127.498,-1.995,11.553,-29.955
127.517,-1.977,11.437,-29.955
127.538,-1.964,11.360,-29.956
127.558,-1.945,11.243,-29.956
127.578,-1.933,11.166,-29.957
127.598,-1.914,11.049,-29.958
127.618,-1.901,10.972,-29.958
127.638,-1.883,10.855,-29.959
127.657,-1.870,10.778,-29.959
127.679,-1.851,10.661,-29.960
127.698,-1.839,10.584,-29.960
127.717,-1.820,10.467,-29.961
127.738,-1.808,10.390,-29.961
127.758,-1.789,10.273,-29.962
127.778,-1.776,10.196,-29.963
127.798,-1.758,10.079,-29.963
127.819,-1.745,10.002,-29.964
127.838,-1.727,9.886,-29.964
127.858,-1.714,9.809,-29.965
127.878,-1.695,9.694,-29.965
127.897,-1.683,9.617,-29.966
127.917,-1.664,9.502,-29.966
127.938,-1.652,9.426,-29.967
127.958,-1.634,9.312,-29.967
127.978,-1.621,9.236,-29.968
127.999,-1.603,9.123,-29.968
128.018,-1.591,9.048,-29.968
128.038,-1.573,8.936,-29.968
128.058,-1.561,8.862,-29.968
128.078,-1.543,8.752,-29.967
128.098,-1.531,8.678,-29.966
128.117,-1.513,8.569,-29.964
128.138,-1.501,8.497,-29.963
128.158,-1.483,8.389,-29.960
128.177,-1.472,8.318,-29.957
128.198,-1.454,8.212,-29.952
128.218,-1.443,8.141,-29.949
128.238,-1.425,8.037,-29.942
128.258,-1.414,7.967,-29.938
128.278,-1.396,7.865,-29.930
128.298,-1.385,7.796,-29.923
128.317,-1.367,7.695,-29.913
128.338,-1.356,7.628,-29.906
128.358,-1.339,7.528,-29.894
128.377,-1.327,7.462,-29.885
128.398,-1.310,7.364,-29.870
128.418,-1.299,7.299,-29.860
128.438,-1.282,7.203,-29.843
128.458,-1.271,7.139,-29.831
128.478,-1.254,7.044,-29.812
128.498,-1.243,6.981,-29.798
128.518,-1.226,6.887,-29.776
128.538,-1.215,6.825,-29.761
128.558,-1.199,6.733,-29.736
128.577,-1.188,6.672,-29.719
128.598,-1.172,6.582,-29.691
128.619,-1.161,6.522,-29.673
128.638,-1.145,6.433,-29.643
128.658,-1.134,6.374,-29.623
128.678,-1.119,6.287,-29.592
128.698,-1.108,6.229,-29.570
128.718,-1.093,6.143,-29.538
128.738,-1.083,6.086,-29.515
128.758,-1.067,6.002,-29.481
128.778,-1.057,5.946,-29.458
128.798,-1.042,5.864,-29.424
128.818,-1.033,5.809,-29.400
128.838,-1.018,5.729,-29.365
128.858,-1.009,5.675,-29.341
128.879,-0.994,5.596,-29.305
128.898,-0.985,5.544,-29.281
128.917,-0.971,5.467,-29.245
128.938,-0.962,5.416,-29.221
128.958,-0.949,5.340,-29.185
128.978,-0.940,5.291,-29.161
129.001,-0.928,5.217,-29.125
129.018,-0.919,5.168,-29.101
129.037,-0.907,5.096,-29.065
129.058,-0.899,5.049,-29.041
129.078,-0.887,4.978,-29.005
129.097,-0.879,4.932,-28.982
129.118,-0.868,4.863,-28.947
129.138,-0.861,4.818,-28.923
129.158,-0.850,4.751,-28.889
129.178,-0.843,4.707,-28.866
129.199,-0.836,4.663,-28.843
129.218,-0.826,4.598,-28.810
129.238,-0.817,4.534,-28.777
129.258,-0.811,4.492,-28.755
129.280,-0.801,4.430,-28.722
129.297,-0.796,4.388,-28.700
129.318,-0.787,4.327,-28.668
129.338,-0.782,4.287,-28.646
129.358,-0.774,4.228,-28.614
129.378,-0.768,4.188,-28.593
129.398,-0.761,4.130,-28.561
129.418,-0.756,4.091,-28.539
129.438,-0.749,4.034,-28.507
129.458,-0.744,3.996,-28.486
129.478,-0.737,3.940,-28.454
129.498,-0.733,3.903,-28.433
129.518,-0.727,3.848,-28.401
129.537,-0.722,3.811,-28.379
129.558,-0.716,3.757,-28.347
129.578,-0.712,3.721,-28.325
129.598,-0.707,3.668,-28.293
129.618,-0.703,3.633,-28.272
129.637,-0.698,3.581,-28.239
129.658,-0.694,3.546,-28.218
129.678,-0.689,3.495,-28.185
129.698,-0.686,3.461,-28.163
129.718,-0.681,3.410,-28.131
129.738,-0.677,3.377,-28.109
129.757,-0.672,3.327,-28.076
129.778,-0.669,3.295,-28.054
129.798,-0.665,3.246,-28.021
129.818,-0.662,3.214,-27.999
129.838,-0.657,3.166,-27.966
129.858,-0.654,3.134,-27.944
129.878,-0.649,3.087,-27.911
129.897,-0.646,3.056,-27.889
129.918,-0.642,3.010,-27.855
129.938,-0.639,2.980,-27.833
129.958,-0.634,2.934,-27.799
129.978,-0.631,2.905,-27.777
129.998,-0.626,2.860,-27.743
