t_s,x_ned,y_ned,z_ned
1.012,0.047,-0.018,-0.047
1.032,0.047,-0.019,-0.047
1.052,0.047,-0.019,-0.047
1.072,0.047,-0.020,-0.047
1.093,0.047,-0.021,-0.047
1.112,0.046,-0.021,-0.047
1.132,0.046,-0.022,-0.047
1.152,0.046,-0.022,-0.047
1.172,0.046,-0.023,-0.047
1.192,0.046,-0.024,-0.048
1.213,0.046,-0.024,-0.048
1.232,0.045,-0.025,-0.048
1.252,0.045,-0.026,-0.048
1.272,0.045,-0.026,-0.048
1.292,0.045,-0.027,-0.048
1.312,0.045,-0.027,-0.048
1.332,0.045,-0.028,-0.048
1.352,0.044,-0.029,-0.048
1.372,0.044,-0.029,-0.048
1.392,0.044,-0.030,-0.048
1.412,0.044,-0.031,-0.048
1.432,0.044,-0.031,-0.048
1.452,0.043,-0.032,-0.048
1.472,0.043,-0.032,-0.048
1.493,0.043,-0.033,-0.047
1.512,0.043,-0.033,-0.047
1.532,0.042,-0.034,-0.047
1.552,0.042,-0.035,-0.047
1.572,0.042,-0.035,-0.047
1.592,0.042,-0.036,-0.047
1.612,0.041,-0.037,-0.047
1.632,0.041,-0.037,-0.047
1.652,0.041,-0.038,-0.046
1.672,0.040,-0.038,-0.046
1.694,0.040,-0.039,-0.046
1.712,0.040,-0.039,-0.046
1.732,0.039,-0.040,-0.045
1.752,0.039,-0.040,-0.045
1.772,0.039,-0.041,-0.045
1.792,0.038,-0.041,-0.045
1.812,0.038,-0.041,-0.044
1.832,0.038,-0.041,-0.044
1.852,0.037,-0.042,-0.044
1.872,0.037,-0.042,-0.043
1.892,0.037,-0.042,-0.043
1.912,0.037,-0.042,-0.043
1.932,0.036,-0.042,-0.042
1.952,0.036,-0.042,-0.042
1.972,0.036,-0.042,-0.042
1.992,0.036,-0.042,-0.041
2.012,0.035,-0.042,-0.041
2.032,0.035,-0.042,-0.041
2.052,0.035,-0.042,-0.040
2.072,0.035,-0.042,-0.040
2.094,0.034,-0.042,-0.040
2.112,0.034,-0.042,-0.040
2.132,0.034,-0.042,-0.040
2.153,0.034,-0.042,-0.040
2.172,0.033,-0.042,-0.040
2.192,0.033,-0.042,-0.040
2.212,0.033,-0.042,-0.040
2.232,0.033,-0.042,-0.040
2.252,0.033,-0.042,-0.040
2.272,0.033,-0.042,-0.040
2.292,0.033,-0.042,-0.040
2.312,0.033,-0.042,-0.040
2.332,0.033,-0.042,-0.040
2.354,0.033,-0.042,-0.040
2.372,0.033,-0.042,-0.040
2.392,0.033,-0.042,-0.041
2.412,0.033,-0.042,-0.041
2.432,0.033,-0.041,-0.041
2.452,0.033,-0.041,-0.041
2.472,0.033,-0.041,-0.041
2.492,0.034,-0.040,-0.042
2.512,0.034,-0.040,-0.042
2.848,0.036,-0.037,-0.043
2.849,0.038,-0.031,-0.044
2.852,0.038,-0.031,-0.044
2.873,0.038,-0.030,-0.044
2.892,0.038,-0.030,-0.044
2.912,0.038,-0.030,-0.044
2.932,0.038,-0.029,-0.044
2.952,0.038,-0.029,-0.045
2.972,0.038,-0.029,-0.045
2.992,0.037,-0.029,-0.045
3.012,0.037,-0.028,-0.045
3.032,0.037,-0.028,-0.045
3.052,0.036,-0.028,-0.045
3.074,0.036,-0.028,-0.045
3.092,0.035,-0.028,-0.046
3.112,0.035,-0.028,-0.046
3.132,0.034,-0.028,-0.046
3.152,0.034,-0.028,-0.047
3.172,0.033,-0.028,-0.047
3.192,0.033,-0.027,-0.047
3.212,0.033,-0.027,-0.047
3.232,0.032,-0.027,-0.048
3.254,0.032,-0.027,-0.048
3.272,0.031,-0.027,-0.048
3.292,0.031,-0.027,-0.048
3.312,0.030,-0.027,-0.048
3.332,0.030,-0.028,-0.049
3.352,0.030,-0.028,-0.049
3.372,0.029,-0.028,-0.049
3.393,0.029,-0.028,-0.049
3.413,0.028,-0.028,-0.049
3.432,0.028,-0.028,-0.050
3.452,0.027,-0.028,-0.050
3.472,0.027,-0.029,-0.050
3.492,0.027,-0.029,-0.050
3.512,0.026,-0.029,-0.050
3.532,0.026,-0.029,-0.050
3.552,0.026,-0.029,-0.050
3.572,0.025,-0.029,-0.050
3.592,0.025,-0.029,-0.050
3.612,0.024,-0.029,-0.051
3.632,0.024,-0.030,-0.051
3.652,0.024,-0.030,-0.051
3.672,0.023,-0.030,-0.051
3.692,0.023,-0.030,-0.051
3.712,0.023,-0.030,-0.051
3.732,0.022,-0.030,-0.051
3.752,0.022,-0.030,-0.051
3.772,0.021,-0.030,-0.051
3.792,0.021,-0.030,-0.051
3.812,0.021,-0.030,-0.051
3.832,0.021,-0.031,-0.051
3.852,0.021,-0.031,-0.051
3.872,0.020,-0.031,-0.051
3.892,0.020,-0.031,-0.051
3.912,0.020,-0.031,-0.051
3.934,0.020,-0.031,-0.050
3.953,0.020,-0.031,-0.050
3.972,0.019,-0.031,-0.050
3.992,0.019,-0.031,-0.050
4.012,0.019,-0.032,-0.050
4.032,0.019,-0.032,-0.050
4.052,0.019,-0.032,-0.050
4.073,0.019,-0.032,-0.050
4.092,0.018,-0.032,-0.050
4.112,0.018,-0.032,-0.050
4.133,0.018,-0.032,-0.050
4.152,0.018,-0.032,-0.050
4.172,0.018,-0.032,-0.050
4.192,0.017,-0.032,-0.050
4.212,0.017,-0.032,-0.050
4.232,0.017,-0.032,-0.051
4.253,0.017,-0.032,-0.052
4.272,0.016,-0.032,-0.054
4.292,0.016,-0.032,-0.056
4.312,0.016,-0.032,-0.059
4.332,0.016,-0.032,-0.063
4.352,0.015,-0.032,-0.067
4.372,0.015,-0.033,-0.073
4.392,0.015,-0.033,-0.078
4.412,0.015,-0.033,-0.087
4.432,0.015,-0.033,-0.093
4.452,0.014,-0.033,-0.104
4.472,0.014,-0.034,-0.112
4.492,0.014,-0.034,-0.125
4.512,0.014,-0.034,-0.135
4.532,0.014,-0.034,-0.151
4.552,0.013,-0.035,-0.162
4.572,0.013,-0.035,-0.181
4.592,0.013,-0.035,-0.194
4.612,0.013,-0.035,-0.215
4.632,0.013,-0.035,-0.229
4.653,0.013,-0.036,-0.253
4.672,0.013,-0.036,-0.269
4.692,0.013,-0.036,-0.296
4.712,0.012,-0.036,-0.314
4.732,0.012,-0.036,-0.343
4.752,0.012,-0.036,-0.363
4.772,0.012,-0.036,-0.394
4.793,0.012,-0.036,-0.416
4.812,0.012,-0.036,-0.450
4.832,0.012,-0.036,-0.473
4.852,0.012,-0.036,-0.509
4.872,0.012,-0.037,-0.534
4.892,0.012,-0.037,-0.573
4.912,0.012,-0.037,-0.600
4.932,0.012,-0.037,-0.641
4.952,0.012,-0.037,-0.670
4.972,0.012,-0.037,-0.713
4.993,0.012,-0.037,-0.743
5.012,0.012,-0.037,-0.789
5.032,0.012,-0.037,-0.821
5.052,0.012,-0.038,-0.869
5.072,0.012,-0.038,-0.902
5.092,0.012,-0.038,-0.953
5.112,0.012,-0.038,-0.987
5.132,0.013,-0.038,-1.040
5.152,0.013,-0.038,-1.076
5.172,0.013,-0.039,-1.131
5.192,0.013,-0.039,-1.169
5.212,0.014,-0.039,-1.226
5.232,0.014,-0.039,-1.264
5.252,0.015,-0.039,-1.322
5.272,0.015,-0.039,-1.362
5.292,0.015,-0.039,-1.421
5.313,0.016,-0.039,-1.461
5.332,0.016,-0.039,-1.521
5.352,0.017,-0.039,-1.562
5.372,0.017,-0.040,-1.623
5.392,0.018,-0.040,-1.663
5.412,0.018,-0.040,-1.725
5.432,0.019,-0.040,-1.766
5.452,0.020,-0.040,-1.828
5.472,0.020,-0.040,-1.869
5.492,0.021,-0.040,-1.931
5.514,0.021,-0.040,-1.972
5.532,0.022,-0.040,-2.035
5.552,0.023,-0.040,-2.076
5.572,0.024,-0.040,-2.139
5.592,0.024,-0.040,-2.180
5.612,0.025,-0.039,-2.243
5.633,0.025,-0.039,-2.285
5.653,0.026,-0.039,-2.348
5.672,0.026,-0.039,-2.389
5.692,0.027,-0.038,-2.452
5.714,0.027,-0.038,-2.494
5.732,0.028,-0.038,-2.557
5.752,0.028,-0.038,-2.599
5.774,0.028,-0.037,-2.662
5.792,0.028,-0.037,-2.704
5.812,0.029,-0.037,-2.766
5.832,0.029,-0.036,-2.808
5.852,0.029,-0.036,-2.871
5.872,0.029,-0.036,-2.913
5.892,0.029,-0.035,-2.976
5.912,0.029,-0.035,-3.019
5.932,0.029,-0.034,-3.082
5.952,0.029,-0.034,-3.124
5.972,0.029,-0.034,-3.187
5.994,0.029,-0.033,-3.230
6.012,0.029,-0.033,-3.293
6.032,0.029,-0.032,-3.335
6.052,0.029,-0.032,-3.399
6.072,0.029,-0.031,-3.441
6.092,0.029,-0.030,-3.505
6.114,0.029,-0.030,-3.547
6.132,0.028,-0.029,-3.611
6.152,0.028,-0.029,-3.653
6.172,0.028,-0.028,-3.717
6.192,0.028,-0.027,-3.760
6.212,0.027,-0.026,-3.823
6.232,0.027,-0.025,-3.866
6.252,0.027,-0.024,-3.930
6.272,0.026,-0.024,-3.973
6.293,0.026,-0.022,-4.037
6.312,0.026,-0.022,-4.079
6.332,0.026,-0.021,-4.143
6.352,0.025,-0.020,-4.186
6.372,0.025,-0.019,-4.250
6.393,0.025,-0.018,-4.293
6.412,0.025,-0.017,-4.358
6.433,0.024,-0.016,-4.401
6.452,0.024,-0.015,-4.465
6.472,0.024,-0.015,-4.508
6.492,0.023,-0.014,-4.573
6.512,0.023,-0.013,-4.616
6.532,0.023,-0.012,-4.680
6.552,0.023,-0.011,-4.723
6.572,0.023,-0.011,-4.788
6.592,0.022,-0.010,-4.832
6.612,0.022,-0.009,-4.897
6.635,0.022,-0.008,-4.940
6.652,0.022,-0.007,-5.005
6.672,0.022,-0.007,-5.048
6.693,0.022,-0.006,-5.114
6.712,0.022,-0.006,-5.157
6.732,0.022,-0.005,-5.223
6.752,0.022,-0.004,-5.266
6.772,0.022,-0.003,-5.332
6.792,0.022,-0.003,-5.375
6.812,0.022,-0.002,-5.441
6.833,0.023,-0.002,-5.485
6.852,0.023,-0.001,-5.551
6.872,0.023,-0.000,-5.595
6.892,0.023,0.000,-5.661
6.912,0.024,0.001,-5.705
6.932,0.024,0.001,-5.771
6.952,0.024,0.002,-5.815
6.972,0.025,0.002,-5.881
6.992,0.025,0.003,-5.925
7.013,0.026,0.003,-5.991
7.034,0.026,0.003,-6.035
7.052,0.026,0.004,-6.102
7.072,0.026,0.004,-6.146
7.093,0.027,0.005,-6.212
7.112,0.027,0.005,-6.257
7.132,0.027,0.005,-6.324
7.154,0.027,0.005,-6.368
7.172,0.027,0.005,-6.435
7.192,0.027,0.005,-6.479
7.212,0.027,0.006,-6.546
7.232,0.027,0.006,-6.591
7.252,0.027,0.006,-6.658
7.272,0.027,0.006,-6.702
7.292,0.027,0.005,-6.769
7.312,0.027,0.005,-6.814
7.332,0.027,0.005,-6.881
7.352,0.027,0.005,-6.926
7.373,0.027,0.005,-6.993
7.392,0.026,0.005,-7.037
7.412,0.026,0.004,-7.105
7.432,0.026,0.004,-7.149
7.452,0.026,0.004,-7.216
7.472,0.026,0.004,-7.261
7.492,0.026,0.003,-7.327
7.512,0.026,0.003,-7.371
7.532,0.026,0.003,-7.437
7.552,0.026,0.003,-7.480
7.572,0.025,0.002,-7.544
7.592,0.025,0.002,-7.585
7.612,0.025,0.002,-7.647
7.632,0.025,0.002,-7.688
7.652,0.025,0.001,-7.748
7.672,0.025,0.001,-7.787
7.692,0.024,0.000,-7.844
7.712,0.024,0.000,-7.881
7.732,0.024,-0.000,-7.936
7.752,0.024,-0.001,-7.972
7.772,0.024,-0.001,-8.024
7.792,0.023,-0.002,-8.058
7.812,0.023,-0.002,-8.108
7.832,0.023,-0.003,-8.140
7.852,0.023,-0.003,-8.187
7.872,0.023,-0.004,-8.217
7.892,0.022,-0.004,-8.262
7.912,0.022,-0.005,-8.291
7.932,0.022,-0.005,-8.333
7.954,0.022,-0.006,-8.360
7.972,0.021,-0.006,-8.399
7.992,0.021,-0.007,-8.425
8.012,0.021,-0.007,-8.463
8.032,0.020,-0.008,-8.487
8.052,0.020,-0.008,-8.523
8.072,0.020,-0.008,-8.546
8.093,0.019,-0.009,-8.579
8.112,0.019,-0.009,-8.601
8.132,0.019,-0.009,-8.632
8.153,0.018,-0.010,-8.653
8.172,0.018,-0.010,-8.683
8.192,0.018,-0.010,-8.702
8.213,0.017,-0.011,-8.730
8.232,0.017,-0.011,-8.749
8.252,0.016,-0.011,-8.777
8.272,0.016,-0.011,-8.796
8.294,0.015,-0.012,-8.825
8.312,0.015,-0.012,-8.845
8.332,0.014,-0.012,-8.875
8.352,0.013,-0.013,-8.895
8.372,0.011,-0.013,-8.925
8.392,0.009,-0.014,-8.944
8.412,0.006,-0.015,-8.973
8.432,0.003,-0.016,-8.992
8.452,-0.002,-0.017,-9.020
8.473,-0.007,-0.017,-9.039
8.493,-0.014,-0.018,-9.065
8.512,-0.021,-0.019,-9.082
8.532,-0.031,-0.020,-9.107
8.553,-0.040,-0.020,-9.123
8.572,-0.054,-0.021,-9.146
8.592,-0.065,-0.021,-9.161
8.612,-0.083,-0.021,-9.182
8.633,-0.097,-0.021,-9.195
8.652,-0.119,-0.020,-9.214
8.672,-0.136,-0.018,-9.226
8.694,-0.163,-0.016,-9.243
8.712,-0.182,-0.014,-9.254
8.732,-0.214,-0.010,-9.270
8.752,-0.237,-0.006,-9.280
8.772,-0.274,-0.000,-9.295
8.792,-0.300,0.004,-9.305
8.812,-0.341,0.013,-9.319
8.832,-0.370,0.019,-9.328
8.852,-0.417,0.029,-9.341
8.872,-0.449,0.037,-9.350
8.892,-0.499,0.049,-9.362
8.912,-0.534,0.058,-9.369
8.932,-0.589,0.073,-9.380
8.952,-0.626,0.083,-9.387
8.972,-0.684,0.100,-9.398
8.992,-0.724,0.112,-9.404
9.012,-0.786,0.131,-9.414
9.033,-0.828,0.144,-9.420
9.052,-0.893,0.164,-9.429
9.072,-0.938,0.179,-9.435
9.092,-1.005,0.201,-9.444
9.112,-1.052,0.217,-9.450
9.133,-1.122,0.241,-9.459
9.152,-1.170,0.257,-9.466
9.172,-1.244,0.283,-9.475
9.192,-1.293,0.300,-9.481
9.212,-1.369,0.327,-9.490
9.232,-1.420,0.345,-9.496
9.252,-1.497,0.373,-9.505
9.272,-1.549,0.392,-9.511
9.292,-1.629,0.421,-9.519
9.312,-1.682,0.440,-9.525
9.332,-1.762,0.470,-9.533
9.352,-1.817,0.490,-9.539
9.372,-1.898,0.520,-9.546
9.393,-1.953,0.540,-9.552
9.412,-2.036,0.570,-9.559
9.432,-2.092,0.590,-9.564
9.452,-2.176,0.621,-9.572
9.472,-2.232,0.641,-9.577
9.492,-2.316,0.672,-9.584
9.512,-2.373,0.692,-9.590
9.532,-2.458,0.723,-9.597
9.555,-2.515,0.743,-9.603
9.572,-2.601,0.773,-9.610
9.592,-2.658,0.793,-9.615
9.612,-2.744,0.824,-9.623
9.632,-2.801,0.844,-9.628
9.652,-2.887,0.874,-9.635
9.672,-2.945,0.893,-9.640
9.692,-3.031,0.923,-9.647
9.712,-3.088,0.943,-9.651
9.732,-3.174,0.972,-9.657
9.752,-3.231,0.991,-9.662
9.772,-3.317,1.020,-9.667
9.792,-3.373,1.039,-9.671
9.812,-3.458,1.067,-9.677
9.832,-3.515,1.086,-9.680
9.852,-3.599,1.114,-9.685
9.873,-3.654,1.133,-9.689
9.892,-3.737,1.160,-9.694
9.912,-3.792,1.178,-9.697
9.933,-3.874,1.205,-9.701
9.952,-3.928,1.222,-9.704
9.972,-4.009,1.248,-9.709
9.992,-4.061,1.265,-9.712
10.012,-4.140,1.290,-9.716
10.032,-4.192,1.306,-9.719
10.052,-4.268,1.331,-9.723
10.073,-4.319,1.346,-9.726
10.092,-4.393,1.369,-9.731
10.112,-4.442,1.384,-9.733
10.133,-4.514,1.406,-9.738
10.152,-4.562,1.421,-9.741
10.172,-4.632,1.441,-9.745
10.192,-4.677,1.455,-9.748
10.212,-4.745,1.475,-9.752
10.232,-4.788,1.487,-9.755
10.252,-4.853,1.506,-9.759
10.272,-4.895,1.518,-9.761
10.292,-4.957,1.535,-9.765
10.312,-4.997,1.546,-9.768
10.332,-5.056,1.563,-9.771
10.352,-5.095,1.573,-9.774
10.372,-5.151,1.588,-9.779
10.393,-5.187,1.597,-9.783
10.412,-5.239,1.611,-9.790
10.432,-5.272,1.619,-9.796
10.453,-5.320,1.631,-9.806
10.473,-5.350,1.638,-9.814
10.492,-5.391,1.649,-9.827
10.512,-5.418,1.655,-9.836
10.532,-5.453,1.664,-9.851
10.552,-5.475,1.670,-9.861
10.572,-5.504,1.677,-9.876
10.592,-5.522,1.682,-9.886
10.612,-5.544,1.689,-9.900
10.632,-5.557,1.693,-9.909
10.652,-5.574,1.699,-9.922
10.673,-5.583,1.702,-9.930
10.692,-5.592,1.708,-9.940
10.712,-5.597,1.711,-9.946
10.732,-5.599,1.715,-9.954
10.752,-5.599,1.718,-9.959
10.772,-5.595,1.723,-9.964
10.792,-5.590,1.725,-9.967
10.812,-5.580,1.729,-9.971
10.832,-5.570,1.731,-9.972
10.853,-5.552,1.735,-9.974
10.872,-5.538,1.737,-9.974
10.892,-5.513,1.740,-9.973
10.914,-5.495,1.743,-9.973
10.932,-5.464,1.746,-9.971
10.952,-5.441,1.748,-9.969
10.972,-5.404,1.751,-9.966
10.992,-5.377,1.753,-9.963
11.012,-5.334,1.755,-9.959
11.032,-5.303,1.757,-9.956
11.052,-5.254,1.760,-9.951
11.072,-5.220,1.762,-9.947
11.092,-5.165,1.765,-9.941
11.112,-5.127,1.767,-9.937
11.132,-5.068,1.770,-9.931
11.152,-5.027,1.772,-9.927
11.172,-4.963,1.775,-9.921
11.192,-4.919,1.777,-9.917
11.212,-4.851,1.780,-9.911
11.232,-4.805,1.782,-9.907
11.252,-4.733,1.785,-9.901
11.272,-4.685,1.787,-9.898
11.292,-4.610,1.790,-9.892
11.312,-4.560,1.792,-9.889
11.332,-4.483,1.795,-9.884
11.352,-4.431,1.797,-9.881
11.374,-4.352,1.800,-9.877
11.392,-4.298,1.802,-9.874
11.412,-4.217,1.804,-9.871
11.432,-4.163,1.806,-9.869
11.452,-4.081,1.809,-9.866
11.472,-4.026,1.810,-9.864
11.492,-3.942,1.812,-9.862
11.512,-3.887,1.814,-9.860
11.534,-3.803,1.816,-9.858
11.552,-3.747,1.817,-9.857
11.572,-3.663,1.819,-9.856
11.592,-3.607,1.820,-9.856
11.612,-3.523,1.822,-9.855
11.632,-3.466,1.823,-9.855
11.653,-3.382,1.824,-9.854
11.672,-3.326,1.825,-9.854
11.692,-3.242,1.826,-9.855
11.712,-3.186,1.827,-9.855
11.732,-3.102,1.828,-9.856
11.752,-3.046,1.828,-9.856
11.772,-2.962,1.829,-9.858
11.793,-2.907,1.829,-9.859
11.812,-2.824,1.830,-9.860
11.832,-2.769,1.830,-9.861
11.854,-2.686,1.831,-9.863
11.872,-2.631,1.832,-9.864
11.892,-2.549,1.832,-9.866
11.912,-2.495,1.832,-9.868
11.932,-2.414,1.833,-9.870
11.952,-2.360,1.833,-9.871
11.972,-2.279,1.834,-9.874
11.995,-2.225,1.834,-9.875
12.012,-2.145,1.835,-9.878
12.032,-2.091,1.836,-9.879
12.052,-2.011,1.836,-9.882
12.072,-1.958,1.837,-9.884
12.092,-1.879,1.838,-9.886
12.112,-1.826,1.838,-9.888
12.132,-1.747,1.839,-9.890
12.152,-1.695,1.840,-9.892
12.172,-1.616,1.840,-9.895
12.192,-1.563,1.841,-9.896
12.212,-1.485,1.842,-9.899
12.233,-1.433,1.843,-9.901
12.252,-1.355,1.844,-9.903
12.272,-1.303,1.844,-9.905
12.292,-1.225,1.845,-9.907
12.312,-1.173,1.846,-9.909
12.332,-1.096,1.847,-9.911
12.352,-1.044,1.847,-9.912
12.372,-0.967,1.849,-9.915
12.393,-0.915,1.849,-9.916
12.412,-0.838,1.850,-9.918
12.432,-0.787,1.851,-9.919
12.452,-0.709,1.852,-9.921
12.472,-0.658,1.853,-9.922
12.492,-0.581,1.854,-9.924
12.512,-0.529,1.854,-9.925
12.532,-0.452,1.855,-9.927
12.552,-0.400,1.856,-9.928
12.572,-0.323,1.856,-9.930
12.592,-0.271,1.857,-9.931
12.612,-0.194,1.857,-9.932
12.632,-0.142,1.858,-9.933
12.652,-0.065,1.859,-9.934
12.672,-0.013,1.859,-9.935
12.692,0.065,1.860,-9.936
12.713,0.117,1.860,-9.937
12.732,0.194,1.861,-9.938
12.752,0.247,1.862,-9.938
12.773,0.325,1.863,-9.939
12.792,0.377,1.863,-9.939
12.812,0.455,1.864,-9.940
12.832,0.508,1.865,-9.940
12.853,0.586,1.866,-9.941
12.872,0.639,1.867,-9.941
12.892,0.718,1.869,-9.942
12.912,0.770,1.870,-9.942
12.932,0.850,1.871,-9.942
12.952,0.902,1.872,-9.943
12.972,0.982,1.874,-9.943
12.992,1.035,1.875,-9.943
13.012,1.115,1.877,-9.944
13.032,1.168,1.878,-9.944
13.052,1.248,1.880,-9.944
13.072,1.301,1.881,-9.945
13.092,1.381,1.883,-9.945
13.112,1.435,1.885,-9.946
13.132,1.515,1.887,-9.946
13.152,1.569,1.889,-9.946
13.172,1.649,1.891,-9.947
13.192,1.703,1.893,-9.947
13.212,1.784,1.895,-9.947
13.232,1.837,1.897,-9.948
13.252,1.918,1.900,-9.948
13.272,1.972,1.902,-9.948
13.292,2.054,1.904,-9.949
13.312,2.108,1.906,-9.949
13.332,2.190,1.908,-9.949
13.352,2.244,1.910,-9.950
13.372,2.326,1.913,-9.950
13.392,2.380,1.915,-9.950
13.412,2.462,1.917,-9.951
13.433,2.517,1.919,-9.951
13.452,2.599,1.922,-9.952
13.472,2.654,1.923,-9.952
13.492,2.737,1.926,-9.952
13.512,2.792,1.928,-9.953
13.532,2.874,1.930,-9.953
13.552,2.930,1.932,-9.954
13.572,3.013,1.934,-9.954
13.592,3.068,1.936,-9.955
13.612,3.151,1.939,-9.955
13.633,3.207,1.940,-9.955
13.652,3.290,1.943,-9.956
13.672,3.346,1.945,-9.956
13.692,3.430,1.947,-9.957
13.712,3.485,1.949,-9.957
13.732,3.569,1.951,-9.958
13.753,3.625,1.953,-9.958
13.773,3.709,1.955,-9.959
13.792,3.765,1.957,-9.959
13.812,3.850,1.959,-9.959
13.832,3.906,1.961,-9.960
13.852,3.990,1.963,-9.960
13.872,4.047,1.964,-9.961
13.892,4.131,1.966,-9.961
13.912,4.188,1.967,-9.962
13.932,4.273,1.969,-9.962
13.953,4.329,1.970,-9.963
13.972,4.414,1.972,-9.963
13.992,4.471,1.973,-9.964
14.012,4.556,1.974,-9.964
14.033,4.613,1.975,-9.965
14.052,4.698,1.977,-9.966
14.072,4.755,1.978,-9.966
14.092,4.840,1.979,-9.967
14.112,4.897,1.980,-9.967
14.132,4.983,1.981,-9.968
14.152,5.040,1.982,-9.968
14.172,5.126,1.983,-9.969
14.192,5.183,1.984,-9.969
14.212,5.269,1.985,-9.970
14.234,5.326,1.985,-9.970
14.252,5.412,1.986,-9.970
14.272,5.470,1.987,-9.970
14.292,5.556,1.988,-9.971
14.312,5.614,1.988,-9.971
14.332,5.701,1.989,-9.971
14.352,5.758,1.989,-9.971
14.372,5.845,1.990,-9.971
14.392,5.903,1.991,-9.971
14.412,5.990,1.991,-9.971
14.433,6.047,1.992,-9.971
14.452,6.134,1.992,-9.971
14.472,6.192,1.993,-9.971
14.492,6.279,1.993,-9.971
14.512,6.337,1.994,-9.971
14.532,6.424,1.994,-9.971
14.552,6.482,1.995,-9.971
14.572,6.569,1.995,-9.971
14.592,6.627,1.996,-9.971
14.612,6.715,1.996,-9.971
14.632,6.773,1.997,-9.972
14.652,6.860,1.997,-9.972
14.672,6.919,1.998,-9.972
14.692,7.006,1.998,-9.972
14.712,7.065,1.999,-9.972
14.732,7.152,1.999,-9.972
14.753,7.211,2.000,-9.972
14.772,7.298,2.000,-9.972
14.792,7.357,2.001,-9.972
14.812,7.444,2.001,-9.972
14.832,7.503,2.002,-9.972
14.852,7.591,2.002,-9.972
14.873,7.649,2.002,-9.972
14.892,7.737,2.003,-9.972
14.912,7.796,2.003,-9.972
14.932,7.884,2.003,-9.973
14.952,7.942,2.003,-9.973
14.972,8.030,2.003,-9.973
14.992,8.089,2.003,-9.973
15.012,8.177,2.003,-9.973
15.032,8.235,2.003,-9.973
15.052,8.323,2.003,-9.973
15.072,8.382,2.002,-9.973
15.093,8.470,2.002,-9.973
15.112,8.529,2.002,-9.973
15.132,8.617,2.002,-9.973
15.152,8.676,2.002,-9.973
15.172,8.764,2.001,-9.973
15.192,8.823,2.001,-9.973
15.212,8.911,2.001,-9.973
15.232,8.970,2.001,-9.973
15.252,9.058,2.001,-9.974
15.272,9.117,2.001,-9.974
15.292,9.205,2.000,-9.974
15.312,9.264,2.000,-9.974
15.332,9.352,2.000,-9.974
15.352,9.411,2.000,-9.974
15.372,9.499,1.999,-9.975
15.392,9.558,1.999,-9.975
15.412,9.646,1.999,-9.975
15.432,9.705,1.999,-9.975
15.452,9.793,1.998,-9.976
15.472,9.852,1.998,-9.976
15.493,9.940,1.997,-9.976
15.512,9.999,1.997,-9.977
15.532,10.087,1.997,-9.977
15.552,10.146,1.996,-9.977
15.572,10.234,1.996,-9.978
15.592,10.293,1.995,-9.978
15.612,10.381,1.995,-9.978
15.632,10.440,1.994,-9.978
15.652,10.528,1.994,-9.979
15.672,10.586,1.994,-9.979
15.692,10.674,1.993,-9.979
15.712,10.732,1.993,-9.980
15.732,10.820,1.992,-9.980
15.752,10.879,1.992,-9.980
15.772,10.966,1.991,-9.980
15.792,11.025,1.990,-9.981
15.812,11.112,1.990,-9.981
15.832,11.171,1.989,-9.981
15.852,11.258,1.988,-9.981
15.872,11.317,1.988,-9.982
15.892,11.404,1.987,-9.982
15.912,11.463,1.987,-9.982
15.932,11.550,1.986,-9.982
15.952,11.609,1.985,-9.982
15.972,11.697,1.984,-9.982
15.992,11.755,1.983,-9.982
16.013,11.843,1.982,-9.982
16.032,11.901,1.982,-9.982
16.052,11.989,1.981,-9.982
16.072,12.048,1.980,-9.982
16.092,12.136,1.979,-9.982
16.112,12.194,1.978,-9.982
16.132,12.283,1.977,-9.982
16.152,12.341,1.976,-9.982
16.172,12.429,1.975,-9.982
16.193,12.488,1.974,-9.982
16.212,12.576,1.973,-9.982
16.232,12.635,1.972,-9.982
16.252,12.724,1.971,-9.982
16.272,12.782,1.970,-9.982
16.292,12.871,1.969,-9.982
16.312,12.929,1.969,-9.982
16.332,13.018,1.968,-9.982
16.352,13.077,1.967,-9.982
16.372,13.165,1.966,-9.982
16.392,13.224,1.965,-9.982
16.412,13.313,1.964,-9.982
16.432,13.372,1.963,-9.981
16.452,13.460,1.962,-9.981
16.472,13.519,1.961,-9.981
16.492,13.608,1.960,-9.981
16.512,13.667,1.959,-9.981
16.532,13.756,1.958,-9.981
16.552,13.815,1.957,-9.981
16.572,13.904,1.956,-9.980
16.592,13.964,1.955,-9.980
16.613,14.053,1.954,-9.980
16.632,14.112,1.953,-9.980
16.652,14.201,1.952,-9.980
16.672,14.261,1.951,-9.980
16.692,14.350,1.950,-9.979
16.712,14.409,1.949,-9.979
16.732,14.498,1.948,-9.979
16.752,14.558,1.947,-9.979
16.772,14.647,1.946,-9.979
16.792,14.706,1.946,-9.979
16.812,14.796,1.945,-9.979
16.832,14.855,1.944,-9.979
16.852,14.944,1.943,-9.980
16.872,15.004,1.943,-9.980
16.892,15.093,1.942,-9.980
16.912,15.153,1.941,-9.980
16.933,15.242,1.940,-9.980
16.952,15.302,1.940,-9.981
16.972,15.391,1.939,-9.981
16.993,15.451,1.938,-9.981
17.012,15.540,1.937,-9.982
17.032,15.600,1.937,-9.982
17.052,15.689,1.936,-9.982
17.072,15.749,1.935,-9.982
17.092,15.838,1.934,-9.983
17.112,15.898,1.934,-9.983
17.132,15.988,1.933,-9.983
17.152,16.047,1.932,-9.984
17.172,16.137,1.931,-9.984
17.192,16.196,1.930,-9.984
17.212,16.286,1.929,-9.985
17.232,16.345,1.929,-9.985
17.253,16.435,1.928,-9.985
17.272,16.494,1.927,-9.985
17.292,16.584,1.926,-9.986
17.312,16.643,1.926,-9.986
17.332,16.733,1.925,-9.986
17.352,16.792,1.924,-9.986
17.372,16.881,1.923,-9.986
17.392,16.941,1.923,-9.986
17.412,17.030,1.922,-9.987
17.432,17.090,1.922,-9.987
17.452,17.179,1.921,-9.987
17.472,17.239,1.920,-9.987
17.492,17.329,1.920,-9.987
17.512,17.388,1.919,-9.987
17.532,17.478,1.919,-9.987
17.552,17.538,1.918,-9.987
17.572,17.628,1.918,-9.987
17.594,17.687,1.917,-9.987
17.612,17.777,1.917,-9.988
17.632,17.837,1.917,-9.988
17.653,17.927,1.916,-9.988
17.672,17.987,1.916,-9.988
17.692,18.077,1.916,-9.988
17.712,18.137,1.916,-9.988
17.732,18.227,1.916,-9.988
17.752,18.287,1.915,-9.988
17.772,18.377,1.915,-9.988
17.793,18.437,1.915,-9.988
17.812,18.527,1.915,-9.988
17.832,18.587,1.915,-9.988
17.852,18.677,1.914,-9.988
17.872,18.737,1.914,-9.988
17.892,18.827,1.914,-9.988
17.912,18.887,1.914,-9.987
17.934,18.977,1.914,-9.987
17.952,19.037,1.914,-9.987
17.972,19.128,1.914,-9.986
17.992,19.188,1.914,-9.986
18.012,19.278,1.913,-9.986
18.032,19.338,1.913,-9.985
18.054,19.428,1.913,-9.985
18.072,19.488,1.913,-9.985
18.092,19.578,1.912,-9.984
18.112,19.638,1.912,-9.984
18.132,19.728,1.912,-9.983
18.152,19.788,1.911,-9.983
18.172,19.878,1.911,-9.983
18.193,19.938,1.910,-9.982
18.212,20.028,1.910,-9.982
18.232,20.088,1.909,-9.982
18.252,20.178,1.908,-9.981
18.272,20.238,1.908,-9.981
18.292,20.327,1.907,-9.981
18.312,20.387,1.907,-9.981
18.332,20.477,1.906,-9.980
18.352,20.537,1.905,-9.980
18.372,20.626,1.904,-9.980
18.393,20.686,1.904,-9.980
18.412,20.775,1.903,-9.980
18.432,20.835,1.902,-9.980
18.452,20.924,1.902,-9.980
18.472,20.984,1.901,-9.980
18.492,21.073,1.900,-9.979
18.512,21.133,1.900,-9.979
18.532,21.222,1.899,-9.979
18.552,21.282,1.899,-9.979
18.572,21.371,1.898,-9.979
18.593,21.431,1.898,-9.979
18.612,21.520,1.897,-9.979
18.632,21.579,1.896,-9.979
18.652,21.668,1.896,-9.979
18.672,21.728,1.896,-9.979
18.692,21.817,1.895,-9.979
18.713,21.876,1.895,-9.979
18.732,21.965,1.895,-9.979
18.752,22.025,1.894,-9.979
18.774,22.114,1.894,-9.979
18.792,22.173,1.894,-9.979
18.812,22.262,1.893,-9.979
18.832,22.321,1.893,-9.980
18.852,22.410,1.893,-9.980
18.872,22.469,1.892,-9.980
18.892,22.558,1.892,-9.980
18.912,22.617,1.892,-9.980
18.932,22.706,1.891,-9.980
18.952,22.765,1.891,-9.980
18.972,22.853,1.891,-9.980
18.992,22.912,1.890,-9.980
19.012,23.001,1.890,-9.980
19.034,23.060,1.889,-9.980
19.052,23.148,1.889,-9.980
19.072,23.207,1.889,-9.980
19.092,23.296,1.888,-9.981
19.112,23.355,1.888,-9.981
19.132,23.443,1.887,-9.981
19.152,23.502,1.887,-9.981
19.172,23.591,1.887,-9.982
19.192,23.649,1.886,-9.982
19.212,23.738,1.886,-9.983
19.233,23.797,1.886,-9.983
19.252,23.885,1.885,-9.983
19.272,23.944,1.885,-9.984
19.292,24.032,1.884,-9.984
19.312,24.091,1.884,-9.985
19.332,24.179,1.884,-9.985
19.352,24.238,1.883,-9.986
19.372,24.326,1.883,-9.986
19.392,24.385,1.883,-9.987
19.412,24.473,1.882,-9.987
19.433,24.532,1.882,-9.987
19.453,24.620,1.882,-9.988
19.472,24.679,1.881,-9.989
19.492,24.767,1.881,-9.989
19.513,24.826,1.881,-9.990
19.532,24.914,1.880,-9.990
19.552,24.973,1.880,-9.991
19.572,25.061,1.880,-9.992
19.592,25.120,1.879,-9.992
19.612,25.208,1.879,-9.993
19.634,25.267,1.879,-9.993
19.652,25.355,1.878,-9.994
19.672,25.413,1.878,-9.995
19.693,25.501,1.877,-9.996
19.712,25.560,1.877,-9.996
19.732,25.648,1.876,-9.997
19.752,25.706,1.876,-9.998
19.772,25.794,1.875,-9.998
19.792,25.852,1.875,-9.999
19.812,25.940,1.874,-10.000
19.832,25.998,1.874,-10.000
19.852,26.086,1.873,-10.001
19.872,26.144,1.873,-10.002
19.892,26.232,1.872,-10.002
19.912,26.290,1.871,-10.003
19.932,26.378,1.870,-10.003
19.952,26.436,1.870,-10.004
19.972,26.524,1.869,-10.004
19.992,26.582,1.869,-10.005
20.012,26.670,1.868,-10.006
20.032,26.728,1.867,-10.006
20.052,26.816,1.867,-10.007
20.072,26.874,1.866,-10.007
20.093,26.962,1.865,-10.008
20.112,27.020,1.865,-10.008
20.132,27.108,1.864,-10.009
20.152,27.166,1.864,-10.009
20.172,27.254,1.863,-10.010
20.192,27.312,1.863,-10.011
20.212,27.400,1.862,-10.011
20.232,27.458,1.862,-10.012
20.252,27.546,1.861,-10.012
20.272,27.605,1.861,-10.013
20.293,27.692,1.860,-10.013
20.312,27.751,1.860,-10.014
20.332,27.839,1.860,-10.014
20.353,27.897,1.859,-10.015
20.372,27.985,1.859,-10.015
20.392,28.044,1.859,-10.016
20.412,28.132,1.858,-10.016
20.432,28.190,1.858,-10.017
20.452,28.278,1.857,-10.017
20.472,28.337,1.857,-10.018
20.492,28.425,1.857,-10.018
20.512,28.483,1.857,-10.018
20.532,28.571,1.857,-10.019
20.552,28.630,1.856,-10.019
20.572,28.717,1.856,-10.019
20.592,28.776,1.856,-10.020
20.612,28.864,1.856,-10.020
20.633,28.922,1.856,-10.020
20.652,29.010,1.856,-10.020
20.672,29.068,1.856,-10.020
20.692,29.156,1.857,-10.021
20.712,29.214,1.857,-10.021
20.732,29.302,1.857,-10.021
20.752,29.360,1.857,-10.021
20.772,29.448,1.857,-10.021
20.792,29.506,1.857,-10.021
20.813,29.594,1.857,-10.021
20.832,29.652,1.857,-10.021
20.852,29.740,1.857,-10.021
20.872,29.798,1.857,-10.021
20.892,29.885,1.857,-10.021
20.912,29.943,1.858,-10.020
20.932,30.031,1.858,-10.020
20.952,30.089,1.858,-10.020
20.972,30.176,1.858,-10.020
20.992,30.235,1.858,-10.020
21.013,30.322,1.858,-10.020
21.032,30.380,1.858,-10.020
21.052,30.468,1.858,-10.020
21.072,30.526,1.858,-10.020
21.092,30.613,1.859,-10.020
21.112,30.672,1.859,-10.019
21.132,30.759,1.859,-10.019
21.152,30.817,1.859,-10.019
21.172,30.905,1.859,-10.019
21.192,30.963,1.859,-10.019
21.212,31.051,1.860,-10.019
21.233,31.109,1.860,-10.019
21.252,31.196,1.860,-10.019
21.272,31.255,1.860,-10.019
21.292,31.342,1.861,-10.019
21.312,31.401,1.861,-10.019
21.332,31.488,1.861,-10.019
21.352,31.546,1.861,-10.019
21.372,31.634,1.862,-10.019
21.392,31.692,1.862,-10.019
21.412,31.780,1.862,-10.019
21.432,31.838,1.863,-10.019
21.452,31.926,1.863,-10.019
21.472,31.984,1.863,-10.019
21.492,32.071,1.864,-10.019
21.513,32.130,1.864,-10.019
21.532,32.217,1.864,-10.019
21.552,32.275,1.864,-10.019
21.572,32.363,1.865,-10.019
21.592,32.421,1.865,-10.019
21.612,32.508,1.865,-10.019
21.632,32.567,1.866,-10.019
21.652,32.654,1.866,-10.019
21.674,32.712,1.866,-10.018
21.692,32.799,1.866,-10.018
21.712,32.857,1.866,-10.018
21.732,32.944,1.867,-10.017
21.752,33.002,1.867,-10.017
21.772,33.089,1.867,-10.017
21.792,33.147,1.867,-10.016
21.814,33.233,1.867,-10.016
21.832,33.290,1.867,-10.016
21.852,33.376,1.867,-10.015
21.872,33.433,1.868,-10.015
21.892,33.519,1.868,-10.015
21.912,33.575,1.868,-10.014
21.932,33.660,1.868,-10.014
21.952,33.716,1.867,-10.014
21.972,33.799,1.867,-10.014
21.992,33.855,1.867,-10.014
22.012,33.937,1.867,-10.014
22.032,33.991,1.867,-10.014
22.052,34.072,1.867,-10.014
22.072,34.125,1.866,-10.015
22.092,34.205,1.866,-10.015
22.112,34.257,1.866,-10.015
22.134,34.334,1.866,-10.016
22.152,34.385,1.865,-10.016
22.172,34.460,1.865,-10.016
22.192,34.510,1.865,-10.017
22.213,34.583,1.865,-10.017
22.232,34.631,1.864,-10.018
22.252,34.702,1.864,-10.019
22.274,34.749,1.864,-10.019
22.292,34.817,1.863,-10.020
22.312,34.862,1.863,-10.020
22.332,34.928,1.863,-10.021
22.352,34.971,1.862,-10.022
22.372,35.034,1.862,-10.025
22.392,35.076,1.862,-10.027
22.413,35.136,1.861,-10.030
22.432,35.176,1.861,-10.032
22.452,35.234,1.861,-10.035
22.472,35.273,1.861,-10.037
22.492,35.330,1.862,-10.040
22.512,35.367,1.863,-10.043
22.532,35.424,1.865,-10.046
22.552,35.461,1.868,-10.048
22.572,35.517,1.873,-10.051
22.592,35.554,1.877,-10.053
22.612,35.609,1.885,-10.055
22.632,35.646,1.892,-10.057
22.652,35.701,1.904,-10.058
22.672,35.738,1.913,-10.058
22.692,35.792,1.930,-10.059
22.712,35.828,1.943,-10.058
22.732,35.882,1.965,-10.057
22.752,35.917,1.981,-10.055
22.772,35.970,2.009,-10.053
22.792,36.004,2.029,-10.050
22.812,36.055,2.062,-10.046
22.832,36.088,2.087,-10.042
22.853,36.136,2.126,-10.036
22.872,36.167,2.154,-10.032
22.892,36.212,2.200,-10.024
22.912,36.241,2.232,-10.018
22.933,36.283,2.283,-10.010
22.952,36.309,2.319,-10.003
22.972,36.347,2.376,-9.993
22.992,36.371,2.415,-9.986
23.012,36.405,2.477,-9.975
23.032,36.426,2.520,-9.968
23.052,36.455,2.585,-9.956
23.072,36.473,2.631,-9.948
23.092,36.498,2.701,-9.937
23.112,36.513,2.749,-9.929
23.133,36.533,2.822,-9.918
23.152,36.544,2.872,-9.911
23.172,36.559,2.949,-9.900
23.193,36.568,3.001,-9.894
23.212,36.578,3.079,-9.885
23.232,36.583,3.132,-9.880
23.252,36.588,3.213,-9.873
23.272,36.590,3.267,-9.869
23.292,36.591,3.348,-9.864
23.312,36.590,3.403,-9.861
23.332,36.586,3.485,-9.859
23.352,36.583,3.539,-9.858
23.372,36.576,3.621,-9.858
23.392,36.570,3.675,-9.858
23.412,36.560,3.756,-9.860
23.432,36.552,3.809,-9.862
23.452,36.540,3.889,-9.866
23.472,36.531,3.941,-9.868
23.492,36.516,4.019,-9.873
23.512,36.506,4.071,-9.876
23.533,36.490,4.147,-9.882
23.552,36.478,4.197,-9.886
23.572,36.461,4.270,-9.892
23.592,36.449,4.319,-9.897
23.613,36.431,4.391,-9.904
23.632,36.419,4.437,-9.909
23.652,36.400,4.507,-9.917
23.672,36.388,4.552,-9.922
23.692,36.369,4.618,-9.931
23.712,36.357,4.662,-9.936
23.732,36.338,4.726,-9.945
23.752,36.326,4.768,-9.951
23.772,36.307,4.829,-9.960
23.792,36.295,4.869,-9.966
23.812,36.277,4.928,-9.975
23.832,36.265,4.966,-9.981
23.852,36.247,5.022,-9.989
23.874,36.234,5.058,-9.995
23.892,36.215,5.111,-10.003
23.912,36.202,5.146,-10.009
23.932,36.182,5.195,-10.017
23.952,36.168,5.227,-10.022
23.972,36.146,5.273,-10.029
23.993,36.130,5.303,-10.033
24.012,36.105,5.345,-10.039
24.032,36.087,5.372,-10.043
24.052,36.059,5.411,-10.048
24.073,36.039,5.435,-10.051
24.092,36.007,5.469,-10.055
24.112,35.985,5.491,-10.057
24.132,35.949,5.521,-10.060
24.152,35.924,5.540,-10.062
24.172,35.884,5.567,-10.064
24.195,35.855,5.583,-10.065
24.212,35.811,5.605,-10.066
24.232,35.779,5.618,-10.067
24.252,35.730,5.637,-10.068
24.272,35.696,5.648,-10.068
24.292,35.642,5.663,-10.069
24.312,35.605,5.672,-10.069
24.332,35.547,5.685,-10.069
24.352,35.507,5.692,-10.069
24.372,35.446,5.701,-10.068
24.392,35.403,5.707,-10.068
24.412,35.338,5.714,-10.067
24.432,35.293,5.719,-10.066
24.452,35.225,5.724,-10.065
24.473,35.178,5.727,-10.064
24.492,35.106,5.731,-10.062
24.512,35.058,5.734,-10.061
24.532,34.983,5.736,-10.059
24.552,34.933,5.737,-10.058
24.572,34.856,5.739,-10.057
24.592,34.804,5.739,-10.055
24.612,34.725,5.740,-10.054
24.632,34.672,5.740,-10.052
24.652,34.591,5.740,-10.051
24.672,34.537,5.739,-10.049
24.692,34.454,5.738,-10.048
24.712,34.399,5.738,-10.047
24.732,34.315,5.736,-10.045
24.752,34.258,5.736,-10.044
24.773,34.173,5.734,-10.043
24.792,34.116,5.733,-10.042
24.812,34.030,5.731,-10.042
24.832,33.973,5.730,-10.041
24.852,33.886,5.728,-10.040
24.872,33.828,5.727,-10.040
24.892,33.740,5.725,-10.040
24.912,33.681,5.724,-10.040
24.933,33.593,5.722,-10.040
24.952,33.535,5.720,-10.040
24.972,33.446,5.718,-10.040
24.992,33.387,5.717,-10.040
25.012,33.299,5.715,-10.041
25.032,33.239,5.714,-10.041
25.052,33.151,5.713,-10.042
25.072,33.091,5.712,-10.043
25.092,33.003,5.710,-10.043
25.112,32.943,5.710,-10.044
25.132,32.855,5.709,-10.045
25.152,32.795,5.708,-10.046
25.172,32.707,5.707,-10.047
25.193,32.648,5.707,-10.048
25.212,32.559,5.706,-10.049
25.232,32.500,5.706,-10.049
25.252,32.412,5.706,-10.050
25.272,32.353,5.706,-10.051
25.292,32.264,5.706,-10.052
25.312,32.206,5.706,-10.052
25.332,32.118,5.707,-10.053
25.352,32.059,5.708,-10.054
25.372,31.972,5.709,-10.055
25.392,31.913,5.709,-10.055
25.412,31.826,5.711,-10.056
25.434,31.768,5.712,-10.057
25.453,31.680,5.713,-10.057
25.472,31.622,5.714,-10.058
25.492,31.535,5.716,-10.059
25.512,31.477,5.718,-10.059
25.532,31.390,5.720,-10.060
25.552,31.332,5.722,-10.060
25.572,31.245,5.724,-10.060
25.592,31.187,5.726,-10.061
25.612,31.100,5.729,-10.061
25.632,31.042,5.731,-10.061
25.652,30.955,5.734,-10.061
25.672,30.897,5.736,-10.062
25.692,30.810,5.740,-10.062
25.712,30.753,5.742,-10.062
25.732,30.666,5.745,-10.062
25.752,30.608,5.747,-10.062
25.772,30.521,5.751,-10.062
25.792,30.463,5.753,-10.062
25.812,30.376,5.757,-10.062
25.832,30.318,5.760,-10.061
25.852,30.231,5.764,-10.061
25.872,30.173,5.767,-10.061
25.892,30.086,5.771,-10.061
25.912,30.028,5.774,-10.060
25.932,29.941,5.778,-10.060
25.952,29.883,5.781,-10.060
25.972,29.795,5.785,-10.059
25.992,29.737,5.788,-10.059
26.012,29.650,5.792,-10.058
26.032,29.591,5.795,-10.058
26.052,29.504,5.799,-10.057
26.072,29.446,5.802,-10.057
26.092,29.358,5.806,-10.056
26.112,29.300,5.809,-10.055
26.132,29.212,5.813,-10.055
26.152,29.153,5.816,-10.054
26.172,29.065,5.820,-10.053
26.192,29.007,5.823,-10.052
26.212,28.919,5.827,-10.052
26.233,28.860,5.830,-10.051
26.252,28.772,5.834,-10.050
26.272,28.713,5.836,-10.050
26.292,28.624,5.840,-10.049
26.312,28.565,5.842,-10.048
26.332,28.477,5.846,-10.048
26.352,28.418,5.848,-10.047
26.372,28.329,5.852,-10.046
26.393,28.269,5.854,-10.046
26.412,28.180,5.857,-10.045
26.432,28.121,5.860,-10.044
26.452,28.031,5.863,-10.044
26.472,27.972,5.865,-10.043
26.492,27.882,5.868,-10.042
26.512,27.822,5.870,-10.042
26.532,27.733,5.872,-10.041
26.552,27.673,5.874,-10.040
26.572,27.583,5.877,-10.040
26.592,27.523,5.878,-10.039
26.612,27.433,5.881,-10.038
26.633,27.373,5.882,-10.038
26.652,27.283,5.884,-10.037
26.672,27.223,5.886,-10.037
26.692,27.133,5.888,-10.036
26.713,27.073,5.889,-10.035
26.732,26.982,5.890,-10.035
26.752,26.922,5.891,-10.034
26.772,26.832,5.893,-10.034
26.792,26.771,5.894,-10.033
26.812,26.681,5.895,-10.033
26.832,26.620,5.896,-10.032
26.852,26.530,5.897,-10.032
26.872,26.469,5.898,-10.031
26.893,26.378,5.899,-10.031
26.912,26.318,5.900,-10.030
26.932,26.227,5.901,-10.030
26.952,26.166,5.901,-10.029
26.972,26.075,5.902,-10.029
26.992,26.014,5.903,-10.029
27.012,25.922,5.903,-10.028
27.032,25.861,5.904,-10.028
27.052,25.770,5.904,-10.027
27.072,25.709,5.905,-10.027
27.092,25.617,5.905,-10.027
27.112,25.556,5.906,-10.026
27.132,25.464,5.906,-10.026
27.152,25.403,5.906,-10.026
27.172,25.311,5.906,-10.025
27.192,25.249,5.906,-10.025
27.212,25.157,5.907,-10.025
27.232,25.096,5.907,-10.025
27.252,25.004,5.907,-10.024
27.272,24.942,5.906,-10.024
27.293,24.850,5.906,-10.024
27.312,24.788,5.906,-10.023
27.332,24.696,5.906,-10.023
27.352,24.634,5.906,-10.023
27.372,24.542,5.905,-10.022
27.392,24.480,5.905,-10.022
27.412,24.387,5.905,-10.021
27.432,24.326,5.904,-10.021
27.452,24.233,5.904,-10.021
27.472,24.171,5.904,-10.020
27.492,24.078,5.903,-10.020
27.512,24.016,5.903,-10.019
27.532,23.923,5.902,-10.019
27.552,23.861,5.902,-10.019
27.572,23.769,5.901,-10.018
27.592,23.707,5.901,-10.018
27.612,23.614,5.901,-10.017
27.632,23.552,5.900,-10.017
27.653,23.459,5.900,-10.016
27.672,23.397,5.900,-10.016
27.692,23.304,5.899,-10.015
27.712,23.242,5.899,-10.015
27.732,23.150,5.898,-10.014
27.753,23.088,5.898,-10.014
27.772,22.995,5.897,-10.013
27.792,22.933,5.897,-10.013
27.812,22.840,5.896,-10.013
27.833,22.779,5.895,-10.012
27.852,22.686,5.895,-10.012
27.872,22.624,5.894,-10.012
27.892,22.531,5.893,-10.011
27.912,22.469,5.892,-10.011
27.932,22.376,5.891,-10.011
27.952,22.314,5.891,-10.011
27.972,22.222,5.889,-10.010
27.992,22.160,5.889,-10.010
28.012,22.067,5.887,-10.010
28.035,22.005,5.887,-10.009
28.052,21.912,5.885,-10.009
28.072,21.850,5.884,-10.009
28.092,21.757,5.883,-10.008
28.112,21.695,5.882,-10.008
28.133,21.602,5.881,-10.008
28.152,21.540,5.880,-10.008
28.172,21.447,5.878,-10.007
28.192,21.385,5.877,-10.007
28.214,21.293,5.876,-10.007
28.232,21.231,5.875,-10.006
28.252,21.138,5.873,-10.006
28.272,21.076,5.872,-10.006
28.292,20.984,5.871,-10.005
28.312,20.922,5.870,-10.005
28.332,20.830,5.868,-10.004
28.352,20.768,5.867,-10.004
28.372,20.676,5.865,-10.004
28.392,20.614,5.864,-10.003
28.412,20.522,5.863,-10.003
28.432,20.460,5.862,-10.003
28.452,20.368,5.860,-10.002
28.472,20.307,5.859,-10.002
28.495,20.215,5.857,-10.002
28.512,20.153,5.856,-10.002
28.532,20.062,5.855,-10.001
28.553,20.000,5.853,-10.001
28.572,19.909,5.852,-10.000
28.592,19.848,5.850,-10.000
28.612,19.756,5.848,-10.000
28.632,19.695,5.847,-9.999
28.652,19.604,5.845,-9.999
28.672,19.543,5.844,-9.999
28.692,19.452,5.841,-9.998
28.712,19.391,5.840,-9.998
28.732,19.299,5.838,-9.997
28.752,19.239,5.836,-9.997
28.772,19.147,5.834,-9.996
28.792,19.086,5.832,-9.995
28.812,18.995,5.830,-9.995
28.832,18.934,5.828,-9.994
28.852,18.842,5.826,-9.994
28.872,18.781,5.824,-9.993
28.892,18.690,5.822,-9.993
28.912,18.629,5.820,-9.992
28.932,18.537,5.818,-9.992
28.953,18.476,5.816,-9.991
28.972,18.384,5.814,-9.991
28.992,18.323,5.812,-9.990
29.013,18.231,5.809,-9.990
29.032,18.170,5.808,-9.990
29.052,18.078,5.805,-9.989
29.072,18.016,5.803,-9.989
29.092,17.924,5.801,-9.989
29.112,17.863,5.799,-9.989
29.132,17.771,5.797,-9.989
29.152,17.709,5.796,-9.989
29.172,17.617,5.793,-9.989
29.192,17.556,5.792,-9.989
29.212,17.463,5.790,-9.988
29.232,17.402,5.788,-9.988
29.252,17.310,5.786,-9.988
29.272,17.248,5.785,-9.988
29.292,17.156,5.783,-9.988
29.312,17.095,5.782,-9.988
29.332,17.003,5.780,-9.988
29.352,16.941,5.779,-9.988
29.372,16.849,5.777,-9.988
29.392,16.788,5.776,-9.988
29.412,16.696,5.774,-9.988
29.432,16.635,5.773,-9.988
29.452,16.543,5.771,-9.988
29.473,16.482,5.770,-9.988
29.492,16.390,5.768,-9.988
29.512,16.329,5.767,-9.988
29.532,16.238,5.766,-9.988
29.552,16.177,5.765,-9.989
29.572,16.085,5.763,-9.989
29.593,16.024,5.762,-9.989
29.612,15.933,5.760,-9.989
29.632,15.872,5.759,-9.989
29.652,15.780,5.758,-9.989
29.672,15.719,5.757,-9.989
29.692,15.628,5.755,-9.989
29.712,15.567,5.754,-9.989
29.732,15.475,5.753,-9.989
29.752,15.414,5.752,-9.989
29.772,15.322,5.751,-9.989
29.792,15.261,5.750,-9.989
29.813,15.170,5.748,-9.988
29.832,15.109,5.748,-9.988
29.852,15.017,5.746,-9.988
29.872,14.956,5.745,-9.988
29.892,14.865,5.744,-9.988
29.912,14.804,5.743,-9.988
29.933,14.743,5.742,-9.988
29.952,14.652,5.741,-9.989
29.972,14.560,5.739,-9.989
29.992,14.499,5.739,-9.989
30.014,14.408,5.737,-9.989
30.032,14.346,5.736,-9.989
30.052,14.255,5.735,-9.989
30.072,14.194,5.734,-9.989
30.092,14.102,5.733,-9.989
30.112,14.041,5.732,-9.989
30.132,13.949,5.730,-9.989
30.152,13.888,5.729,-9.989
30.172,13.796,5.728,-9.989
30.192,13.735,5.727,-9.989
30.212,13.644,5.726,-9.989
30.232,13.582,5.725,-9.989
30.253,13.490,5.724,-9.989
30.272,13.429,5.723,-9.989
30.292,13.337,5.721,-9.989
30.312,13.276,5.721,-9.989
30.333,13.185,5.719,-9.988
30.352,13.123,5.718,-9.988
30.372,13.032,5.717,-9.988
30.393,12.971,5.716,-9.988
30.412,12.879,5.715,-9.988
30.432,12.818,5.714,-9.987
30.452,12.726,5.712,-9.987
30.473,12.665,5.711,-9.987
30.492,12.574,5.710,-9.986
30.512,12.513,5.709,-9.986
30.532,12.421,5.708,-9.986
30.552,12.360,5.707,-9.986
30.572,12.269,5.705,-9.986
30.592,12.208,5.704,-9.986
30.612,12.117,5.702,-9.985
30.632,12.056,5.701,-9.985
30.652,11.964,5.700,-9.985
30.674,11.904,5.698,-9.985
30.692,11.812,5.697,-9.985
30.712,11.751,5.695,-9.985
30.732,11.660,5.694,-9.985
30.752,11.600,5.692,-9.984
30.772,11.509,5.690,-9.984
30.793,11.448,5.689,-9.984
30.812,11.357,5.687,-9.984
30.832,11.297,5.686,-9.984
30.852,11.206,5.684,-9.984
30.872,11.145,5.683,-9.984
30.892,11.055,5.681,-9.984
30.912,10.994,5.680,-9.985
30.932,10.904,5.678,-9.985
30.952,10.843,5.677,-9.985
30.972,10.753,5.675,-9.985
30.992,10.692,5.674,-9.985
31.012,10.602,5.672,-9.986
31.032,10.542,5.671,-9.986
31.052,10.451,5.669,-9.986
31.072,10.391,5.668,-9.986
31.092,10.301,5.666,-9.987
31.112,10.241,5.665,-9.987
31.132,10.151,5.663,-9.987
31.152,10.090,5.662,-9.987
31.172,10.000,5.660,-9.987
31.192,9.940,5.659,-9.988
31.212,9.850,5.657,-9.988
31.232,9.790,5.656,-9.988
31.253,9.700,5.655,-9.988
31.272,9.640,5.654,-9.988
31.292,9.551,5.652,-9.989
31.312,9.491,5.651,-9.989
31.332,9.401,5.650,-9.989
31.352,9.341,5.649,-9.989
31.372,9.251,5.648,-9.989
31.392,9.192,5.647,-9.990
31.412,9.102,5.646,-9.990
31.432,9.042,5.645,-9.990
31.452,8.952,5.644,-9.990
31.472,8.892,5.643,-9.990
31.492,8.803,5.642,-9.990
31.512,8.743,5.641,-9.990
31.532,8.653,5.640,-9.990
31.552,8.594,5.639,-9.990
31.572,8.504,5.638,-9.990
31.593,8.444,5.637,-9.990
31.612,8.355,5.636,-9.991
31.632,8.295,5.635,-9.991
31.652,8.206,5.634,-9.990
31.672,8.146,5.634,-9.990
31.692,8.056,5.633,-9.990
31.712,7.997,5.632,-9.990
31.732,7.907,5.631,-9.990
31.752,7.848,5.630,-9.990
31.772,7.758,5.629,-9.990
31.792,7.699,5.629,-9.990
31.812,7.609,5.628,-9.990
31.832,7.550,5.627,-9.990
31.852,7.460,5.627,-9.990
31.872,7.401,5.626,-9.989
31.892,7.311,5.626,-9.989
31.912,7.252,5.625,-9.989
31.932,7.163,5.625,-9.989
31.952,7.103,5.624,-9.989
31.972,7.014,5.624,-9.989
31.992,6.955,5.623,-9.989
32.012,6.866,5.623,-9.989
32.032,6.807,5.622,-9.988
32.053,6.718,5.622,-9.988
32.072,6.659,5.622,-9.988
32.092,6.570,5.621,-9.988
32.112,6.511,5.621,-9.988
32.132,6.422,5.620,-9.988
32.152,6.363,5.620,-9.988
32.172,6.275,5.619,-9.988
32.192,6.216,5.619,-9.988
32.212,6.127,5.619,-9.988
32.232,6.068,5.618,-9.988
32.252,5.979,5.618,-9.988
32.272,5.920,5.618,-9.988
32.292,5.831,5.617,-9.988
32.312,5.772,5.617,-9.988
32.332,5.683,5.617,-9.988
32.352,5.624,5.616,-9.988
32.373,5.535,5.616,-9.988
32.392,5.476,5.616,-9.988
32.412,5.387,5.615,-9.988
32.432,5.327,5.615,-9.988
32.452,5.238,5.615,-9.989
32.472,5.179,5.614,-9.989
32.492,5.090,5.614,-9.989
32.512,5.031,5.614,-9.989
32.532,4.942,5.613,-9.989
32.552,4.882,5.613,-9.989
32.572,4.793,5.612,-9.989
32.592,4.734,5.612,-9.990
32.612,4.645,5.612,-9.990
32.632,4.586,5.611,-9.990
32.652,4.497,5.611,-9.990
32.672,4.438,5.610,-9.990
32.692,4.349,5.610,-9.990
32.714,4.290,5.609,-9.991
32.732,4.201,5.609,-9.991
32.752,4.142,5.608,-9.991
32.772,4.053,5.607,-9.991
32.792,3.994,5.607,-9.992
32.812,3.905,5.606,-9.992
32.834,3.846,5.605,-9.992
32.852,3.757,5.604,-9.992
32.872,3.698,5.604,-9.992
32.893,3.609,5.603,-9.992
32.912,3.550,5.602,-9.992
32.932,3.461,5.601,-9.992
32.952,3.402,5.601,-9.992
32.973,3.313,5.600,-9.992
32.992,3.254,5.599,-9.992
33.012,3.165,5.598,-9.992
33.032,3.106,5.597,-9.992
33.052,3.017,5.597,-9.992
33.072,2.958,5.596,-9.992
33.092,2.869,5.595,-9.992
33.112,2.810,5.595,-9.992
33.132,2.721,5.594,-9.992
33.152,2.662,5.593,-9.992
33.172,2.573,5.592,-9.992
33.192,2.514,5.592,-9.992
33.212,2.425,5.591,-9.992
33.232,2.366,5.591,-9.992
33.252,2.277,5.590,-9.992
33.272,2.217,5.590,-9.992
33.292,2.128,5.589,-9.992
33.312,2.069,5.589,-9.992
33.332,1.980,5.588,-9.992
33.352,1.921,5.588,-9.992
33.374,1.832,5.587,-9.992
33.392,1.772,5.587,-9.992
33.412,1.683,5.586,-9.992
33.433,1.624,5.586,-9.992
33.452,1.535,5.585,-9.992
33.472,1.475,5.585,-9.992
33.492,1.386,5.585,-9.991
33.512,1.327,5.584,-9.991
33.532,1.238,5.584,-9.991
33.552,1.178,5.584,-9.991
33.573,1.089,5.583,-9.991
33.592,1.029,5.583,-9.991
33.612,0.940,5.583,-9.991
33.632,0.881,5.583,-9.991
33.652,0.792,5.583,-9.990
33.672,0.732,5.583,-9.990
33.692,0.643,5.583,-9.990
33.712,0.584,5.583,-9.990
33.732,0.495,5.583,-9.989
33.752,0.435,5.583,-9.989
33.773,0.346,5.583,-9.989
33.792,0.287,5.583,-9.989
33.812,0.197,5.583,-9.988
33.832,0.138,5.583,-9.988
33.852,0.049,5.583,-9.988
33.872,-0.010,5.583,-9.988
33.892,-0.099,5.583,-9.988
33.912,-0.159,5.583,-9.987
33.932,-0.248,5.584,-9.987
33.952,-0.307,5.584,-9.987
33.972,-0.396,5.584,-9.987
33.992,-0.455,5.584,-9.986
34.013,-0.544,5.584,-9.986
34.032,-0.604,5.584,-9.986
34.052,-0.693,5.584,-9.986
34.072,-0.752,5.584,-9.986
34.092,-0.841,5.584,-9.985
34.112,-0.901,5.584,-9.986
34.132,-0.990,5.584,-9.986
34.152,-1.049,5.585,-9.986
34.172,-1.138,5.585,-9.986
34.192,-1.197,5.585,-9.986
34.212,-1.286,5.585,-9.986
34.232,-1.346,5.585,-9.987
34.252,-1.435,5.586,-9.987
34.272,-1.494,5.586,-9.987
34.292,-1.583,5.587,-9.988
34.312,-1.642,5.587,-9.988
34.332,-1.731,5.587,-9.989
34.352,-1.790,5.588,-9.989
34.372,-1.878,5.588,-9.990
34.392,-1.937,5.588,-9.990
34.412,-2.026,5.589,-9.991
34.432,-2.085,5.589,-9.991
34.452,-2.173,5.589,-9.992
34.472,-2.232,5.590,-9.993
34.492,-2.321,5.590,-9.993
34.513,-2.380,5.590,-9.994
34.532,-2.468,5.591,-9.994
34.552,-2.527,5.591,-9.995
34.572,-2.615,5.591,-9.995
34.592,-2.674,5.591,-9.995
34.612,-2.763,5.591,-9.996
34.633,-2.821,5.592,-9.996
34.652,-2.910,5.592,-9.996
34.672,-2.968,5.592,-9.996
34.692,-3.056,5.592,-9.997
34.712,-3.115,5.592,-9.997
34.733,-3.202,5.592,-9.997
34.752,-3.260,5.592,-9.997
34.772,-3.347,5.592,-9.997
34.792,-3.405,5.592,-9.998
34.812,-3.491,5.592,-9.998
34.832,-3.549,5.593,-9.998
34.852,-3.634,5.593,-9.999
34.874,-3.690,5.593,-9.999
34.892,-3.775,5.593,-10.000
34.912,-3.831,5.593,-10.000
34.932,-3.914,5.593,-10.001
34.952,-3.969,5.594,-10.002
34.972,-4.050,5.594,-10.002
34.992,-4.104,5.594,-10.003
35.013,-4.184,5.594,-10.004
35.032,-4.237,5.594,-10.005
35.052,-4.315,5.595,-10.006
35.072,-4.367,5.595,-10.006
35.092,-4.443,5.595,-10.007
35.112,-4.493,5.596,-10.008
35.132,-4.567,5.596,-10.009
35.152,-4.616,5.596,-10.010
35.172,-4.688,5.597,-10.010
35.192,-4.735,5.597,-10.011
35.212,-4.804,5.597,-10.012
35.232,-4.850,5.598,-10.013
35.252,-4.917,5.598,-10.014
35.272,-4.960,5.598,-10.014
35.293,-5.025,5.598,-10.015
35.312,-5.066,5.599,-10.015
35.332,-5.128,5.599,-10.016
35.352,-5.168,5.599,-10.017
35.372,-5.226,5.599,-10.020
35.393,-5.264,5.599,-10.022
35.412,-5.320,5.600,-10.025
35.432,-5.356,5.600,-10.027
35.452,-5.410,5.601,-10.030
35.472,-5.445,5.601,-10.032
35.492,-5.497,5.603,-10.036
35.512,-5.531,5.604,-10.038
35.533,-5.582,5.608,-10.041
35.552,-5.616,5.610,-10.044
35.572,-5.667,5.616,-10.047
35.592,-5.700,5.621,-10.048
35.612,-5.751,5.629,-10.051
35.632,-5.784,5.636,-10.052
35.652,-5.834,5.649,-10.054
35.672,-5.867,5.659,-10.054
35.692,-5.917,5.676,-10.054
35.712,-5.949,5.689,-10.054
35.732,-5.998,5.711,-10.053
35.752,-6.030,5.728,-10.052
35.772,-6.077,5.755,-10.049
35.792,-6.108,5.775,-10.047
35.812,-6.154,5.809,-10.042
35.832,-6.184,5.833,-10.039
35.852,-6.227,5.872,-10.033
35.872,-6.255,5.900,-10.028
35.892,-6.296,5.945,-10.021
35.912,-6.322,5.977,-10.015
35.932,-6.359,6.027,-10.006
35.952,-6.382,6.063,-10.000
35.972,-6.416,6.119,-9.990
35.992,-6.437,6.158,-9.983
36.012,-6.466,6.218,-9.972
36.032,-6.484,6.260,-9.964
36.052,-6.509,6.325,-9.953
36.072,-6.524,6.370,-9.945
36.092,-6.544,6.439,-9.934
36.112,-6.555,6.486,-9.926
36.132,-6.571,6.559,-9.915
36.152,-6.579,6.608,-9.908
36.172,-6.589,6.683,-9.898
36.192,-6.595,6.734,-9.892
36.212,-6.600,6.812,-9.883
36.232,-6.602,6.864,-9.878
36.252,-6.603,6.943,-9.872
36.272,-6.602,6.996,-9.869
36.292,-6.599,7.076,-9.865
36.312,-6.595,7.130,-9.863
36.332,-6.588,7.210,-9.862
36.352,-6.582,7.263,-9.862
36.372,-6.571,7.343,-9.863
36.393,-6.562,7.396,-9.864
36.412,-6.549,7.475,-9.867
36.432,-6.539,7.528,-9.869
36.452,-6.522,7.605,-9.873
36.472,-6.511,7.657,-9.877
36.492,-6.493,7.733,-9.882
36.512,-6.481,7.783,-9.886
36.532,-6.462,7.858,-9.892
36.552,-6.449,7.907,-9.896
36.572,-6.428,7.979,-9.903
36.592,-6.415,8.027,-9.908
36.612,-6.394,8.097,-9.916
36.632,-6.380,8.143,-9.921
36.652,-6.359,8.210,-9.929
36.672,-6.345,8.254,-9.935
36.692,-6.324,8.319,-9.943
36.712,-6.310,8.362,-9.949
36.732,-6.289,8.425,-9.958
36.752,-6.275,8.466,-9.964
36.772,-6.254,8.526,-9.973
36.792,-6.241,8.565,-9.978
36.812,-6.220,8.623,-9.987
36.832,-6.206,8.661,-9.993
36.852,-6.186,8.716,-10.001
36.873,-6.172,8.752,-10.007
36.892,-6.150,8.805,-10.015
36.912,-6.136,8.839,-10.020
36.932,-6.113,8.888,-10.027
36.952,-6.097,8.920,-10.032
36.972,-6.072,8.966,-10.039
36.993,-6.054,8.995,-10.043
37.012,-6.027,9.037,-10.049
37.032,-6.007,9.064,-10.052
37.052,-5.976,9.103,-10.057
37.072,-5.954,9.127,-10.060
37.092,-5.919,9.161,-10.063
37.112,-5.895,9.183,-10.066
37.134,-5.856,9.213,-10.068
37.152,-5.828,9.232,-10.070
37.172,-5.785,9.258,-10.072
37.192,-5.754,9.274,-10.073
37.212,-5.707,9.296,-10.074
37.232,-5.673,9.309,-10.075
37.252,-5.621,9.327,-10.076
37.272,-5.585,9.337,-10.077
37.292,-5.529,9.352,-10.077
37.312,-5.490,9.360,-10.077
37.332,-5.430,9.372,-10.077
37.352,-5.388,9.378,-10.077
37.372,-5.324,9.387,-10.076
37.393,-5.280,9.392,-10.076
37.412,-5.213,9.398,-10.075
37.432,-5.167,9.401,-10.074
37.452,-5.097,9.405,-10.072
37.472,-5.049,9.407,-10.071
37.492,-4.975,9.409,-10.070
37.512,-4.926,9.410,-10.068
37.534,-4.850,9.411,-10.067
37.552,-4.798,9.411,-10.065
37.572,-4.720,9.410,-10.063
37.593,-4.667,9.410,-10.062
37.612,-4.587,9.408,-10.060
37.632,-4.532,9.407,-10.058
37.653,-4.450,9.404,-10.056
37.672,-4.395,9.402,-10.055
37.692,-4.312,9.399,-10.053
37.712,-4.256,9.396,-10.052
37.734,-4.171,9.392,-10.050
37.752,-4.114,9.389,-10.049
37.772,-4.028,9.385,-10.048
37.792,-3.971,9.382,-10.047
37.812,-3.884,9.377,-10.045
37.832,-3.827,9.373,-10.044
37.853,-3.739,9.368,-10.043
37.872,-3.681,9.364,-10.042
37.892,-3.593,9.359,-10.041
37.912,-3.534,9.355,-10.041
37.932,-3.446,9.350,-10.040
37.952,-3.387,9.346,-10.040
37.973,-3.298,9.341,-10.039
37.992,-3.239,9.337,-10.038
38.012,-3.150,9.331,-10.038
38.032,-3.091,9.328,-10.038
38.053,-3.002,9.323,-10.037
38.072,-2.942,9.319,-10.037
38.092,-2.853,9.314,-10.037
38.114,-2.793,9.311,-10.037
38.132,-2.704,9.307,-10.037
38.152,-2.644,9.304,-10.037
38.172,-2.554,9.300,-10.037
38.192,-2.495,9.297,-10.037
38.212,-2.405,9.293,-10.038
38.232,-2.346,9.291,-10.038
38.252,-2.256,9.288,-10.038
38.272,-2.197,9.286,-10.038
38.292,-2.107,9.283,-10.038
38.312,-2.048,9.281,-10.038
38.332,-1.959,9.279,-10.038
38.352,-1.899,9.277,-10.038
38.372,-1.810,9.275,-10.038
38.392,-1.750,9.274,-10.038
38.412,-1.661,9.273,-10.038
38.432,-1.602,9.272,-10.038
38.452,-1.512,9.271,-10.038
38.472,-1.453,9.270,-10.038
38.492,-1.364,9.270,-10.037
38.512,-1.304,9.270,-10.037
38.532,-1.215,9.269,-10.037
38.552,-1.156,9.270,-10.037
38.572,-1.067,9.270,-10.036
38.593,-1.007,9.270,-10.036
38.612,-0.918,9.271,-10.035
38.633,-0.859,9.271,-10.035
38.653,-0.770,9.273,-10.034
38.672,-0.710,9.273,-10.034
38.692,-0.621,9.275,-10.033
38.712,-0.562,9.276,-10.033
38.732,-0.473,9.277,-10.032
38.752,-0.414,9.278,-10.032
38.772,-0.325,9.280,-10.031
38.793,-0.265,9.282,-10.031
38.812,-0.176,9.283,-10.030
38.833,-0.117,9.285,-10.029
38.854,-0.028,9.287,-10.029
38.872,0.032,9.288,-10.028
38.892,0.121,9.291,-10.028
38.912,0.180,9.292,-10.027
38.932,0.269,9.294,-10.027
38.952,0.329,9.296,-10.026
38.972,0.418,9.298,-10.026
38.992,0.478,9.300,-10.025
39.012,0.567,9.303,-10.025
39.032,0.626,9.304,-10.024
39.054,0.715,9.307,-10.023
39.072,0.775,9.308,-10.023
39.092,0.864,9.311,-10.022
39.112,0.924,9.313,-10.021
39.132,1.013,9.315,-10.021
39.152,1.073,9.317,-10.020
39.172,1.162,9.320,-10.019
39.192,1.222,9.321,-10.019
39.212,1.311,9.324,-10.018
39.232,1.371,9.325,-10.017
39.252,1.460,9.328,-10.017
39.272,1.520,9.329,-10.016
39.293,1.609,9.332,-10.016
39.313,1.669,9.333,-10.015
39.332,1.759,9.336,-10.015
39.352,1.819,9.337,-10.014
39.372,1.908,9.340,-10.014
39.393,1.968,9.341,-10.013
39.412,2.058,9.343,-10.013
39.432,2.118,9.345,-10.012
39.452,2.208,9.347,-10.012
39.472,2.268,9.348,-10.012
39.492,2.358,9.350,-10.011
39.512,2.418,9.352,-10.011
39.532,2.508,9.354,-10.011
39.552,2.568,9.355,-10.010
39.572,2.658,9.357,-10.010
39.592,2.718,9.359,-10.010
39.612,2.808,9.360,-10.009
39.632,2.869,9.362,-10.009
39.652,2.959,9.364,-10.009
39.672,3.019,9.365,-10.009
39.692,3.110,9.367,-10.008
39.712,3.170,9.368,-10.008
39.732,3.261,9.370,-10.008
39.752,3.321,9.371,-10.008
39.772,3.412,9.373,-10.007
39.792,3.472,9.374,-10.007
39.812,3.563,9.376,-10.007
39.833,3.623,9.377,-10.007
39.852,3.714,9.379,-10.007
39.872,3.774,9.380,-10.006
39.892,3.865,9.381,-10.006
39.912,3.925,9.382,-10.006
39.932,4.016,9.384,-10.006
39.952,4.077,9.384,-10.006
39.972,4.167,9.386,-10.005
39.992,4.228,9.386,-10.005
40.012,4.319,9.387,-10.005
40.032,4.379,9.388,-10.005
40.052,4.470,9.389,-10.005
40.072,4.531,9.389,-10.005
40.092,4.622,9.390,-10.004
40.112,4.682,9.391,-10.004
40.132,4.773,9.391,-10.004
40.152,4.834,9.392,-10.004
40.174,4.925,9.392,-10.004
40.192,4.986,9.393,-10.004
40.212,5.077,9.393,-10.003
40.232,5.137,9.393,-10.003
40.252,5.228,9.394,-10.003
40.272,5.289,9.394,-10.003
40.293,5.380,9.394,-10.003
40.312,5.441,9.394,-10.002
40.332,5.532,9.394,-10.002
40.352,5.593,9.394,-10.002
40.372,5.684,9.394,-10.001
40.392,5.745,9.394,-10.001
40.412,5.836,9.394,-10.001
40.432,5.897,9.393,-10.001
40.452,5.988,9.393,-10.001
40.472,6.049,9.393,-10.000
40.492,6.141,9.392,-10.000
40.512,6.202,9.392,-10.000
40.532,6.293,9.392,-10.000
40.552,6.354,9.391,-10.000
40.572,6.445,9.391,-10.000
40.592,6.506,9.391,-10.000
40.613,6.597,9.390,-9.999
40.632,6.658,9.390,-9.999
40.652,6.749,9.389,-9.999
40.672,6.810,9.389,-9.999
40.693,6.901,9.388,-9.999
40.712,6.962,9.387,-9.999
40.732,7.053,9.387,-9.999
40.752,7.114,9.386,-9.999
40.772,7.206,9.385,-9.998
40.792,7.266,9.385,-9.998
40.812,7.358,9.384,-9.998
40.832,7.419,9.384,-9.998
40.852,7.510,9.383,-9.999
40.872,7.571,9.382,-9.999
40.892,7.662,9.382,-9.999
40.912,7.723,9.381,-9.999
40.932,7.815,9.381,-9.998
40.952,7.876,9.380,-9.998
40.972,7.967,9.380,-9.998
40.992,8.028,9.379,-9.998
41.013,8.120,9.378,-9.998
41.032,8.181,9.378,-9.998
41.052,8.272,9.377,-9.998
41.072,8.333,9.377,-9.998
41.092,8.425,9.376,-9.997
41.112,8.486,9.376,-9.997
41.132,8.578,9.375,-9.997
41.152,8.639,9.375,-9.996
41.172,8.731,9.374,-9.996
41.192,8.792,9.373,-9.996
41.212,8.883,9.373,-9.995
41.233,8.944,9.372,-9.995
41.252,9.036,9.371,-9.995
41.273,9.097,9.371,-9.994
41.292,9.189,9.370,-9.994
41.312,9.250,9.370,-9.994
41.332,9.342,9.369,-9.993
41.352,9.404,9.369,-9.993
41.372,9.496,9.368,-9.993
41.392,9.557,9.368,-9.992
41.412,9.649,9.367,-9.992
41.432,9.710,9.367,-9.992
41.452,9.803,9.366,-9.991
41.472,9.864,9.366,-9.991
41.492,9.957,9.365,-9.991
41.512,10.019,9.365,-9.990
41.532,10.111,9.364,-9.990
41.552,10.173,9.364,-9.990
41.572,10.266,9.363,-9.989
41.592,10.327,9.363,-9.989
41.612,10.420,9.362,-9.989
41.632,10.482,9.362,-9.988
41.652,10.575,9.361,-9.988
41.672,10.637,9.361,-9.988
41.692,10.730,9.360,-9.988
41.712,10.792,9.360,-9.987
41.732,10.885,9.359,-9.987
41.752,10.948,9.359,-9.987
41.772,11.041,9.358,-9.986
41.792,11.103,9.357,-9.986
41.812,11.196,9.356,-9.985
41.832,11.258,9.356,-9.985
41.852,11.351,9.355,-9.985
41.872,11.413,9.354,-9.985
41.892,11.506,9.353,-9.985
41.912,11.568,9.353,-9.985
41.934,11.661,9.352,-9.984
41.952,11.723,9.351,-9.984
41.972,11.816,9.351,-9.984
41.992,11.878,9.350,-9.984
42.013,11.971,9.349,-9.984
42.032,12.033,9.349,-9.984
42.052,12.126,9.348,-9.984
42.073,12.187,9.348,-9.984
42.092,12.280,9.347,-9.984
42.112,12.342,9.346,-9.984
42.133,12.435,9.345,-9.984
42.152,12.496,9.345,-9.984
42.172,12.589,9.344,-9.984
42.192,12.651,9.344,-9.984
42.212,12.743,9.343,-9.984
42.232,12.805,9.343,-9.984
42.252,12.897,9.342,-9.984
42.272,12.959,9.341,-9.984
42.292,13.052,9.341,-9.984
42.312,13.113,9.340,-9.985
42.332,13.206,9.339,-9.985
42.352,13.267,9.339,-9.985
42.372,13.360,9.338,-9.986
42.392,13.421,9.338,-9.986
42.412,13.514,9.337,-9.986
42.432,13.575,9.337,-9.986
42.452,13.667,9.336,-9.987
42.472,13.729,9.336,-9.987
42.492,13.821,9.335,-9.987
42.512,13.882,9.335,-9.987
42.532,13.974,9.334,-9.987
42.552,14.035,9.334,-9.987
42.572,14.127,9.334,-9.988
42.592,14.188,9.333,-9.988
42.612,14.280,9.333,-9.988
42.632,14.341,9.332,-9.988
42.652,14.432,9.332,-9.988
42.673,14.493,9.331,-9.988
42.692,14.584,9.331,-9.988
42.712,14.645,9.331,-9.988
42.732,14.736,9.330,-9.988
42.752,14.797,9.330,-9.988
42.772,14.888,9.329,-9.988
42.792,14.949,9.329,-9.988
42.812,15.039,9.328,-9.988
42.832,15.100,9.328,-9.988
42.852,15.191,9.328,-9.988
42.872,15.251,9.328,-9.988
42.892,15.342,9.327,-9.989
42.912,15.402,9.327,-9.989
42.932,15.493,9.327,-9.989
42.952,15.553,9.327,-9.989
42.972,15.644,9.326,-9.989
42.992,15.704,9.326,-9.990
43.012,15.795,9.326,-9.990
43.032,15.855,9.326,-9.990
43.052,15.946,9.326,-9.990
43.072,16.006,9.325,-9.990
43.092,16.096,9.325,-9.990
43.112,16.157,9.325,-9.990
43.132,16.247,9.325,-9.990
43.152,16.308,9.325,-9.991
43.172,16.398,9.325,-9.991
43.193,16.458,9.324,-9.991
43.212,16.549,9.324,-9.991
43.232,16.609,9.324,-9.991
43.252,16.699,9.324,-9.991
43.272,16.760,9.324,-9.991
43.292,16.850,9.323,-9.991
43.312,16.910,9.323,-9.991
43.333,17.001,9.323,-9.991
43.352,17.061,9.323,-9.991
43.372,17.151,9.323,-9.991
43.393,17.212,9.323,-9.991
43.412,17.302,9.323,-9.991
43.432,17.362,9.322,-9.991
43.452,17.453,9.322,-9.991
43.472,17.513,9.322,-9.991
43.492,17.603,9.322,-9.991
43.512,17.664,9.322,-9.991
43.532,17.754,9.322,-9.991
43.552,17.814,9.322,-9.991
43.572,17.905,9.322,-9.991
43.593,17.965,9.322,-9.991
43.612,18.056,9.322,-9.991
43.632,18.116,9.322,-9.991
43.652,18.207,9.322,-9.991
43.672,18.267,9.323,-9.991
43.692,18.358,9.323,-9.991
43.712,18.418,9.323,-9.991
43.732,18.509,9.323,-9.991
43.752,18.570,9.323,-9.991
43.772,18.660,9.324,-9.991
43.794,18.721,9.324,-9.991
43.812,18.812,9.324,-9.991
43.832,18.872,9.324,-9.991
43.853,18.963,9.325,-9.991
43.872,19.024,9.325,-9.991
43.892,19.115,9.326,-9.991
43.912,19.176,9.326,-9.991
43.932,19.267,9.326,-9.991
43.952,19.327,9.327,-9.991
43.972,19.418,9.327,-9.991
43.993,19.479,9.327,-9.991
44.012,19.570,9.328,-9.991
44.032,19.630,9.328,-9.991
44.052,19.721,9.328,-9.990
44.072,19.782,9.329,-9.990
44.092,19.873,9.329,-9.990
44.112,19.934,9.329,-9.990
44.132,20.024,9.329,-9.990
44.152,20.085,9.330,-9.990
44.172,20.176,9.330,-9.990
44.192,20.236,9.330,-9.990
44.212,20.327,9.330,-9.990
44.232,20.387,9.330,-9.990
44.252,20.478,9.330,-9.990
44.272,20.538,9.330,-9.990
44.292,20.629,9.330,-9.990
44.312,20.689,9.330,-9.990
44.333,20.779,9.330,-9.990
44.352,20.839,9.329,-9.990
44.372,20.930,9.329,-9.989
44.392,20.990,9.329,-9.989
44.412,21.080,9.328,-9.989
44.432,21.140,9.328,-9.989
44.452,21.230,9.328,-9.989
44.472,21.290,9.328,-9.989
44.492,21.380,9.327,-9.989
44.512,21.440,9.327,-9.989
44.533,21.530,9.327,-9.989
44.552,21.590,9.327,-9.989
44.572,21.680,9.326,-9.989
44.592,21.740,9.326,-9.989
44.612,21.830,9.326,-9.989
44.632,21.890,9.326,-9.989
44.654,21.980,9.325,-9.989
44.672,22.040,9.325,-9.989
44.692,22.130,9.325,-9.989
44.712,22.190,9.325,-9.988
44.733,22.280,9.325,-9.988
44.752,22.340,9.325,-9.988
44.772,22.430,9.325,-9.988
44.793,22.490,9.325,-9.988
44.812,22.580,9.324,-9.988
44.832,22.639,9.324,-9.987
44.852,22.729,9.324,-9.987
44.872,22.789,9.324,-9.987
44.892,22.879,9.324,-9.987
44.912,22.938,9.324,-9.986
44.932,23.028,9.323,-9.986
44.952,23.088,9.323,-9.986
44.972,23.177,9.323,-9.985
44.992,23.237,9.323,-9.985
45.012,23.327,9.323,-9.985
45.032,23.386,9.322,-9.985
45.052,23.476,9.322,-9.984
45.073,23.536,9.322,-9.984
45.092,23.625,9.321,-9.984
45.112,23.685,9.321,-9.984
45.132,23.774,9.321,-9.984
45.152,23.833,9.320,-9.984
45.173,23.923,9.320,-9.984
45.192,23.982,9.320,-9.984
45.212,24.072,9.319,-9.984
45.233,24.131,9.319,-9.985
45.252,24.220,9.319,-9.985
45.274,24.280,9.319,-9.985
45.292,24.369,9.318,-9.985
45.312,24.429,9.318,-9.985
45.332,24.518,9.318,-9.986
45.352,24.577,9.317,-9.986
45.373,24.666,9.317,-9.986
45.392,24.726,9.317,-9.986
45.412,24.815,9.316,-9.987
45.433,24.875,9.316,-9.987
45.453,24.964,9.316,-9.987
45.472,25.024,9.316,-9.987
45.492,25.113,9.316,-9.988
45.512,25.172,9.315,-9.988
45.532,25.261,9.315,-9.989
45.552,25.321,9.315,-9.989
45.572,25.410,9.315,-9.989
45.593,25.469,9.315,-9.990
45.612,25.558,9.315,-9.990
45.632,25.618,9.315,-9.990
45.652,25.707,9.315,-9.991
45.672,25.766,9.315,-9.991
45.692,25.855,9.315,-9.991
45.712,25.914,9.315,-9.992
45.732,26.003,9.315,-9.992
45.752,26.062,9.315,-9.992
45.772,26.151,9.315,-9.992
45.793,26.210,9.315,-9.992
45.812,26.299,9.315,-9.992
45.832,26.358,9.315,-9.992
45.852,26.446,9.315,-9.993
45.872,26.505,9.316,-9.993
45.893,26.594,9.316,-9.993
45.912,26.653,9.316,-9.993
45.932,26.742,9.316,-9.993
45.952,26.801,9.316,-9.993
45.972,26.890,9.317,-9.993
45.992,26.949,9.317,-9.994
46.012,27.037,9.317,-9.994
46.032,27.097,9.318,-9.994
46.052,27.185,9.318,-9.994
46.072,27.245,9.318,-9.994
46.092,27.333,9.319,-9.994
46.112,27.393,9.319,-9.994
46.132,27.481,9.320,-9.994
46.152,27.541,9.320,-9.994
46.172,27.629,9.321,-9.994
46.192,27.689,9.321,-9.994
46.212,27.777,9.322,-9.994
46.232,27.837,9.322,-9.994
46.252,27.925,9.322,-9.993
46.272,27.984,9.322,-9.993
46.292,28.073,9.323,-9.993
46.312,28.132,9.323,-9.993
46.332,28.221,9.323,-9.993
46.352,28.280,9.324,-9.993
46.372,28.368,9.324,-9.993
46.392,28.427,9.324,-9.993
46.412,28.515,9.324,-9.993
46.432,28.574,9.325,-9.992
46.452,28.663,9.325,-9.992
46.472,28.722,9.325,-9.992
46.492,28.810,9.325,-9.992
46.512,28.869,9.326,-9.992
46.532,28.958,9.326,-9.991
46.552,29.016,9.326,-9.991
46.573,29.105,9.327,-9.991
46.592,29.164,9.327,-9.991
46.612,29.252,9.328,-9.991
46.632,29.311,9.328,-9.990
46.652,29.399,9.328,-9.990
46.672,29.458,9.329,-9.990
46.692,29.547,9.329,-9.989
46.712,29.606,9.330,-9.989
46.732,29.694,9.330,-9.989
46.753,29.753,9.331,-9.989
46.772,29.842,9.332,-9.988
46.792,29.901,9.332,-9.988
46.812,29.989,9.333,-9.988
46.834,30.048,9.334,-9.988
46.852,30.137,9.335,-9.987
46.872,30.196,9.335,-9.987
46.892,30.284,9.336,-9.987
46.912,30.343,9.337,-9.987
46.932,30.431,9.338,-9.986
46.952,30.490,9.339,-9.986
46.972,30.578,9.340,-9.986
46.992,30.637,9.341,-9.985
47.012,30.725,9.342,-9.985
47.032,30.784,9.343,-9.985
47.052,30.872,9.344,-9.985
47.072,30.931,9.345,-9.985
47.092,31.019,9.346,-9.985
47.112,31.077,9.347,-9.985
47.132,31.165,9.348,-9.984
47.152,31.223,9.349,-9.984
47.172,31.311,9.351,-9.984
47.192,31.369,9.352,-9.984
47.212,31.456,9.353,-9.984
47.232,31.515,9.354,-9.984
47.252,31.602,9.356,-9.984
47.272,31.660,9.357,-9.984
47.292,31.748,9.358,-9.984
47.312,31.806,9.359,-9.984
47.332,31.893,9.361,-9.984
47.352,31.951,9.362,-9.984
47.372,32.039,9.363,-9.984
47.392,32.097,9.364,-9.984
47.412,32.184,9.366,-9.984
47.432,32.243,9.367,-9.984
47.452,32.330,9.368,-9.985
47.472,32.389,9.369,-9.985
47.492,32.476,9.371,-9.985
47.512,32.534,9.372,-9.985
47.532,32.622,9.373,-9.985
47.552,32.680,9.374,-9.985
47.572,32.768,9.376,-9.985
47.592,32.826,9.377,-9.985
47.612,32.914,9.378,-9.986
47.632,32.972,9.379,-9.986
47.652,33.060,9.381,-9.986
47.672,33.118,9.382,-9.986
47.692,33.205,9.383,-9.986
47.712,33.263,9.384,-9.986
47.732,33.349,9.386,-9.986
47.752,33.407,9.387,-9.986
47.772,33.493,9.388,-9.987
47.792,33.550,9.389,-9.987
47.812,33.635,9.390,-9.987
47.832,33.691,9.391,-9.987
47.852,33.775,9.392,-9.988
47.872,33.831,9.393,-9.988
47.892,33.913,9.395,-9.989
47.912,33.968,9.395,-9.989
47.932,34.049,9.397,-9.990
47.954,34.103,9.397,-9.990
47.972,34.182,9.399,-9.991
47.992,34.234,9.399,-9.992
48.012,34.312,9.401,-9.993
48.033,34.363,9.401,-9.993
48.052,34.439,9.402,-9.994
48.072,34.488,9.403,-9.995
48.092,34.562,9.404,-9.996
48.112,34.610,9.405,-9.997
48.132,34.681,9.406,-9.998
48.152,34.728,9.406,-9.998
48.173,34.797,9.407,-9.999
48.192,34.842,9.407,-10.000
48.212,34.908,9.408,-10.001
48.234,34.951,9.408,-10.002
48.252,35.015,9.409,-10.003
48.272,35.056,9.409,-10.005
48.292,35.116,9.409,-10.008
48.312,35.155,9.410,-10.010
48.332,35.212,9.410,-10.014
48.352,35.248,9.410,-10.016
48.372,35.301,9.411,-10.019
48.392,35.335,9.411,-10.021
48.412,35.384,9.413,-10.024
48.432,35.415,9.414,-10.025
48.452,35.459,9.417,-10.027
48.472,35.487,9.420,-10.028
48.492,35.527,9.425,-10.028
48.512,35.551,9.429,-10.028
48.532,35.585,9.436,-10.027
48.552,35.607,9.443,-10.026
48.572,35.636,9.454,-10.024
48.592,35.654,9.462,-10.022
48.612,35.678,9.477,-10.018
48.632,35.693,9.489,-10.015
48.652,35.713,9.508,-10.010
48.672,35.726,9.523,-10.006
48.692,35.742,9.547,-9.999
48.712,35.752,9.565,-9.994
48.732,35.765,9.595,-9.987
48.753,35.772,9.617,-9.981
48.772,35.783,9.652,-9.972
48.792,35.789,9.677,-9.966
48.812,35.796,9.718,-9.957
48.832,35.801,9.747,-9.950
48.852,35.807,9.794,-9.940
48.874,35.810,9.827,-9.933
48.892,35.815,9.878,-9.922
48.912,35.818,9.914,-9.915
48.933,35.821,9.971,-9.905
48.952,35.824,10.010,-9.898
48.972,35.827,10.070,-9.887
48.992,35.829,10.112,-9.881
49.012,35.832,10.177,-9.871
49.032,35.834,10.222,-9.865
49.052,35.837,10.290,-9.856
49.072,35.839,10.337,-9.851
49.092,35.842,10.408,-9.844
49.112,35.844,10.457,-9.840
49.132,35.847,10.531,-9.835
49.153,35.849,10.581,-9.833
49.172,35.852,10.657,-9.830
49.194,35.854,10.709,-9.829
49.212,35.858,10.786,-9.829
49.232,35.860,10.838,-9.830
49.252,35.864,10.916,-9.832
49.273,35.866,10.969,-9.835
49.292,35.870,11.047,-9.839
49.312,35.873,11.099,-9.843
49.332,35.878,11.177,-9.848
49.352,35.881,11.229,-9.853
49.372,35.885,11.306,-9.860
49.392,35.888,11.356,-9.865
49.412,35.893,11.432,-9.872
49.432,35.897,11.482,-9.877
49.452,35.901,11.556,-9.885
49.473,35.905,11.604,-9.891
49.492,35.910,11.676,-9.899
49.512,35.913,11.723,-9.905
49.534,35.919,11.792,-9.913
49.552,35.922,11.837,-9.919
49.572,35.928,11.904,-9.928
49.592,35.931,11.947,-9.934
49.612,35.937,12.010,-9.942
49.632,35.940,12.051,-9.948
49.652,35.946,12.112,-9.957
49.673,35.949,12.151,-9.963
49.692,35.954,12.207,-9.972
49.712,35.958,12.244,-9.978
49.732,35.962,12.298,-9.988
49.752,35.965,12.332,-9.994
49.772,35.968,12.382,-10.003
49.792,35.970,12.414,-10.009
49.812,35.971,12.460,-10.018
49.832,35.971,12.490,-10.023
49.853,35.970,12.533,-10.031
49.872,35.968,12.560,-10.036
49.892,35.963,12.599,-10.043
49.912,35.958,12.625,-10.047
49.933,35.949,12.661,-10.052
49.952,35.941,12.684,-10.054
49.972,35.928,12.717,-10.058
49.992,35.918,12.738,-10.059
50.012,35.900,12.768,-10.061
50.032,35.886,12.787,-10.061
50.052,35.863,12.814,-10.060
50.072,35.846,12.831,-10.059
50.092,35.818,12.855,-10.057
50.112,35.798,12.870,-10.055
50.132,35.764,12.891,-10.051
50.152,35.741,12.904,-10.048
50.172,35.702,12.922,-10.042
50.192,35.675,12.933,-10.038
50.212,35.632,12.948,-10.032
50.232,35.601,12.957,-10.028
50.252,35.552,12.969,-10.022
50.273,35.518,12.977,-10.018
50.292,35.464,12.986,-10.012
50.312,35.426,12.991,-10.008
50.332,35.367,12.997,-10.004
50.352,35.326,13.000,-10.001
50.372,35.262,13.003,-9.998
50.392,35.218,13.005,-9.996
50.412,35.149,13.006,-9.993
50.432,35.102,13.006,-9.992
50.452,35.030,13.005,-9.991
50.472,34.981,13.005,-9.990
50.492,34.905,13.002,-9.989
50.512,34.854,13.001,-9.989
50.535,34.776,12.998,-9.989
50.552,34.723,12.995,-9.989
50.572,34.643,12.992,-9.989
50.593,34.588,12.989,-9.990
50.612,34.506,12.985,-9.990
50.632,34.450,12.983,-9.991
50.654,34.366,12.979,-9.993
50.672,34.309,12.976,-9.994
50.692,34.224,12.972,-9.995
50.712,34.167,12.970,-9.997
50.733,34.080,12.966,-9.999
50.752,34.023,12.964,-10.000
50.772,33.935,12.961,-10.003
50.792,33.877,12.959,-10.004
50.812,33.790,12.956,-10.007
50.832,33.731,12.955,-10.008
50.853,33.643,12.953,-10.011
50.872,33.585,12.952,-10.013
50.892,33.497,12.950,-10.015
50.912,33.438,12.950,-10.017
50.932,33.350,12.949,-10.020
50.952,33.291,12.948,-10.022
50.972,33.203,12.948,-10.024
50.992,33.144,12.948,-10.026
51.012,33.056,12.949,-10.028
51.032,32.997,12.949,-10.030
51.052,32.910,12.950,-10.032
51.072,32.851,12.951,-10.034
51.092,32.763,12.952,-10.036
51.112,32.705,12.953,-10.037
51.133,32.618,12.955,-10.039
51.152,32.559,12.956,-10.040
51.172,32.472,12.959,-10.042
51.192,32.414,12.960,-10.043
51.212,32.327,12.963,-10.045
51.232,32.269,12.964,-10.046
51.252,32.182,12.967,-10.047
51.272,32.124,12.969,-10.048
51.292,32.037,12.972,-10.049
51.312,31.979,12.974,-10.050
51.332,31.892,12.978,-10.051
51.352,31.835,12.980,-10.051
51.372,31.748,12.983,-10.052
51.393,31.691,12.986,-10.052
51.412,31.604,12.989,-10.053
51.432,31.547,12.992,-10.053
51.453,31.461,12.996,-10.054
51.472,31.403,12.998,-10.054
51.492,31.317,13.002,-10.054
51.512,31.260,13.004,-10.054
51.532,31.174,13.008,-10.054
51.552,31.117,13.010,-10.055
51.572,31.031,13.014,-10.055
51.592,30.973,13.016,-10.055
51.612,30.887,13.020,-10.055
51.632,30.830,13.022,-10.055
51.652,30.744,13.026,-10.055
51.672,30.687,13.028,-10.055
51.692,30.601,13.032,-10.055
51.712,30.543,13.034,-10.055
51.733,30.457,13.037,-10.054
51.752,30.400,13.039,-10.054
51.772,30.314,13.042,-10.054
51.792,30.256,13.044,-10.054
51.812,30.170,13.048,-10.053
51.833,30.113,13.049,-10.053
51.852,30.026,13.052,-10.053
51.873,29.969,13.054,-10.052
51.892,29.882,13.057,-10.052
51.912,29.824,13.059,-10.052
51.932,29.737,13.062,-10.051
51.952,29.679,13.064,-10.051
51.972,29.593,13.067,-10.050
51.992,29.534,13.068,-10.050
52.012,29.447,13.071,-10.049
52.032,29.389,13.073,-10.049
52.052,29.302,13.075,-10.048
52.072,29.243,13.077,-10.048
52.092,29.156,13.079,-10.047
52.112,29.097,13.081,-10.047
52.132,29.010,13.083,-10.046
52.152,28.951,13.084,-10.045
52.172,28.863,13.087,-10.045
52.192,28.804,13.088,-10.044
52.212,28.716,13.090,-10.044
52.233,28.658,13.091,-10.043
52.252,28.569,13.094,-10.042
52.272,28.510,13.095,-10.042
52.292,28.422,13.097,-10.041
52.312,28.363,13.098,-10.040
52.332,28.274,13.100,-10.039
52.352,28.215,13.102,-10.039
52.373,28.127,13.104,-10.038
52.393,28.067,13.105,-10.037
52.412,27.979,13.107,-10.036
52.432,27.919,13.109,-10.036
52.452,27.831,13.111,-10.035
52.472,27.771,13.112,-10.034
52.492,27.682,13.114,-10.033
52.512,27.623,13.116,-10.033
52.532,27.534,13.118,-10.032
52.552,27.474,13.119,-10.031
52.572,27.385,13.122,-10.030
52.592,27.325,13.123,-10.030
52.612,27.236,13.126,-10.029
52.632,27.176,13.127,-10.028
52.652,27.087,13.129,-10.027
52.672,27.027,13.131,-10.027
52.692,26.938,13.133,-10.026
52.712,26.878,13.135,-10.026
52.732,26.789,13.137,-10.025
52.752,26.729,13.138,-10.024
52.772,26.640,13.141,-10.024
52.792,26.580,13.142,-10.023
52.812,26.490,13.144,-10.023
52.832,26.431,13.146,-10.022
52.852,26.341,13.148,-10.022
52.872,26.281,13.149,-10.021
52.892,26.192,13.151,-10.021
52.912,26.132,13.153,-10.020
52.932,26.042,13.155,-10.020
52.952,25.982,13.156,-10.019
52.972,25.893,13.158,-10.019
52.992,25.833,13.160,-10.018
53.012,25.743,13.162,-10.018
53.032,25.683,13.163,-10.018
53.052,25.593,13.165,-10.017
53.072,25.533,13.166,-10.017
53.092,25.443,13.168,-10.017
53.113,25.383,13.169,-10.016
53.132,25.293,13.171,-10.016
53.153,25.233,13.172,-10.016
53.172,25.143,13.174,-10.015
53.192,25.083,13.175,-10.015
53.212,24.993,13.177,-10.015
53.232,24.933,13.178,-10.015
53.252,24.843,13.180,-10.014
53.272,24.782,13.181,-10.014
53.294,24.692,13.183,-10.014
53.312,24.632,13.184,-10.014
53.332,24.541,13.186,-10.013
53.352,24.481,13.187,-10.013
53.372,24.421,13.188,-10.013
53.392,24.330,13.190,-10.013
53.412,24.240,13.192,-10.013
53.432,24.179,13.193,-10.012
53.452,24.089,13.195,-10.012
53.473,24.028,13.196,-10.012
53.492,23.937,13.198,-10.012
53.512,23.877,13.199,-10.011
53.532,23.786,13.201,-10.011
53.552,23.726,13.202,-10.011
53.572,23.635,13.204,-10.011
53.592,23.575,13.205,-10.011
53.612,23.484,13.206,-10.011
53.632,23.423,13.208,-10.011
53.652,23.332,13.209,-10.011
53.672,23.272,13.210,-10.011
53.692,23.181,13.212,-10.011
53.712,23.120,13.212,-10.012
53.732,23.029,13.214,-10.012
53.752,22.969,13.215,-10.012
53.772,22.878,13.216,-10.012
53.792,22.817,13.217,-10.012
53.812,22.726,13.219,-10.012
53.832,22.666,13.220,-10.012
53.852,22.574,13.221,-10.013
53.872,22.514,13.222,-10.013
53.893,22.423,13.223,-10.013
53.912,22.362,13.224,-10.013
53.932,22.271,13.226,-10.013
53.952,22.210,13.227,-10.014
53.972,22.119,13.228,-10.014
53.992,22.058,13.229,-10.014
54.012,21.967,13.230,-10.014
54.032,21.906,13.231,-10.014
54.052,21.814,13.232,-10.015
54.072,21.754,13.233,-10.015
54.092,21.662,13.234,-10.015
54.112,21.601,13.235,-10.015
54.132,21.510,13.236,-10.015
54.152,21.449,13.236,-10.016
54.172,21.358,13.237,-10.016
54.192,21.297,13.238,-10.016
54.212,21.206,13.238,-10.016
54.233,21.145,13.239,-10.016
54.253,21.054,13.240,-10.017
54.272,20.993,13.240,-10.017
54.292,20.902,13.241,-10.017
54.312,20.841,13.242,-10.017
54.332,20.750,13.242,-10.017
54.352,20.689,13.243,-10.017
54.372,20.598,13.243,-10.017
54.393,20.537,13.244,-10.017
54.412,20.446,13.245,-10.017
54.432,20.385,13.245,-10.017
54.452,20.294,13.246,-10.017
54.472,20.233,13.246,-10.017
54.492,20.142,13.246,-10.017
54.512,20.081,13.247,-10.017
54.532,19.990,13.247,-10.018
54.552,19.929,13.247,-10.018
54.572,19.838,13.248,-10.018
54.592,19.777,13.248,-10.018
54.612,19.686,13.248,-10.018
54.633,19.626,13.248,-10.018
54.652,19.534,13.248,-10.018
54.672,19.474,13.248,-10.018
54.692,19.383,13.248,-10.018
54.712,19.322,13.248,-10.018
54.732,19.231,13.248,-10.018
54.752,19.170,13.248,-10.018
54.772,19.079,13.248,-10.018
54.792,19.019,13.247,-10.018
54.812,18.928,13.247,-10.017
54.832,18.868,13.247,-10.017
54.852,18.777,13.247,-10.017
54.873,18.716,13.247,-10.017
54.892,18.625,13.247,-10.017
54.912,18.565,13.247,-10.017
54.932,18.474,13.247,-10.017
54.952,18.414,13.247,-10.017
54.972,18.323,13.247,-10.017
54.992,18.262,13.247,-10.017
55.012,18.171,13.247,-10.017
55.032,18.111,13.247,-10.017
55.052,18.020,13.247,-10.017
55.072,17.960,13.247,-10.017
55.092,17.869,13.247,-10.017
55.112,17.808,13.247,-10.017
55.132,17.717,13.247,-10.017
55.152,17.657,13.247,-10.017
55.172,17.566,13.247,-10.017
55.192,17.506,13.248,-10.017
55.212,17.415,13.248,-10.018
55.232,17.355,13.248,-10.018
55.252,17.264,13.249,-10.018
55.272,17.203,13.249,-10.018
55.294,17.113,13.249,-10.018
55.312,17.052,13.250,-10.018
55.334,16.961,13.250,-10.018
55.352,16.901,13.250,-10.018
55.372,16.810,13.251,-10.018
55.392,16.750,13.251,-10.017
55.413,16.659,13.252,-10.017
55.432,16.598,13.253,-10.017
55.452,16.507,13.253,-10.017
55.472,16.447,13.254,-10.017
55.492,16.356,13.254,-10.016
55.512,16.295,13.255,-10.016
55.533,16.205,13.256,-10.016
55.552,16.144,13.256,-10.016
55.572,16.053,13.257,-10.015
55.592,15.993,13.257,-10.015
55.612,15.902,13.258,-10.015
55.632,15.841,13.258,-10.014
55.652,15.750,13.259,-10.014
55.672,15.689,13.259,-10.013
55.692,15.598,13.260,-10.013
55.712,15.537,13.260,-10.013
55.732,15.446,13.261,-10.012
55.752,15.386,13.261,-10.012
55.772,15.294,13.262,-10.011
55.792,15.234,13.262,-10.011
55.814,15.143,13.263,-10.010
55.832,15.082,13.263,-10.010
55.852,14.991,13.263,-10.010
55.872,14.930,13.264,-10.009
55.892,14.839,13.264,-10.009
55.912,14.778,13.264,-10.009
55.933,14.687,13.264,-10.009
55.952,14.626,13.265,-10.008
55.972,14.535,13.265,-10.008
55.992,14.474,13.265,-10.008
56.013,14.382,13.265,-10.008
56.032,14.321,13.265,-10.008
56.052,14.230,13.265,-10.007
56.072,14.169,13.265,-10.007
56.092,14.078,13.265,-10.007
56.112,14.017,13.265,-10.007
56.132,13.925,13.265,-10.006
56.152,13.865,13.265,-10.006
56.172,13.773,13.264,-10.006
56.192,13.713,13.264,-10.006
56.212,13.621,13.264,-10.006
56.232,13.561,13.263,-10.006
56.252,13.470,13.263,-10.006
56.272,13.409,13.262,-10.005
56.292,13.318,13.262,-10.005
56.312,13.257,13.261,-10.005
56.332,13.166,13.260,-10.005
56.352,13.105,13.260,-10.005
56.372,13.015,13.259,-10.005
56.392,12.954,13.258,-10.005
56.412,12.863,13.257,-10.005
56.432,12.803,13.257,-10.005
56.453,12.712,13.256,-10.005
56.472,12.651,13.255,-10.005
56.492,12.561,13.254,-10.005
56.512,12.500,13.253,-10.005
56.532,12.410,13.252,-10.005
56.552,12.350,13.252,-10.005
56.572,12.259,13.250,-10.005
56.592,12.199,13.250,-10.005
56.612,12.108,13.248,-10.005
56.632,12.048,13.248,-10.005
56.652,11.958,13.246,-10.005
56.672,11.898,13.246,-10.005
56.692,11.808,13.244,-10.005
56.712,11.748,13.243,-10.005
56.732,11.658,13.242,-10.005
56.752,11.598,13.241,-10.005
56.772,11.508,13.240,-10.005
56.792,11.448,13.239,-10.005
56.812,11.358,13.238,-10.005
56.832,11.298,13.237,-10.005
56.852,11.208,13.236,-10.005
56.872,11.148,13.235,-10.005
56.892,11.058,13.234,-10.005
56.912,10.998,13.233,-10.005
56.932,10.908,13.232,-10.005
56.952,10.848,13.231,-10.005
56.972,10.759,13.229,-10.004
56.995,10.699,13.228,-10.004
57.012,10.609,13.227,-10.004
57.032,10.549,13.226,-10.004
57.052,10.459,13.225,-10.004
57.072,10.400,13.224,-10.004
57.092,10.310,13.223,-10.004
57.112,10.250,13.222,-10.004
57.132,10.161,13.221,-10.003
57.152,10.101,13.220,-10.003
57.172,10.012,13.218,-10.003
57.192,9.952,13.218,-10.003
57.212,9.862,13.216,-10.003
57.232,9.803,13.215,-10.003
57.252,9.713,13.214,-10.003
57.272,9.654,13.213,-10.002
57.292,9.564,13.212,-10.002
57.312,9.505,13.212,-10.002
57.334,9.415,13.210,-10.001
57.352,9.356,13.210,-10.001
57.372,9.266,13.209,-10.001
57.392,9.207,13.208,-10.000
57.412,9.117,13.207,-10.000
57.432,9.058,13.207,-9.999
57.452,8.968,13.206,-9.999
57.472,8.909,13.205,-9.999
57.492,8.819,13.204,-9.998
57.512,8.760,13.204,-9.998
57.532,8.671,13.203,-9.997
57.552,8.611,13.202,-9.997
57.572,8.522,13.201,-9.996
57.592,8.462,13.201,-9.996
57.612,8.373,13.200,-9.996
57.632,8.313,13.199,-9.995
57.655,8.224,13.198,-9.995
57.672,8.165,13.198,-9.995
57.692,8.076,13.197,-9.994
57.712,8.016,13.196,-9.994
57.732,7.927,13.196,-9.994
57.752,7.867,13.195,-9.993
57.772,7.778,13.195,-9.993
57.792,7.719,13.194,-9.993
57.812,7.630,13.194,-9.993
57.832,7.570,13.193,-9.992
57.855,7.481,13.193,-9.992
57.872,7.422,13.192,-9.992
57.892,7.333,13.192,-9.992
57.912,7.273,13.192,-9.992
57.932,7.184,13.191,-9.992
57.952,7.125,13.191,-9.992
57.972,7.036,13.191,-9.992
57.992,6.977,13.191,-9.992
58.012,6.888,13.190,-9.992
58.032,6.829,13.190,-9.992
58.054,6.740,13.190,-9.992
58.072,6.681,13.190,-9.992
58.092,6.592,13.190,-9.992
58.112,6.533,13.189,-9.992
58.132,6.444,13.189,-9.992
58.152,6.385,13.189,-9.992
58.172,6.296,13.189,-9.992
58.192,6.237,13.189,-9.992
58.212,6.149,13.189,-9.993
58.232,6.089,13.188,-9.993
58.252,6.001,13.188,-9.993
58.272,5.942,13.188,-9.993
58.292,5.853,13.188,-9.993
58.312,5.794,13.188,-9.993
58.332,5.705,13.188,-9.993
58.352,5.645,13.188,-9.993
58.372,5.556,13.187,-9.993
58.394,5.497,13.187,-9.993
58.412,5.408,13.187,-9.993
58.432,5.348,13.187,-9.993
58.452,5.259,13.187,-9.994
58.472,5.200,13.186,-9.994
58.492,5.110,13.186,-9.994
58.512,5.051,13.186,-9.994
58.532,4.961,13.186,-9.994
58.552,4.902,13.185,-9.994
58.572,4.812,13.185,-9.994
58.592,4.753,13.185,-9.994
58.612,4.663,13.184,-9.994
58.632,4.603,13.184,-9.994
58.652,4.514,13.184,-9.994
58.672,4.454,13.183,-9.994
58.692,4.365,13.183,-9.994
58.712,4.305,13.182,-9.994
58.732,4.216,13.182,-9.994
58.752,4.156,13.181,-9.993
58.772,4.067,13.181,-9.993
58.792,4.007,13.180,-9.993
58.812,3.917,13.180,-9.993
58.833,3.858,13.179,-9.993
58.854,3.768,13.179,-9.992
58.872,3.709,13.178,-9.992
58.892,3.619,13.178,-9.992
58.912,3.559,13.177,-9.992
58.932,3.470,13.177,-9.991
58.952,3.410,13.176,-9.991
58.974,3.320,13.176,-9.991
58.992,3.261,13.175,-9.991
59.012,3.171,13.174,-9.990
59.032,3.111,13.174,-9.990
59.052,3.022,13.173,-9.990
59.072,2.962,13.172,-9.990
59.092,2.873,13.172,-9.989
59.112,2.814,13.171,-9.989
59.132,2.724,13.170,-9.989
59.152,2.665,13.169,-9.989
59.174,2.576,13.168,-9.989
59.192,2.516,13.168,-9.989
59.212,2.427,13.167,-9.989
59.233,2.368,13.166,-9.989
59.252,2.279,13.165,-9.989
59.272,2.220,13.164,-9.989
59.292,2.131,13.163,-9.989
59.312,2.072,13.162,-9.989
59.332,1.983,13.161,-9.989
59.352,1.924,13.160,-9.989
59.372,1.836,13.158,-9.989
59.393,1.777,13.157,-9.989
59.412,1.688,13.156,-9.990
59.432,1.629,13.155,-9.990
59.452,1.540,13.154,-9.990
59.472,1.481,13.153,-9.990
59.492,1.393,13.151,-9.990
59.512,1.334,13.150,-9.990
59.532,1.245,13.148,-9.990
59.552,1.186,13.147,-9.990
59.572,1.098,13.146,-9.991
59.592,1.039,13.144,-9.991
59.612,0.950,13.143,-9.991
59.632,0.891,13.141,-9.991
59.652,0.802,13.140,-9.991
59.672,0.743,13.138,-9.991
59.692,0.655,13.137,-9.991
59.712,0.595,13.136,-9.991
59.733,0.507,13.134,-9.991
59.752,0.447,13.133,-9.991
59.774,0.359,13.131,-9.991
59.792,0.300,13.130,-9.991
59.812,0.211,13.128,-9.991
59.832,0.152,13.127,-9.991
59.852,0.063,13.126,-9.991
59.872,0.004,13.125,-9.991
59.892,-0.085,13.123,-9.991
59.914,-0.144,13.123,-9.991
59.932,-0.232,13.121,-9.991
59.954,-0.291,13.120,-9.991
59.972,-0.380,13.119,-9.991
59.992,-0.439,13.118,-9.991
60.012,-0.527,13.117,-9.991
60.032,-0.586,13.116,-9.991
60.052,-0.675,13.115,-9.991
60.072,-0.734,13.114,-9.991
60.092,-0.822,13.113,-9.991
60.112,-0.881,13.112,-9.992
60.132,-0.969,13.111,-9.992
60.152,-1.028,13.110,-9.992
60.172,-1.116,13.109,-9.992
60.192,-1.175,13.108,-9.992
60.212,-1.264,13.107,-9.992
60.232,-1.323,13.106,-9.993
60.252,-1.411,13.105,-9.993
60.272,-1.470,13.104,-9.993
60.292,-1.558,13.103,-9.993
60.312,-1.617,13.102,-9.994
60.332,-1.705,13.101,-9.994
60.352,-1.764,13.101,-9.994
60.372,-1.852,13.100,-9.994
60.392,-1.911,13.099,-9.995
60.412,-1.999,13.099,-9.995
60.433,-2.057,13.098,-9.995
60.452,-2.145,13.097,-9.995
60.472,-2.204,13.097,-9.996
60.492,-2.292,13.096,-9.996
60.512,-2.350,13.096,-9.996
60.532,-2.438,13.096,-9.997
60.552,-2.497,13.095,-9.997
60.572,-2.584,13.095,-9.997
60.592,-2.643,13.095,-9.997
60.612,-2.731,13.095,-9.998
60.633,-2.789,13.095,-9.998
60.652,-2.877,13.095,-9.998
60.672,-2.935,13.095,-9.998
60.692,-3.023,13.095,-9.999
60.712,-3.081,13.095,-9.999
60.732,-3.168,13.095,-9.999
60.754,-3.226,13.095,-9.999
60.772,-3.313,13.095,-10.000
60.792,-3.371,13.095,-10.000
60.812,-3.457,13.095,-10.001
60.832,-3.514,13.095,-10.001
60.852,-3.600,13.095,-10.001
60.872,-3.657,13.096,-10.002
60.892,-3.741,13.096,-10.002
60.912,-3.797,13.096,-10.003
60.932,-3.881,13.096,-10.003
60.952,-3.936,13.096,-10.004
60.972,-4.018,13.096,-10.004
60.992,-4.072,13.096,-10.005
61.012,-4.152,13.096,-10.006
61.033,-4.206,13.096,-10.006
61.052,-4.284,13.096,-10.007
61.072,-4.336,13.096,-10.007
61.092,-4.413,13.096,-10.008
61.112,-4.464,13.095,-10.008
61.132,-4.539,13.095,-10.009
61.153,-4.588,13.095,-10.009
61.172,-4.660,13.095,-10.009
61.192,-4.708,13.094,-10.010
61.212,-4.778,13.094,-10.010
61.232,-4.824,13.094,-10.011
61.252,-4.892,13.093,-10.011
61.272,-4.936,13.093,-10.012
61.292,-5.001,13.092,-10.012
61.312,-5.044,13.092,-10.012
61.332,-5.106,13.091,-10.013
61.352,-5.146,13.091,-10.014
61.372,-5.206,13.090,-10.016
61.392,-5.244,13.090,-10.018
61.412,-5.301,13.090,-10.020
61.432,-5.338,13.089,-10.022
61.452,-5.392,13.089,-10.025
61.472,-5.428,13.089,-10.028
61.492,-5.481,13.090,-10.031
61.512,-5.515,13.091,-10.033
61.532,-5.567,13.094,-10.037
61.553,-5.601,13.097,-10.039
61.572,-5.652,13.102,-10.042
61.592,-5.686,13.106,-10.044
61.612,-5.736,13.114,-10.046
61.632,-5.770,13.121,-10.047
61.652,-5.820,13.134,-10.049
61.672,-5.853,13.143,-10.049
61.692,-5.902,13.160,-10.050
61.712,-5.935,13.173,-10.049
61.732,-5.983,13.195,-10.048
61.752,-6.015,13.212,-10.047
61.772,-6.062,13.239,-10.044
61.792,-6.093,13.259,-10.042
61.812,-6.138,13.293,-10.037
61.832,-6.168,13.317,-10.034
61.852,-6.211,13.356,-10.028
61.872,-6.239,13.384,-10.023
61.892,-6.279,13.429,-10.016
61.912,-6.305,13.461,-10.011
61.932,-6.342,13.512,-10.002
61.952,-6.365,13.547,-9.995
61.972,-6.398,13.603,-9.985
61.992,-6.419,13.642,-9.978
62.012,-6.448,13.703,-9.967
62.032,-6.466,13.745,-9.960
62.052,-6.491,13.810,-9.949
62.072,-6.506,13.855,-9.941
62.092,-6.526,13.924,-9.929
62.112,-6.538,13.972,-9.922
62.132,-6.554,14.045,-9.911
62.152,-6.562,14.094,-9.904
62.172,-6.573,14.170,-9.894
62.192,-6.579,14.222,-9.888
62.212,-6.585,14.300,-9.880
62.232,-6.588,14.353,-9.875
62.252,-6.589,14.432,-9.869
62.273,-6.589,14.486,-9.865
62.292,-6.586,14.567,-9.862
62.312,-6.583,14.622,-9.860
62.332,-6.577,14.703,-9.859
62.352,-6.572,14.757,-9.859
62.372,-6.562,14.839,-9.860
62.392,-6.555,14.893,-9.861
62.412,-6.543,14.974,-9.864
62.432,-6.534,15.027,-9.866
62.452,-6.520,15.107,-9.870
62.472,-6.510,15.160,-9.874
62.492,-6.495,15.238,-9.879
62.512,-6.484,15.290,-9.883
62.533,-6.467,15.366,-9.889
62.552,-6.456,15.417,-9.893
62.572,-6.438,15.491,-9.900
62.592,-6.427,15.540,-9.904
62.612,-6.409,15.613,-9.912
62.633,-6.397,15.660,-9.917
62.652,-6.379,15.731,-9.925
62.672,-6.366,15.777,-9.930
62.692,-6.348,15.845,-9.939
62.712,-6.336,15.889,-9.944
62.732,-6.318,15.955,-9.953
62.753,-6.306,15.998,-9.959
62.772,-6.288,16.061,-9.967
62.792,-6.276,16.102,-9.973
62.812,-6.258,16.163,-9.982
62.832,-6.246,16.202,-9.987
62.852,-6.228,16.260,-9.996
62.872,-6.216,16.298,-10.001
62.892,-6.197,16.353,-10.009
62.912,-6.184,16.389,-10.014
62.932,-6.163,16.440,-10.021
62.952,-6.149,16.474,-10.026
62.972,-6.126,16.522,-10.033
62.992,-6.110,16.553,-10.037
63.012,-6.084,16.598,-10.043
63.032,-6.065,16.626,-10.046
63.052,-6.036,16.666,-10.051
63.072,-6.015,16.692,-10.054
63.092,-5.982,16.728,-10.057
63.112,-5.958,16.751,-10.059
63.132,-5.920,16.782,-10.062
63.153,-5.894,16.802,-10.063
63.172,-5.852,16.830,-10.065
63.192,-5.822,16.847,-10.066
63.212,-5.775,16.871,-10.068
63.232,-5.742,16.885,-10.068
63.252,-5.691,16.905,-10.069
63.272,-5.655,16.917,-10.069
63.292,-5.599,16.933,-10.070
63.312,-5.560,16.943,-10.070
63.332,-5.500,16.956,-10.069
63.352,-5.459,16.964,-10.069
63.372,-5.395,16.974,-10.068
63.393,-5.350,16.980,-10.067
63.415,-5.283,16.988,-10.065
63.432,-5.236,16.993,-10.064
63.452,-5.165,16.999,-10.063
63.472,-5.117,17.002,-10.061
63.492,-5.043,17.007,-10.059
63.512,-4.993,17.009,-10.058
63.532,-4.916,17.012,-10.055
63.552,-4.864,17.014,-10.054
63.572,-4.784,17.016,-10.051
63.592,-4.730,17.017,-10.050
63.612,-4.649,17.018,-10.047
63.632,-4.594,17.018,-10.046
63.652,-4.510,17.018,-10.043
63.672,-4.454,17.018,-10.042
63.692,-4.369,17.017,-10.039
63.712,-4.311,17.016,-10.038
63.732,-4.225,17.015,-10.036
63.752,-4.167,17.014,-10.034
63.772,-4.079,17.012,-10.033
63.792,-4.020,17.011,-10.031
63.812,-3.932,17.009,-10.030
63.832,-3.872,17.008,-10.029
63.852,-3.783,17.005,-10.027
63.872,-3.723,17.004,-10.027
63.892,-3.633,17.002,-10.026
63.912,-3.573,17.000,-10.025
63.933,-3.482,16.997,-10.024
63.952,-3.422,16.996,-10.023
63.972,-3.331,16.993,-10.023
63.992,-3.271,16.991,-10.022
64.012,-3.180,16.989,-10.022
64.032,-3.119,16.987,-10.022
64.052,-3.028,16.984,-10.021
64.072,-2.967,16.982,-10.021
64.092,-2.876,16.980,-10.021
64.112,-2.815,16.978,-10.021
64.132,-2.724,16.976,-10.021
64.152,-2.663,16.974,-10.021
64.172,-2.573,16.972,-10.022
64.192,-2.512,16.971,-10.022
64.212,-2.421,16.969,-10.022
64.232,-2.361,16.967,-10.022
64.252,-2.270,16.966,-10.023
64.272,-2.209,16.965,-10.023
64.292,-2.119,16.963,-10.023
64.312,-2.058,16.962,-10.024
64.332,-1.968,16.961,-10.024
64.352,-1.908,16.960,-10.024
64.372,-1.817,16.959,-10.025
64.393,-1.757,16.959,-10.025
64.412,-1.667,16.959,-10.026
64.432,-1.607,16.958,-10.026
64.452,-1.516,16.958,-10.026
64.472,-1.456,16.958,-10.027
64.492,-1.366,16.959,-10.027
64.512,-1.307,16.959,-10.027
64.532,-1.217,16.959,-10.028
64.552,-1.157,16.960,-10.028
64.572,-1.067,16.961,-10.028
64.592,-1.008,16.962,-10.028
64.612,-0.918,16.963,-10.029
64.632,-0.858,16.964,-10.029
64.652,-0.769,16.965,-10.029
64.672,-0.709,16.966,-10.029
64.692,-0.620,16.968,-10.029
64.712,-0.560,16.969,-10.029
64.732,-0.471,16.970,-10.029
64.752,-0.411,16.972,-10.029
64.772,-0.321,16.973,-10.029
64.793,-0.262,16.975,-10.029
64.812,-0.172,16.977,-10.029
64.832,-0.113,16.978,-10.028
64.852,-0.023,16.980,-10.028
64.872,0.036,16.981,-10.028
64.892,0.126,16.984,-10.028
64.913,0.185,16.985,-10.028
64.932,0.275,16.987,-10.028
64.952,0.334,16.989,-10.028
64.972,0.423,16.991,-10.028
64.992,0.483,16.992,-10.028
65.012,0.572,16.994,-10.028
65.032,0.632,16.996,-10.028
65.052,0.722,16.998,-10.028
65.072,0.781,16.999,-10.028
65.092,0.871,17.001,-10.028
65.112,0.931,17.002,-10.028
65.132,1.020,17.004,-10.028
65.152,1.080,17.005,-10.028
65.172,1.170,17.007,-10.028
65.192,1.230,17.008,-10.028
65.212,1.319,17.010,-10.028
65.232,1.379,17.011,-10.028
65.254,1.469,17.013,-10.028
65.272,1.529,17.014,-10.027
65.292,1.619,17.016,-10.027
65.312,1.679,17.017,-10.027
65.332,1.769,17.019,-10.027
65.352,1.829,17.020,-10.027
65.372,1.919,17.021,-10.027
65.393,1.979,17.022,-10.026
65.412,2.069,17.024,-10.026
65.432,2.129,17.024,-10.026
65.452,2.219,17.026,-10.026
65.472,2.279,17.027,-10.026
65.492,2.369,17.028,-10.026
65.513,2.429,17.029,-10.026
65.532,2.519,17.030,-10.025
65.552,2.579,17.031,-10.025
65.572,2.669,17.033,-10.025
65.592,2.729,17.033,-10.025
65.612,2.819,17.034,-10.024
65.632,2.879,17.035,-10.024
65.653,2.969,17.036,-10.024
65.672,3.029,17.036,-10.024
65.692,3.119,17.037,-10.024
65.712,3.179,17.038,-10.023
65.732,3.269,17.038,-10.023
65.752,3.329,17.038,-10.023
65.772,3.420,17.039,-10.022
65.792,3.480,17.039,-10.022
65.812,3.570,17.039,-10.021
65.833,3.631,17.039,-10.021
65.852,3.721,17.039,-10.021
65.872,3.781,17.038,-10.020
65.892,3.872,17.038,-10.020
65.913,3.933,17.038,-10.019
65.932,4.023,17.037,-10.019
65.952,4.084,17.037,-10.019
65.972,4.175,17.036,-10.018
65.993,4.235,17.036,-10.018
66.012,4.326,17.035,-10.017
66.032,4.387,17.034,-10.017
66.052,4.478,17.033,-10.016
66.072,4.538,17.033,-10.016
66.092,4.629,17.032,-10.016
66.112,4.690,17.031,-10.015
66.132,4.781,17.030,-10.015
66.152,4.842,17.030,-10.014
66.172,4.933,17.029,-10.014
66.192,4.993,17.028,-10.013
66.212,5.085,17.027,-10.013
66.233,5.145,17.026,-10.012
66.252,5.236,17.025,-10.012
66.272,5.297,17.025,-10.011
66.292,5.388,17.024,-10.010
66.312,5.449,17.023,-10.010
66.332,5.540,17.022,-10.009
66.353,5.601,17.021,-10.009
66.372,5.692,17.020,-10.008
66.392,5.753,17.019,-10.008
66.412,5.844,17.018,-10.007
66.432,5.905,17.018,-10.007
66.452,5.997,17.017,-10.006
66.472,6.057,17.016,-10.006
66.492,6.149,17.015,-10.005
66.512,6.210,17.014,-10.005
66.532,6.301,17.013,-10.005
66.552,6.362,17.012,-10.005
66.573,6.454,17.011,-10.004
66.592,6.515,17.011,-10.004
66.612,6.606,17.010,-10.004
66.632,6.667,17.009,-10.004
66.652,6.759,17.008,-10.004
66.672,6.820,17.008,-10.003
66.692,6.911,17.007,-10.003
66.712,6.973,17.006,-10.003
66.732,7.064,17.005,-10.003
66.752,7.125,17.005,-10.003
66.773,7.217,17.004,-10.002
66.792,7.278,17.003,-10.002
66.812,7.370,17.002,-10.002
66.832,7.431,17.002,-10.002
66.852,7.523,17.001,-10.002
66.872,7.585,17.001,-10.002
66.893,7.677,17.000,-10.002
66.912,7.738,17.000,-10.002
66.932,7.830,16.999,-10.002
66.952,7.891,16.998,-10.001
66.972,7.983,16.998,-10.001
66.992,8.045,16.997,-10.001
67.012,8.137,16.996,-10.001
67.032,8.198,16.996,-10.001
67.052,8.290,16.995,-10.001
67.072,8.352,16.995,-10.001
67.094,8.444,16.994,-10.001
67.112,8.505,16.993,-10.001
67.132,8.597,16.993,-10.000
67.152,8.658,16.992,-10.000
67.172,8.750,16.991,-10.000
67.192,8.812,16.991,-10.000
67.212,8.904,16.990,-10.000
67.232,8.965,16.989,-10.000
67.252,9.057,16.988,-10.000
67.272,9.119,16.988,-10.000
67.294,9.211,16.987,-10.000
67.312,9.272,16.986,-10.000
67.332,9.364,16.985,-10.000
67.352,9.425,16.984,-10.000
67.372,9.517,16.983,-10.000
67.392,9.579,16.983,-10.000
67.412,9.671,16.982,-10.001
67.432,9.732,16.981,-10.001
67.452,9.824,16.980,-10.001
67.472,9.885,16.979,-10.001
67.493,9.977,16.978,-10.001
67.512,10.038,16.978,-10.001
67.532,10.130,16.977,-10.001
67.552,10.191,16.976,-10.001
67.572,10.283,16.976,-10.001
67.592,10.345,16.975,-10.001
67.612,10.437,16.974,-10.001
67.633,10.498,16.974,-10.001
67.652,10.590,16.973,-10.001
67.672,10.651,16.972,-10.001
67.692,10.743,16.972,-10.001
67.712,10.805,16.971,-10.001
67.732,10.897,16.971,-10.001
67.752,10.958,16.970,-10.001
67.772,11.050,16.969,-10.001
67.792,11.111,16.969,-10.001
67.812,11.203,16.968,-10.001
67.834,11.264,16.968,-10.001
67.852,11.356,16.967,-10.001
67.872,11.418,16.966,-10.001
67.892,11.510,16.966,-10.001
67.912,11.571,16.965,-10.001
67.932,11.663,16.964,-10.001
67.952,11.725,16.964,-10.001
67.972,11.817,16.963,-10.001
67.992,11.878,16.963,-10.000
68.012,11.970,16.962,-10.000
68.032,12.031,16.961,-10.000
68.052,12.124,16.961,-10.000
68.072,12.185,16.960,-10.000
68.093,12.277,16.959,-10.000
68.112,12.339,16.959,-10.000
68.132,12.431,16.958,-9.999
68.152,12.492,16.957,-9.999
68.172,12.584,16.957,-9.999
68.192,12.646,16.956,-9.999
68.213,12.738,16.955,-9.999
68.232,12.799,16.955,-9.999
68.252,12.891,16.954,-9.998
68.272,12.953,16.953,-9.998
68.293,13.045,16.952,-9.998
68.312,13.106,16.952,-9.998
68.332,13.198,16.951,-9.998
68.354,13.259,16.950,-9.998
68.372,13.351,16.949,-9.997
68.392,13.413,16.948,-9.997
68.412,13.505,16.947,-9.997
68.432,13.566,16.946,-9.997
68.452,13.658,16.945,-9.996
68.472,13.719,16.944,-9.996
68.492,13.811,16.943,-9.996
68.512,13.872,16.942,-9.996
68.533,13.964,16.940,-9.995
68.552,14.025,16.939,-9.995
68.572,14.117,16.938,-9.995
68.592,14.178,16.937,-9.995
68.612,14.270,16.936,-9.995
68.632,14.331,16.935,-9.995
68.652,14.423,16.933,-9.995
68.672,14.484,16.932,-9.995
68.692,14.576,16.931,-9.995
68.712,14.637,16.930,-9.995
68.732,14.729,16.929,-9.995
68.752,14.790,16.928,-9.995
68.772,14.882,16.927,-9.995
68.792,14.943,16.926,-9.996
68.814,15.035,16.924,-9.996
68.832,15.096,16.924,-9.996
68.852,15.187,16.922,-9.996
68.874,15.248,16.921,-9.996
68.892,15.340,16.920,-9.996
68.912,15.401,16.919,-9.996
68.932,15.493,16.918,-9.996
68.953,15.554,16.917,-9.996
68.972,15.645,16.916,-9.997
68.992,15.706,16.916,-9.997
69.012,15.798,16.914,-9.997
69.032,15.858,16.914,-9.997
69.052,15.950,16.913,-9.997
69.072,16.010,16.912,-9.997
69.092,16.101,16.911,-9.997
69.112,16.162,16.911,-9.997
69.132,16.253,16.910,-9.997
69.153,16.314,16.909,-9.997
69.172,16.404,16.908,-9.997
69.192,16.465,16.908,-9.997
69.212,16.556,16.907,-9.997
69.232,16.616,16.907,-9.997
69.252,16.707,16.906,-9.997
69.272,16.767,16.906,-9.997
69.292,16.858,16.906,-9.997
69.312,16.919,16.905,-9.997
69.332,17.009,16.905,-9.997
69.352,17.070,16.904,-9.997
69.372,17.160,16.904,-9.997
69.392,17.221,16.904,-9.997
69.412,17.311,16.903,-9.997
69.432,17.372,16.903,-9.997
69.452,17.462,16.902,-9.997
69.474,17.523,16.902,-9.997
69.492,17.613,16.902,-9.997
69.512,17.674,16.901,-9.997
69.532,17.764,16.901,-9.997
69.552,17.825,16.900,-9.997
69.572,17.915,16.900,-9.997
69.592,17.976,16.899,-9.997
69.613,18.066,16.899,-9.997
69.632,18.127,16.898,-9.997
69.652,18.217,16.898,-9.997
69.672,18.277,16.897,-9.997
69.692,18.368,16.896,-9.997
69.712,18.428,16.896,-9.997
69.733,18.519,16.895,-9.997
69.752,18.579,16.894,-9.997
69.772,18.669,16.893,-9.997
69.792,18.730,16.893,-9.997
69.812,18.820,16.892,-9.997
69.832,18.880,16.891,-9.997
69.852,18.970,16.891,-9.997
69.872,19.031,16.890,-9.997
69.892,19.121,16.889,-9.998
69.912,19.181,16.889,-9.998
69.932,19.271,16.888,-9.998
69.952,19.331,16.888,-9.998
69.972,19.421,16.887,-9.998
69.992,19.481,16.887,-9.998
70.012,19.571,16.886,-9.998
70.032,19.632,16.885,-9.998
70.052,19.722,16.885,-9.998
70.072,19.782,16.884,-9.998
70.092,19.872,16.884,-9.998
70.112,19.932,16.883,-9.998
70.132,20.022,16.883,-9.998
70.152,20.082,16.882,-9.998
70.172,20.171,16.882,-9.998
70.192,20.231,16.881,-9.998
70.212,20.321,16.881,-9.998
70.232,20.381,16.880,-9.998
70.252,20.471,16.880,-9.998
70.272,20.531,16.879,-9.998
70.292,20.620,16.879,-9.998
70.312,20.680,16.878,-9.998
70.332,20.770,16.877,-9.998
70.352,20.829,16.877,-9.998
70.372,20.919,16.876,-9.997
70.392,20.979,16.876,-9.997
70.412,21.068,16.875,-9.997
70.432,21.128,16.875,-9.997
70.452,21.217,16.874,-9.997
70.472,21.277,16.873,-9.997
70.492,21.366,16.873,-9.998
70.512,21.426,16.872,-9.998
70.532,21.515,16.872,-9.998
70.552,21.575,16.871,-9.998
70.572,21.664,16.871,-9.999
70.593,21.724,16.870,-9.999
70.612,21.813,16.870,-9.999
70.632,21.873,16.869,-9.999
70.652,21.963,16.869,-10.000
70.672,22.022,16.869,-10.000
70.692,22.112,16.868,-10.000
70.712,22.172,16.868,-10.000
70.734,22.261,16.868,-10.001
70.752,22.321,16.868,-10.001
70.772,22.410,16.868,-10.001
70.793,22.470,16.867,-10.001
70.812,22.560,16.867,-10.001
70.832,22.620,16.867,-10.002
70.852,22.709,16.867,-10.002
70.872,22.769,16.867,-10.002
70.892,22.859,16.867,-10.002
70.912,22.919,16.867,-10.002
70.933,23.008,16.867,-10.002
70.952,23.068,16.867,-10.002
70.972,23.158,16.867,-10.002
70.994,23.218,16.867,-10.003
71.012,23.308,16.867,-10.003
71.032,23.368,16.867,-10.003
71.052,23.458,16.867,-10.003
71.072,23.518,16.867,-10.003
71.092,23.608,16.868,-10.003
71.112,23.668,16.868,-10.003
71.132,23.758,16.868,-10.003
71.152,23.818,16.868,-10.003
71.172,23.908,16.868,-10.003
71.192,23.968,16.868,-10.003
71.212,24.058,16.869,-10.003
71.232,24.118,16.869,-10.003
71.252,24.208,16.869,-10.003
71.272,24.268,16.869,-10.004
71.292,24.358,16.870,-10.004
71.312,24.418,16.870,-10.004
71.333,24.508,16.870,-10.004
71.352,24.568,16.870,-10.004
71.372,24.658,16.870,-10.004
71.392,24.718,16.870,-10.004
71.412,24.808,16.871,-10.003
71.432,24.867,16.871,-10.003
71.452,24.957,16.871,-10.003
71.472,25.017,16.871,-10.003
71.492,25.107,16.871,-10.003
71.512,25.167,16.871,-10.003
71.532,25.257,16.871,-10.002
71.552,25.317,16.871,-10.002
71.573,25.406,16.871,-10.001
71.592,25.466,16.871,-10.001
71.612,25.556,16.871,-10.001
71.632,25.616,16.871,-10.001
71.652,25.705,16.871,-10.000
71.672,25.765,16.871,-10.000
71.692,25.854,16.871,-9.999
71.712,25.914,16.871,-9.999
71.732,26.004,16.871,-9.999
71.752,26.063,16.871,-9.998
71.772,26.152,16.871,-9.998
71.792,26.212,16.871,-9.998
71.812,26.301,16.871,-9.997
71.832,26.361,16.871,-9.997
71.852,26.450,16.871,-9.997
71.872,26.510,16.871,-9.996
71.892,26.599,16.871,-9.996
71.912,26.658,16.871,-9.996
71.932,26.747,16.871,-9.996
71.952,26.807,16.870,-9.995
71.972,26.895,16.870,-9.995
71.992,26.955,16.870,-9.995
72.012,27.043,16.870,-9.995
72.032,27.103,16.869,-9.995
72.052,27.191,16.869,-9.994
72.072,27.250,16.869,-9.994
72.092,27.339,16.869,-9.994
72.112,27.398,16.869,-9.994
72.132,27.486,16.869,-9.994
72.152,27.545,16.869,-9.994
72.172,27.634,16.868,-9.994
72.192,27.693,16.868,-9.994
72.212,27.781,16.868,-9.994
72.232,27.841,16.868,-9.994
72.253,27.929,16.868,-9.994
72.273,27.988,16.868,-9.994
72.292,28.077,16.868,-9.995
72.312,28.136,16.868,-9.995
72.332,28.224,16.868,-9.995
72.352,28.284,16.868,-9.995
72.373,28.372,16.868,-9.996
72.392,28.431,16.868,-9.996
72.412,28.520,16.868,-9.996
72.432,28.579,16.868,-9.997
72.452,28.668,16.868,-9.997
72.472,28.727,16.869,-9.997
72.492,28.815,16.869,-9.998
72.512,28.874,16.869,-9.998
72.532,28.963,16.869,-9.999
72.552,29.021,16.870,-9.999
72.572,29.110,16.870,-9.999
72.592,29.169,16.870,-10.000
72.612,29.257,16.871,-10.000
72.632,29.316,16.871,-10.000
72.652,29.404,16.872,-10.001
72.672,29.463,16.872,-10.001
72.692,29.551,16.873,-10.002
72.712,29.609,16.873,-10.002
72.733,29.697,16.873,-10.003
72.752,29.756,16.874,-10.003
72.773,29.844,16.874,-10.003
72.792,29.902,16.875,-10.004
72.812,29.990,16.875,-10.004
72.832,30.049,16.875,-10.004
72.852,30.137,16.876,-10.005
72.872,30.195,16.876,-10.005
72.892,30.283,16.877,-10.005
72.912,30.342,16.877,-10.005
72.932,30.429,16.878,-10.005
72.952,30.488,16.878,-10.006
72.972,30.576,16.879,-10.006
72.992,30.634,16.879,-10.006
73.012,30.722,16.880,-10.006
73.034,30.780,16.880,-10.006
73.052,30.868,16.881,-10.006
73.072,30.927,16.882,-10.007
73.092,31.014,16.883,-10.007
73.112,31.073,16.883,-10.007
73.132,31.161,16.884,-10.007
73.154,31.219,16.885,-10.007
73.172,31.307,16.886,-10.007
73.192,31.366,16.886,-10.007
73.212,31.454,16.887,-10.008
73.232,31.512,16.888,-10.008
73.252,31.600,16.888,-10.008
73.272,31.659,16.889,-10.008
73.292,31.747,16.890,-10.008
73.312,31.805,16.890,-10.008
73.332,31.893,16.891,-10.008
73.352,31.952,16.892,-10.008
73.372,32.040,16.893,-10.008
73.393,32.098,16.893,-10.008
73.412,32.186,16.894,-10.007
73.432,32.244,16.894,-10.007
73.452,32.332,16.895,-10.007
73.472,32.391,16.895,-10.007
73.492,32.478,16.896,-10.007
73.512,32.537,16.896,-10.007
73.532,32.624,16.897,-10.006
73.552,32.683,16.897,-10.006
73.572,32.770,16.898,-10.006
73.592,32.828,16.898,-10.006
73.613,32.916,16.898,-10.005
73.632,32.974,16.899,-10.005
73.652,33.061,16.899,-10.005
73.672,33.119,16.899,-10.005
73.692,33.206,16.899,-10.005
73.712,33.263,16.899,-10.004
73.732,33.350,16.899,-10.004
73.752,33.407,16.899,-10.004
73.772,33.493,16.899,-10.004
73.792,33.549,16.899,-10.004
73.812,33.634,16.899,-10.004
73.832,33.690,16.899,-10.003
73.852,33.774,16.899,-10.003
73.872,33.829,16.899,-10.003
73.892,33.912,16.899,-10.004
73.912,33.967,16.898,-10.004
73.932,34.048,16.898,-10.004
73.952,34.101,16.898,-10.004
73.972,34.181,16.897,-10.005
73.992,34.233,16.897,-10.005
74.012,34.311,16.896,-10.006
74.033,34.362,16.896,-10.006
74.052,34.438,16.895,-10.007
74.072,34.488,16.895,-10.007
74.093,34.561,16.894,-10.008
74.112,34.610,16.894,-10.008
74.132,34.681,16.893,-10.009
74.152,34.728,16.893,-10.010
74.172,34.797,16.892,-10.011
74.192,34.842,16.892,-10.011
74.212,34.908,16.891,-10.012
74.233,34.951,16.891,-10.013
74.252,35.015,16.890,-10.014
74.272,35.056,16.890,-10.016
74.292,35.117,16.889,-10.019
74.312,35.156,16.889,-10.022
74.332,35.213,16.888,-10.025
74.352,35.250,16.888,-10.028
74.372,35.304,16.888,-10.031
74.392,35.338,16.888,-10.034
74.412,35.387,16.888,-10.037
74.432,35.418,16.889,-10.038
74.452,35.463,16.891,-10.040
74.472,35.491,16.893,-10.041
74.493,35.530,16.897,-10.042
74.512,35.555,16.900,-10.042
74.532,35.590,16.907,-10.042
74.552,35.611,16.912,-10.041
74.572,35.641,16.923,-10.039
74.592,35.659,16.931,-10.037
74.612,35.684,16.945,-10.034
74.632,35.700,16.956,-10.031
74.652,35.720,16.974,-10.026
74.672,35.733,16.989,-10.022
74.692,35.749,17.012,-10.015
74.712,35.759,17.030,-10.011
74.732,35.772,17.060,-10.003
74.752,35.780,17.081,-9.997
74.772,35.790,17.116,-9.988
74.792,35.796,17.141,-9.982
74.814,35.803,17.182,-9.972
74.832,35.808,17.210,-9.966
74.852,35.814,17.257,-9.955
74.872,35.817,17.289,-9.948
74.892,35.822,17.340,-9.937
74.912,35.824,17.377,-9.930
74.932,35.828,17.433,-9.919
74.952,35.830,17.473,-9.912
74.972,35.832,17.534,-9.901
74.992,35.834,17.577,-9.894
75.014,35.836,17.642,-9.884
75.032,35.838,17.688,-9.877
75.052,35.840,17.757,-9.868
75.072,35.842,17.805,-9.862
75.092,35.844,17.878,-9.855
75.112,35.845,17.927,-9.850
75.132,35.848,18.003,-9.845
75.152,35.849,18.054,-9.842
75.172,35.852,18.131,-9.839
75.192,35.853,18.184,-9.838
75.212,35.856,18.263,-9.837
75.232,35.858,18.316,-9.838
75.252,35.861,18.396,-9.840
75.273,35.863,18.450,-9.843
75.293,35.866,18.530,-9.847
75.312,35.868,18.584,-9.851
75.332,35.872,18.664,-9.857
75.352,35.874,18.717,-9.862
75.372,35.878,18.796,-9.869
75.393,35.880,18.849,-9.874
75.412,35.884,18.926,-9.882
75.432,35.887,18.978,-9.888
75.452,35.891,19.054,-9.897
75.472,35.893,19.103,-9.903
75.492,35.898,19.177,-9.912
75.512,35.900,19.225,-9.918
75.532,35.905,19.297,-9.927
75.553,35.908,19.343,-9.933
75.572,35.912,19.412,-9.943
75.592,35.915,19.457,-9.949
75.612,35.920,19.522,-9.959
75.632,35.923,19.565,-9.965
75.652,35.928,19.627,-9.974
75.672,35.931,19.668,-9.981
75.692,35.936,19.727,-9.990
75.712,35.939,19.765,-9.997
75.733,35.943,19.820,-10.006
75.752,35.945,19.856,-10.013
75.772,35.948,19.907,-10.022
75.792,35.950,19.940,-10.028
75.812,35.951,19.988,-10.037
75.832,35.950,20.018,-10.043
75.852,35.949,20.063,-10.051
75.872,35.946,20.091,-10.056
75.892,35.941,20.132,-10.062
75.912,35.937,20.158,-10.066
75.933,35.928,20.195,-10.071
75.952,35.920,20.219,-10.074
75.972,35.907,20.253,-10.077
75.992,35.896,20.275,-10.078
76.012,35.878,20.306,-10.079
76.032,35.864,20.325,-10.080
76.052,35.841,20.353,-10.079
76.072,35.823,20.370,-10.078
76.092,35.795,20.395,-10.075
76.112,35.775,20.410,-10.073
76.132,35.741,20.432,-10.069
76.152,35.717,20.445,-10.066
76.172,35.679,20.464,-10.060
76.192,35.652,20.475,-10.056
76.212,35.608,20.491,-10.049
76.232,35.577,20.500,-10.045
76.252,35.528,20.513,-10.038
76.274,35.493,20.520,-10.033
76.292,35.439,20.529,-10.027
76.312,35.401,20.534,-10.023
76.332,35.341,20.540,-10.018
76.352,35.300,20.544,-10.015
76.372,35.236,20.547,-10.011
76.394,35.191,20.549,-10.009
76.413,35.123,20.551,-10.006
76.432,35.076,20.551,-10.004
76.452,35.004,20.550,-10.002
76.473,34.955,20.550,-10.001
76.492,34.879,20.548,-9.999
76.512,34.828,20.546,-9.999
76.532,34.750,20.543,-9.998
76.552,34.697,20.541,-9.998
76.572,34.616,20.537,-9.998
76.592,34.562,20.535,-9.998
76.612,34.479,20.531,-9.998
76.632,34.424,20.528,-9.999
76.652,34.339,20.524,-10.000
76.672,34.283,20.521,-10.000
76.692,34.197,20.517,-10.002
76.712,34.140,20.515,-10.003
76.732,34.053,20.511,-10.004
76.752,33.995,20.509,-10.006
76.772,33.908,20.506,-10.008
76.792,33.849,20.504,-10.009
76.812,33.762,20.501,-10.011
76.832,33.703,20.500,-10.013
76.852,33.614,20.498,-10.015
76.872,33.555,20.497,-10.016
76.892,33.467,20.495,-10.019
76.912,33.408,20.495,-10.020
76.932,33.319,20.494,-10.022
76.952,33.260,20.494,-10.024
76.972,33.171,20.494,-10.026
76.992,33.112,20.494,-10.027
77.012,33.023,20.495,-10.029
77.032,32.964,20.495,-10.031
77.052,32.875,20.496,-10.032
77.072,32.816,20.497,-10.033
77.092,32.728,20.499,-10.035
77.112,32.669,20.500,-10.036
77.134,32.581,20.502,-10.037
77.152,32.522,20.504,-10.038
77.172,32.434,20.506,-10.039
77.192,32.375,20.508,-10.040
77.212,32.288,20.511,-10.041
77.232,32.229,20.512,-10.041
77.253,32.142,20.515,-10.042
77.272,32.083,20.517,-10.042
77.292,31.996,20.520,-10.042
77.312,31.938,20.522,-10.043
77.332,31.851,20.526,-10.043
77.352,31.793,20.528,-10.043
77.372,31.706,20.531,-10.043
77.392,31.648,20.533,-10.043
77.412,31.561,20.536,-10.043
77.432,31.503,20.538,-10.043
77.452,31.416,20.542,-10.043
77.472,31.358,20.544,-10.043
77.492,31.272,20.547,-10.043
77.512,31.214,20.549,-10.043
77.534,31.127,20.552,-10.043
77.552,31.070,20.554,-10.042
77.572,30.983,20.557,-10.042
77.593,30.926,20.558,-10.042
77.612,30.839,20.561,-10.042
77.632,30.782,20.563,-10.041
77.653,30.695,20.565,-10.041
77.672,30.637,20.567,-10.041
77.692,30.551,20.569,-10.041
77.712,30.493,20.571,-10.041
77.732,30.406,20.573,-10.041
77.752,30.349,20.574,-10.041
77.772,30.262,20.576,-10.040
77.792,30.204,20.577,-10.040
77.812,30.117,20.579,-10.040
77.832,30.059,20.580,-10.040
77.852,29.972,20.582,-10.040
77.872,29.914,20.583,-10.040
77.892,29.827,20.584,-10.040
77.912,29.769,20.585,-10.040
77.932,29.681,20.586,-10.040
77.952,29.623,20.587,-10.040
77.972,29.536,20.588,-10.040
77.992,29.477,20.589,-10.040
78.012,29.390,20.590,-10.039
78.032,29.331,20.591,-10.039
78.053,29.243,20.592,-10.039
78.072,29.185,20.593,-10.039
78.092,29.097,20.594,-10.039
78.112,29.038,20.595,-10.039
78.132,28.950,20.596,-10.038
78.152,28.891,20.597,-10.038
78.172,28.802,20.599,-10.038
78.192,28.743,20.599,-10.038
78.212,28.655,20.601,-10.038
78.232,28.596,20.602,-10.037
78.252,28.507,20.603,-10.037
78.272,28.448,20.604,-10.037
78.292,28.359,20.605,-10.037
78.313,28.299,20.606,-10.036
78.332,28.210,20.608,-10.036
78.352,28.151,20.609,-10.036
78.372,28.062,20.610,-10.035
78.393,28.003,20.611,-10.035
78.412,27.914,20.613,-10.034
78.432,27.855,20.614,-10.034
78.452,27.766,20.616,-10.034
78.472,27.706,20.617,-10.034
78.492,27.617,20.619,-10.033
78.512,27.558,20.620,-10.033
78.532,27.469,20.622,-10.033
78.552,27.410,20.623,-10.032
78.572,27.321,20.625,-10.032
78.592,27.261,20.626,-10.032
78.612,27.172,20.628,-10.031
78.632,27.113,20.630,-10.031
78.652,27.024,20.632,-10.031
78.672,26.965,20.633,-10.031
78.692,26.876,20.635,-10.030
78.714,26.816,20.637,-10.030
78.732,26.727,20.639,-10.030
78.752,26.668,20.640,-10.030
78.772,26.579,20.642,-10.030
78.792,26.519,20.644,-10.030
78.812,26.430,20.646,-10.030
78.832,26.370,20.647,-10.030
78.853,26.281,20.649,-10.030
78.872,26.222,20.651,-10.030
78.892,26.132,20.653,-10.030
78.913,26.073,20.655,-10.030
78.932,25.983,20.657,-10.029
78.952,25.924,20.658,-10.029
78.972,25.834,20.661,-10.029
78.992,25.775,20.662,-10.029
79.012,25.685,20.664,-10.029
79.032,25.625,20.666,-10.029
79.053,25.535,20.668,-10.029
79.072,25.476,20.670,-10.029
79.092,25.386,20.672,-10.029
79.112,25.326,20.673,-10.029
79.132,25.236,20.676,-10.029
79.152,25.176,20.677,-10.029
79.172,25.087,20.680,-10.030
79.192,25.027,20.681,-10.030
79.212,24.937,20.683,-10.030
79.232,24.877,20.685,-10.030
79.252,24.787,20.687,-10.030
79.272,24.727,20.688,-10.030
79.292,24.637,20.690,-10.030
79.313,24.577,20.692,-10.030
79.332,24.487,20.694,-10.031
79.352,24.427,20.695,-10.031
79.372,24.337,20.697,-10.031
79.393,24.277,20.698,-10.031
79.412,24.187,20.700,-10.031
79.433,24.127,20.701,-10.031
79.452,24.037,20.703,-10.031
79.472,23.977,20.705,-10.031
79.492,23.886,20.706,-10.031
79.512,23.826,20.708,-10.031
79.532,23.736,20.709,-10.031
79.552,23.676,20.710,-10.031
79.572,23.586,20.712,-10.030
79.592,23.525,20.713,-10.030
79.612,23.435,20.715,-10.030
79.632,23.375,20.716,-10.030
79.652,23.284,20.718,-10.029
79.672,23.224,20.719,-10.029
79.692,23.133,20.720,-10.029
79.712,23.072,20.721,-10.028
79.732,22.982,20.722,-10.028
79.752,22.921,20.723,-10.028
79.772,22.830,20.724,-10.027
79.792,22.770,20.725,-10.027
79.812,22.679,20.726,-10.027
79.832,22.618,20.727,-10.027
79.852,22.528,20.728,-10.027
79.872,22.467,20.729,-10.026
79.892,22.376,20.730,-10.026
79.912,22.315,20.730,-10.026
79.932,22.224,20.731,-10.026
79.952,22.163,20.732,-10.026
79.974,22.072,20.733,-10.026
79.992,22.011,20.733,-10.025
80.012,21.920,20.734,-10.025
80.032,21.859,20.735,-10.025
80.052,21.768,20.735,-10.025
80.072,21.707,20.736,-10.024
80.092,21.616,20.736,-10.024
80.112,21.555,20.737,-10.024
80.132,21.464,20.737,-10.023
80.152,21.403,20.738,-10.023
80.172,21.311,20.738,-10.023
80.192,21.250,20.738,-10.022
80.212,21.159,20.739,-10.022
80.232,21.097,20.739,-10.022
80.252,21.006,20.739,-10.021
80.272,20.944,20.739,-10.021
80.293,20.853,20.740,-10.021
80.312,20.791,20.740,-10.020
80.332,20.700,20.740,-10.020
80.352,20.638,20.741,-10.019
80.372,20.546,20.741,-10.019
80.392,20.485,20.741,-10.019
80.413,20.393,20.742,-10.018
80.432,20.332,20.742,-10.018
80.452,20.240,20.742,-10.017
80.472,20.179,20.743,-10.017
80.492,20.088,20.743,-10.017
80.512,20.027,20.743,-10.016
80.532,19.935,20.744,-10.016
80.553,19.874,20.744,-10.016
80.573,19.782,20.744,-10.015
80.592,19.721,20.744,-10.015
80.612,19.630,20.745,-10.015
80.632,19.569,20.745,-10.015
80.652,19.478,20.745,-10.014
80.672,19.417,20.746,-10.014
80.693,19.326,20.746,-10.014
80.712,19.265,20.746,-10.014
80.732,19.174,20.747,-10.013
80.753,19.113,20.747,-10.013
80.772,19.022,20.747,-10.013
80.792,18.961,20.748,-10.013
80.812,18.870,20.748,-10.013
80.832,18.810,20.748,-10.013
80.852,18.719,20.749,-10.013
80.873,18.658,20.749,-10.012
80.893,18.567,20.750,-10.012
80.912,18.506,20.750,-10.012
80.932,18.415,20.751,-10.012
80.953,18.354,20.751,-10.012
80.972,18.263,20.752,-10.012
80.992,18.203,20.752,-10.012
81.012,18.112,20.753,-10.012
81.032,18.051,20.753,-10.011
81.052,17.960,20.754,-10.011
81.073,17.899,20.754,-10.011
81.092,17.808,20.755,-10.011
81.112,17.747,20.755,-10.011
81.132,17.656,20.756,-10.011
81.152,17.595,20.756,-10.010
81.172,17.504,20.756,-10.010
81.192,17.443,20.757,-10.010
81.212,17.352,20.757,-10.010
81.233,17.291,20.757,-10.009
81.252,17.200,20.757,-10.009
81.272,17.139,20.758,-10.009
81.292,17.047,20.758,-10.009
81.312,16.986,20.758,-10.009
81.332,16.895,20.758,-10.008
81.352,16.834,20.758,-10.008
81.372,16.743,20.758,-10.008
81.392,16.682,20.758,-10.008
81.412,16.590,20.758,-10.008
81.432,16.529,20.758,-10.008
81.452,16.438,20.758,-10.007
81.472,16.377,20.757,-10.007
81.492,16.285,20.757,-10.007
81.512,16.224,20.757,-10.007
81.532,16.133,20.756,-10.007
81.552,16.072,20.756,-10.007
81.572,15.981,20.755,-10.007
81.592,15.920,20.755,-10.007
81.612,15.828,20.754,-10.007
81.632,15.767,20.754,-10.007
81.652,15.676,20.753,-10.006
81.672,15.615,20.752,-10.006
81.692,15.523,20.752,-10.006
81.712,15.462,20.751,-10.006
81.732,15.371,20.750,-10.005
81.753,15.310,20.750,-10.005
81.772,15.219,20.749,-10.005
81.792,15.158,20.749,-10.004
81.812,15.066,20.748,-10.004
81.832,15.005,20.747,-10.004
81.852,14.914,20.746,-10.004
81.872,14.853,20.746,-10.003
81.892,14.761,20.745,-10.003
81.912,14.700,20.744,-10.003
81.932,14.608,20.744,-10.003
81.953,14.547,20.743,-10.002
81.972,14.456,20.742,-10.002
81.992,14.395,20.742,-10.002
82.012,14.303,20.741,-10.002
82.032,14.242,20.740,-10.001
82.052,14.151,20.740,-10.001
82.072,14.090,20.739,-10.001
82.092,13.999,20.738,-10.000
82.112,13.938,20.738,-10.000
82.132,13.847,20.737,-10.000
82.152,13.786,20.736,-9.999
82.172,13.695,20.735,-9.999
82.192,13.634,20.735,-9.998
82.212,13.543,20.734,-9.998
82.232,13.483,20.733,-9.997
82.252,13.392,20.732,-9.997
82.273,13.331,20.731,-9.997
82.292,13.240,20.731,-9.996
82.312,13.180,20.730,-9.996
82.332,13.089,20.729,-9.995
82.352,13.029,20.728,-9.995
82.372,12.938,20.728,-9.995
82.393,12.878,20.727,-9.994
82.412,12.787,20.726,-9.994
82.432,12.727,20.726,-9.994
82.452,12.637,20.725,-9.993
82.472,12.577,20.724,-9.993
82.492,12.486,20.724,-9.993
82.512,12.426,20.723,-9.992
82.532,12.336,20.723,-9.992
82.552,12.276,20.722,-9.992
82.572,12.186,20.722,-9.992
82.592,12.126,20.722,-9.991
82.614,12.036,20.721,-9.991
82.632,11.976,20.721,-9.991
82.652,11.886,20.721,-9.991
82.673,11.826,20.721,-9.991
82.692,11.736,20.720,-9.990
82.712,11.676,20.720,-9.990
82.734,11.587,20.720,-9.990
82.752,11.527,20.720,-9.990
82.772,11.437,20.720,-9.990
82.792,11.377,20.720,-9.990
82.812,11.288,20.719,-9.990
82.832,11.228,20.719,-9.990
82.854,11.138,20.719,-9.991
82.873,11.079,20.719,-9.991
82.892,10.989,20.718,-9.991
82.912,10.929,20.718,-9.991
82.932,10.840,20.718,-9.991
82.952,10.780,20.718,-9.991
82.972,10.690,20.717,-9.991
82.992,10.631,20.717,-9.991
83.012,10.541,20.717,-9.991
83.032,10.481,20.717,-9.991
83.053,10.392,20.716,-9.991
83.072,10.332,20.716,-9.991
83.092,10.242,20.716,-9.991
83.112,10.183,20.716,-9.991
83.132,10.093,20.716,-9.991
83.152,10.033,20.715,-9.991
83.172,9.944,20.715,-9.992
83.193,9.884,20.715,-9.992
83.212,9.794,20.715,-9.992
83.232,9.735,20.715,-9.992
83.252,9.645,20.715,-9.992
83.272,9.585,20.714,-9.992
83.292,9.496,20.714,-9.993
83.312,9.436,20.714,-9.993
83.332,9.347,20.714,-9.993
83.352,9.287,20.714,-9.993
83.372,9.198,20.713,-9.994
83.394,9.138,20.713,-9.994
83.412,9.049,20.713,-9.994
83.432,8.989,20.712,-9.994
83.452,8.899,20.712,-9.994
83.473,8.840,20.712,-9.995
83.492,8.750,20.711,-9.995
83.512,8.690,20.711,-9.995
83.532,8.601,20.710,-9.995
83.552,8.541,20.709,-9.995
83.572,8.452,20.709,-9.996
83.592,8.392,20.708,-9.996
83.612,8.302,20.707,-9.996
83.632,8.243,20.707,-9.996
83.652,8.153,20.706,-9.997
83.672,8.093,20.705,-9.997
83.692,8.004,20.704,-9.997
83.712,7.944,20.704,-9.997
83.732,7.855,20.703,-9.997
83.752,7.795,20.702,-9.997
83.772,7.705,20.702,-9.997
83.792,7.646,20.701,-9.998
83.812,7.556,20.700,-9.998
83.832,7.496,20.699,-9.998
83.852,7.407,20.699,-9.998
83.872,7.347,20.698,-9.998
83.892,7.258,20.697,-9.998
83.912,7.198,20.696,-9.998
83.934,7.109,20.695,-9.998
83.952,7.049,20.695,-9.998
83.972,6.960,20.694,-9.998
83.992,6.900,20.693,-9.998
84.012,6.811,20.692,-9.998
84.032,6.751,20.691,-9.998
84.052,6.662,20.690,-9.998
84.072,6.602,20.690,-9.998
84.092,6.513,20.689,-9.998
84.112,6.454,20.688,-9.998
84.132,6.364,20.687,-9.998
84.152,6.305,20.686,-9.999
84.173,6.216,20.685,-9.999
84.192,6.156,20.684,-9.999
84.212,6.067,20.683,-9.999
84.232,6.008,20.683,-9.999
84.252,5.918,20.682,-9.999
84.272,5.859,20.681,-9.999
84.292,5.770,20.680,-10.000
84.312,5.710,20.679,-10.000
84.332,5.621,20.678,-10.000
84.352,5.562,20.677,-10.000
84.372,5.473,20.676,-10.001
84.393,5.414,20.675,-10.001
84.412,5.325,20.674,-10.001
84.432,5.265,20.673,-10.001
84.452,5.176,20.672,-10.002
84.472,5.117,20.672,-10.002
84.492,5.028,20.670,-10.002
84.512,4.969,20.670,-10.002
84.532,4.880,20.669,-10.003
84.552,4.820,20.668,-10.003
84.572,4.731,20.667,-10.003
84.593,4.672,20.666,-10.003
84.612,4.583,20.665,-10.003
84.632,4.523,20.665,-10.003
84.652,4.434,20.664,-10.003
84.672,4.375,20.663,-10.003
84.692,4.285,20.662,-10.003
84.712,4.226,20.661,-10.003
84.732,4.137,20.661,-10.003
84.752,4.077,20.660,-10.003
84.772,3.988,20.659,-10.003
84.792,3.928,20.658,-10.003
84.812,3.839,20.657,-10.003
84.832,3.779,20.657,-10.003
84.853,3.690,20.656,-10.003
84.872,3.631,20.655,-10.003
84.892,3.541,20.654,-10.003
84.912,3.482,20.653,-10.003
84.932,3.393,20.652,-10.003
84.952,3.333,20.651,-10.003
84.972,3.244,20.650,-10.003
84.992,3.185,20.649,-10.003
85.012,3.096,20.647,-10.003
85.032,3.036,20.647,-10.004
85.052,2.947,20.645,-10.004
85.072,2.887,20.644,-10.004
85.092,2.798,20.643,-10.004
85.113,2.739,20.642,-10.004
85.132,2.650,20.640,-10.004
85.152,2.590,20.639,-10.004
85.174,2.501,20.637,-10.005
85.193,2.442,20.636,-10.005
85.212,2.353,20.635,-10.005
85.232,2.293,20.634,-10.005
85.252,2.204,20.632,-10.005
85.272,2.145,20.631,-10.005
85.292,2.056,20.629,-10.005
85.312,1.997,20.628,-10.005
85.332,1.908,20.626,-10.005
85.352,1.848,20.625,-10.006
85.372,1.759,20.624,-10.006
85.392,1.700,20.623,-10.006
85.412,1.611,20.622,-10.006
85.432,1.552,20.621,-10.006
85.452,1.463,20.619,-10.006
85.472,1.404,20.618,-10.006
85.492,1.316,20.617,-10.006
85.512,1.256,20.616,-10.006
85.532,1.168,20.614,-10.006
85.552,1.109,20.613,-10.006
85.572,1.020,20.612,-10.006
85.592,0.961,20.611,-10.006
85.612,0.872,20.610,-10.006
85.632,0.813,20.609,-10.006
85.652,0.725,20.607,-10.006
85.672,0.666,20.606,-10.006
85.692,0.578,20.605,-10.006
85.712,0.519,20.604,-10.006
85.732,0.431,20.602,-10.006
85.752,0.372,20.602,-10.006
85.772,0.283,20.600,-10.006
85.792,0.225,20.599,-10.006
85.812,0.136,20.598,-10.006
85.833,0.078,20.597,-10.006
85.852,-0.011,20.596,-10.006
85.872,-0.069,20.595,-10.006
85.892,-0.158,20.594,-10.006
85.913,-0.216,20.593,-10.006
85.932,-0.304,20.592,-10.006
85.952,-0.363,20.591,-10.006
85.972,-0.451,20.590,-10.006
85.992,-0.510,20.589,-10.006
86.012,-0.598,20.588,-10.005
86.032,-0.656,20.588,-10.005
86.052,-0.744,20.587,-10.005
86.072,-0.803,20.586,-10.005
86.092,-0.891,20.586,-10.004
86.112,-0.949,20.585,-10.004
86.132,-1.037,20.584,-10.004
86.152,-1.096,20.584,-10.004
86.172,-1.184,20.584,-10.003
86.192,-1.242,20.583,-10.003
86.212,-1.330,20.583,-10.003
86.232,-1.388,20.582,-10.003
86.252,-1.476,20.582,-10.003
86.272,-1.534,20.581,-10.002
86.292,-1.622,20.581,-10.002
86.312,-1.681,20.581,-10.002
86.332,-1.768,20.580,-10.002
86.352,-1.826,20.580,-10.001
86.372,-1.914,20.579,-10.001
86.392,-1.972,20.579,-10.001
86.412,-2.060,20.578,-10.001
86.432,-2.118,20.578,-10.000
86.452,-2.206,20.577,-10.000
86.472,-2.264,20.577,-10.000
86.493,-2.352,20.576,-9.999
86.512,-2.410,20.576,-9.999
86.532,-2.498,20.575,-9.999
86.552,-2.556,20.575,-9.999
86.572,-2.644,20.575,-9.999
86.592,-2.702,20.574,-9.999
86.612,-2.790,20.574,-9.998
86.632,-2.848,20.573,-9.998
86.652,-2.936,20.573,-9.998
86.672,-2.994,20.572,-9.998
86.692,-3.082,20.572,-9.998
86.712,-3.140,20.571,-9.998
86.732,-3.227,20.571,-9.998
86.752,-3.285,20.570,-9.998
86.772,-3.372,20.570,-9.998
86.792,-3.429,20.569,-9.998
86.813,-3.515,20.569,-9.998
86.832,-3.572,20.568,-9.999
86.852,-3.657,20.568,-9.999
86.872,-3.714,20.568,-9.999
86.892,-3.798,20.567,-10.000
86.912,-3.853,20.567,-10.000
86.932,-3.936,20.566,-10.001
86.952,-3.991,20.566,-10.002
86.972,-4.072,20.566,-10.002
86.992,-4.126,20.566,-10.003
87.012,-4.205,20.565,-10.004
87.032,-4.258,20.565,-10.004
87.052,-4.335,20.565,-10.005
87.072,-4.386,20.565,-10.006
87.092,-4.462,20.565,-10.007
87.112,-4.511,20.566,-10.008
87.132,-4.584,20.566,-10.009
87.153,-4.632,20.566,-10.009
87.173,-4.703,20.566,-10.010
87.192,-4.750,20.566,-10.011
87.212,-4.818,20.566,-10.012
87.232,-4.863,20.567,-10.013
87.252,-4.929,20.567,-10.013
87.272,-4.972,20.567,-10.014
87.292,-5.035,20.568,-10.015
87.312,-5.076,20.568,-10.015
87.332,-5.137,20.568,-10.016
87.352,-5.176,20.568,-10.017
87.372,-5.233,20.569,-10.020
87.393,-5.270,20.569,-10.022
87.412,-5.325,20.570,-10.024
87.433,-5.360,20.570,-10.026
87.452,-5.413,20.571,-10.030
87.472,-5.447,20.572,-10.032
87.492,-5.498,20.574,-10.035
87.512,-5.531,20.576,-10.037
87.532,-5.581,20.580,-10.041
87.552,-5.614,20.583,-10.043
87.572,-5.663,20.589,-10.046
87.592,-5.695,20.594,-10.047
87.612,-5.744,20.604,-10.050
87.632,-5.776,20.612,-10.051
87.652,-5.825,20.626,-10.052
87.672,-5.857,20.636,-10.052
87.692,-5.904,20.654,-10.052
87.712,-5.936,20.669,-10.052
87.732,-5.983,20.692,-10.050
87.752,-6.014,20.709,-10.049
87.772,-6.060,20.738,-10.046
87.792,-6.090,20.759,-10.043
87.812,-6.134,20.793,-10.039
87.832,-6.163,20.818,-10.035
87.852,-6.205,20.858,-10.029
87.872,-6.232,20.887,-10.024
87.892,-6.272,20.933,-10.017
87.912,-6.297,20.966,-10.011
87.932,-6.333,21.018,-10.002
87.956,-6.356,21.054,-9.996
87.972,-6.389,21.111,-9.986
87.992,-6.410,21.151,-9.979
88.012,-6.439,21.212,-9.968
88.032,-6.457,21.255,-9.960
88.052,-6.482,21.321,-9.949
88.072,-6.497,21.366,-9.941
88.092,-6.517,21.436,-9.930
88.112,-6.529,21.484,-9.922
88.132,-6.545,21.558,-9.912
88.152,-6.554,21.608,-9.905
88.172,-6.566,21.684,-9.895
88.192,-6.572,21.736,-9.889
88.215,-6.578,21.814,-9.881
88.232,-6.581,21.867,-9.876
88.252,-6.584,21.947,-9.870
88.272,-6.584,22.001,-9.867
88.293,-6.582,22.082,-9.864
88.312,-6.580,22.137,-9.862
88.333,-6.575,22.218,-9.861
88.352,-6.570,22.273,-9.861
88.372,-6.562,22.354,-9.862
88.393,-6.556,22.408,-9.863
88.412,-6.545,22.489,-9.866
88.432,-6.537,22.542,-9.869
88.452,-6.524,22.622,-9.873
88.472,-6.515,22.674,-9.876
88.492,-6.501,22.753,-9.881
88.512,-6.491,22.804,-9.885
88.532,-6.475,22.881,-9.891
88.552,-6.465,22.931,-9.895
88.572,-6.448,23.006,-9.902
88.592,-6.437,23.056,-9.906
88.612,-6.420,23.128,-9.914
88.632,-6.409,23.176,-9.919
88.652,-6.391,23.247,-9.927
88.672,-6.380,23.293,-9.932
88.692,-6.362,23.361,-9.940
88.712,-6.350,23.406,-9.946
88.732,-6.333,23.471,-9.954
88.752,-6.321,23.515,-9.960
88.772,-6.304,23.578,-9.968
88.792,-6.292,23.619,-9.974
88.812,-6.275,23.680,-9.982
88.832,-6.263,23.720,-9.987
88.852,-6.245,23.778,-9.995
88.872,-6.233,23.816,-10.001
88.892,-6.214,23.871,-10.008
88.912,-6.201,23.907,-10.013
88.932,-6.180,23.959,-10.020
88.952,-6.166,23.993,-10.025
88.972,-6.143,24.041,-10.031
88.992,-6.126,24.072,-10.035
89.012,-6.100,24.117,-10.040
89.033,-6.081,24.145,-10.044
89.052,-6.051,24.186,-10.048
89.072,-6.030,24.212,-10.051
89.092,-5.996,24.248,-10.054
89.112,-5.972,24.271,-10.056
89.132,-5.934,24.304,-10.059
89.152,-5.907,24.324,-10.060
89.172,-5.864,24.352,-10.062
89.192,-5.834,24.370,-10.063
89.212,-5.787,24.394,-10.065
89.232,-5.753,24.409,-10.066
89.252,-5.701,24.429,-10.066
89.272,-5.665,24.441,-10.067
89.292,-5.608,24.458,-10.067
89.312,-5.569,24.469,-10.067
89.332,-5.508,24.483,-10.067
89.352,-5.467,24.491,-10.066
89.372,-5.402,24.503,-10.065
89.392,-5.358,24.509,-10.065
89.412,-5.290,24.518,-10.063
89.432,-5.243,24.524,-10.062
89.453,-5.195,24.529,-10.061
89.472,-5.123,24.535,-10.060
89.492,-5.048,24.540,-10.058
89.512,-4.997,24.543,-10.056
89.532,-4.920,24.547,-10.054
89.552,-4.867,24.549,-10.053
89.572,-4.788,24.552,-10.050
89.592,-4.734,24.554,-10.049
89.612,-4.652,24.555,-10.047
89.632,-4.597,24.556,-10.045
89.652,-4.513,24.557,-10.043
89.672,-4.457,24.557,-10.041
89.692,-4.371,24.557,-10.039
89.712,-4.314,24.557,-10.038
89.732,-4.228,24.556,-10.036
89.752,-4.170,24.556,-10.034
89.772,-4.082,24.554,-10.033
89.792,-4.023,24.553,-10.031
89.812,-3.935,24.551,-10.030
89.832,-3.875,24.550,-10.029
89.852,-3.786,24.548,-10.027
89.872,-3.726,24.546,-10.026
89.892,-3.637,24.544,-10.025
89.912,-3.576,24.542,-10.024
89.932,-3.486,24.540,-10.023
89.952,-3.426,24.538,-10.022
89.972,-3.335,24.535,-10.022
89.993,-3.274,24.534,-10.021
90.012,-3.183,24.531,-10.021
90.032,-3.122,24.529,-10.020
90.052,-3.031,24.527,-10.020
90.072,-2.970,24.525,-10.020
90.092,-2.879,24.523,-10.020
90.112,-2.818,24.521,-10.020
90.132,-2.726,24.519,-10.020
90.152,-2.665,24.517,-10.020
90.172,-2.574,24.515,-10.020
90.192,-2.513,24.514,-10.020
90.212,-2.421,24.512,-10.020
90.232,-2.360,24.511,-10.021
90.252,-2.269,24.510,-10.021
90.272,-2.208,24.509,-10.021
90.292,-2.117,24.508,-10.022
90.312,-2.056,24.508,-10.022
90.333,-1.965,24.507,-10.023
90.352,-1.905,24.507,-10.023
90.372,-1.814,24.506,-10.023
90.396,-1.723,24.506,-10.023
90.412,-1.663,24.506,-10.024
90.432,-1.602,24.506,-10.024
90.452,-1.512,24.507,-10.024
90.472,-1.451,24.507,-10.024
90.492,-1.361,24.507,-10.024
90.512,-1.301,24.508,-10.024
90.532,-1.211,24.509,-10.024
90.552,-1.151,24.509,-10.024
90.572,-1.061,24.510,-10.024
90.592,-1.001,24.511,-10.024
90.612,-0.911,24.513,-10.024
90.632,-0.851,24.514,-10.024
90.652,-0.761,24.515,-10.024
90.672,-0.701,24.516,-10.024
90.692,-0.611,24.518,-10.024
90.713,-0.551,24.520,-10.024
90.732,-0.461,24.522,-10.024
90.752,-0.402,24.523,-10.024
90.772,-0.312,24.525,-10.024
90.792,-0.252,24.527,-10.024
90.812,-0.162,24.530,-10.024
90.832,-0.103,24.531,-10.024
90.852,-0.013,24.534,-10.024
90.872,0.047,24.536,-10.024
90.892,0.137,24.538,-10.023
90.912,0.196,24.540,-10.023
90.932,0.286,24.543,-10.023
90.952,0.346,24.545,-10.023
90.972,0.436,24.547,-10.022
90.992,0.495,24.549,-10.022
91.012,0.585,24.552,-10.022
91.033,0.645,24.554,-10.021
91.052,0.735,24.556,-10.021
91.073,0.794,24.558,-10.021
91.092,0.884,24.560,-10.020
91.112,0.944,24.562,-10.020
91.132,1.034,24.564,-10.019
91.152,1.094,24.566,-10.019
91.172,1.184,24.568,-10.018
91.192,1.244,24.570,-10.018
91.212,1.334,24.572,-10.017
91.232,1.394,24.573,-10.017
91.252,1.484,24.575,-10.016
91.272,1.544,24.576,-10.015
91.292,1.634,24.578,-10.015
91.314,1.694,24.580,-10.014
91.332,1.785,24.581,-10.014
91.352,1.845,24.582,-10.013
91.372,1.935,24.584,-10.012
91.393,1.995,24.585,-10.012
91.412,2.086,24.586,-10.011
91.432,2.146,24.587,-10.010
91.452,2.237,24.589,-10.010
91.472,2.297,24.589,-10.009
91.492,2.388,24.591,-10.008
91.512,2.448,24.591,-10.007
91.532,2.539,24.592,-10.007
91.552,2.599,24.593,-10.006
91.572,2.690,24.594,-10.005
91.592,2.751,24.594,-10.004
91.612,2.842,24.595,-10.003
91.632,2.902,24.596,-10.003
91.652,2.993,24.596,-10.002
91.672,3.054,24.597,-10.002
91.692,3.145,24.597,-10.001
91.712,3.206,24.598,-10.000
91.732,3.297,24.598,-9.999
91.752,3.358,24.598,-9.999
91.772,3.449,24.599,-9.998
91.792,3.510,24.599,-9.998
91.812,3.602,24.599,-9.997
91.832,3.662,24.599,-9.997
91.852,3.754,24.600,-9.996
91.872,3.815,24.600,-9.996
91.892,3.906,24.600,-9.996
91.913,3.967,24.600,-9.995
91.932,4.058,24.600,-9.995
91.952,4.119,24.600,-9.995
91.972,4.211,24.600,-9.995
91.992,4.272,24.600,-9.995
92.012,4.363,24.599,-9.995
92.032,4.424,24.599,-9.995
92.054,4.516,24.599,-9.995
92.072,4.577,24.599,-9.995
92.092,4.668,24.598,-9.995
92.112,4.730,24.598,-9.995
92.132,4.821,24.598,-9.994
92.152,4.883,24.597,-9.994
92.173,4.975,24.597,-9.994
92.192,5.036,24.597,-9.994
92.212,5.128,24.596,-9.994
92.232,5.189,24.596,-9.994
92.252,5.281,24.595,-9.994
92.272,5.342,24.595,-9.994
92.292,5.434,24.594,-9.994
92.312,5.495,24.594,-9.994
92.332,5.587,24.593,-9.994
92.352,5.649,24.593,-9.994
92.372,5.741,24.592,-9.994
92.392,5.802,24.591,-9.994
92.412,5.894,24.590,-9.994
92.432,5.955,24.590,-9.995
92.453,6.048,24.589,-9.995
92.472,6.109,24.588,-9.995
92.492,6.201,24.588,-9.995
92.512,6.262,24.587,-9.995
92.532,6.355,24.586,-9.995
92.552,6.416,24.585,-9.995
92.572,6.508,24.584,-9.996
92.592,6.570,24.584,-9.996
92.612,6.662,24.583,-9.996
92.633,6.723,24.582,-9.996
92.652,6.816,24.581,-9.996
92.672,6.877,24.581,-9.997
92.692,6.970,24.580,-9.997
92.712,7.031,24.579,-9.997
92.732,7.124,24.578,-9.997
92.753,7.185,24.577,-9.998
92.772,7.278,24.576,-9.998
92.792,7.339,24.576,-9.998
92.812,7.432,24.575,-9.998
92.832,7.493,24.574,-9.999
92.852,7.586,24.573,-9.999
92.872,7.647,24.573,-9.999
92.892,7.740,24.572,-10.000
92.912,7.801,24.571,-10.000
92.932,7.894,24.571,-10.001
92.952,7.955,24.570,-10.001
92.972,8.048,24.569,-10.002
92.992,8.110,24.569,-10.002
93.012,8.202,24.568,-10.003
93.032,8.264,24.567,-10.003
93.052,8.356,24.566,-10.003
93.072,8.418,24.565,-10.004
93.092,8.510,24.564,-10.004
93.112,8.572,24.564,-10.004
93.132,8.664,24.563,-10.005
93.152,8.726,24.562,-10.005
93.172,8.818,24.561,-10.005
93.192,8.880,24.561,-10.005
93.212,8.973,24.560,-10.005
93.232,9.034,24.559,-10.005
93.252,9.127,24.558,-10.005
93.272,9.188,24.558,-10.005
93.292,9.281,24.557,-10.005
93.312,9.342,24.556,-10.005
93.332,9.435,24.555,-10.005
93.352,9.496,24.555,-10.005
93.372,9.589,24.554,-10.005
93.392,9.650,24.553,-10.005
93.412,9.742,24.552,-10.004
93.432,9.804,24.552,-10.004
93.452,9.896,24.551,-10.004
93.473,9.958,24.550,-10.004
93.494,10.050,24.549,-10.004
93.512,10.112,24.549,-10.003
93.532,10.204,24.548,-10.003
93.552,10.265,24.547,-10.003
93.572,10.357,24.546,-10.003
93.592,10.419,24.545,-10.003
93.612,10.511,24.543,-10.002
93.632,10.572,24.542,-10.002
93.652,10.664,24.541,-10.002
93.672,10.725,24.540,-10.002
93.692,10.816,24.539,-10.002
93.712,10.877,24.537,-10.001
93.732,10.969,24.536,-10.001
93.752,11.030,24.535,-10.001
93.772,11.122,24.533,-10.000
93.792,11.183,24.532,-10.000
93.812,11.274,24.530,-10.000
93.832,11.335,24.529,-10.000
93.852,11.426,24.527,-9.999
93.872,11.487,24.526,-9.999
93.892,11.579,24.524,-9.999
93.912,11.640,24.523,-9.998
93.932,11.731,24.522,-9.998
93.952,11.792,24.520,-9.998
93.972,11.883,24.519,-9.997
93.992,11.944,24.518,-9.997
94.012,12.035,24.516,-9.997
94.032,12.096,24.515,-9.997
94.052,12.187,24.513,-9.996
94.072,12.248,24.512,-9.996
94.092,12.339,24.510,-9.995
94.112,12.399,24.509,-9.995
94.132,12.490,24.508,-9.995
94.152,12.551,24.507,-9.994
94.172,12.642,24.505,-9.994
94.192,12.702,24.504,-9.994
94.212,12.793,24.503,-9.993
94.232,12.853,24.502,-9.993
94.252,12.944,24.501,-9.993
94.274,13.005,24.500,-9.993
94.292,13.095,24.499,-9.992
94.312,13.156,24.498,-9.992
94.332,13.247,24.496,-9.992
94.352,13.307,24.496,-9.991
94.372,13.398,24.494,-9.991
94.393,13.458,24.494,-9.991
94.412,13.549,24.492,-9.990
94.433,13.609,24.492,-9.990
94.452,13.700,24.490,-9.989
94.472,13.760,24.489,-9.989
94.492,13.851,24.488,-9.988
94.512,13.911,24.487,-9.988
94.532,14.002,24.486,-9.987
94.554,14.062,24.486,-9.987
94.572,14.153,24.484,-9.986
94.592,14.213,24.484,-9.986
94.612,14.304,24.483,-9.985
94.632,14.365,24.482,-9.985
94.652,14.455,24.481,-9.985
94.673,14.516,24.480,-9.984
94.692,14.607,24.479,-9.984
94.712,14.667,24.479,-9.983
94.733,14.758,24.478,-9.983
94.752,14.819,24.477,-9.983
94.772,14.910,24.476,-9.982
94.792,14.970,24.475,-9.982
94.812,15.062,24.474,-9.982
94.832,15.122,24.473,-9.982
94.852,15.213,24.472,-9.982
94.872,15.274,24.472,-9.982
94.892,15.365,24.471,-9.982
94.912,15.426,24.470,-9.982
94.932,15.518,24.469,-9.982
94.952,15.578,24.468,-9.982
94.972,15.670,24.467,-9.982
94.992,15.731,24.466,-9.982
95.012,15.822,24.465,-9.982
95.032,15.883,24.464,-9.982
95.052,15.975,24.463,-9.982
95.072,16.036,24.463,-9.982
95.092,16.127,24.461,-9.982
95.112,16.188,24.461,-9.982
95.132,16.279,24.460,-9.982
95.152,16.340,24.459,-9.982
95.172,16.431,24.457,-9.982
95.192,16.492,24.457,-9.982
95.212,16.584,24.455,-9.982
95.232,16.645,24.455,-9.982
95.252,16.736,24.453,-9.982
95.273,16.797,24.452,-9.982
95.292,16.888,24.451,-9.982
95.312,16.949,24.450,-9.982
95.332,17.040,24.449,-9.982
95.352,17.101,24.448,-9.982
95.372,17.192,24.447,-9.982
95.392,17.252,24.446,-9.983
95.413,17.343,24.445,-9.983
95.432,17.404,24.444,-9.983
95.452,17.495,24.442,-9.983
95.472,17.555,24.441,-9.983
95.492,17.646,24.440,-9.983
95.512,17.707,24.439,-9.983
95.533,17.798,24.437,-9.983
95.552,17.858,24.436,-9.983
95.572,17.949,24.434,-9.983
95.594,18.010,24.433,-9.984
95.612,18.100,24.431,-9.984
95.632,18.161,24.430,-9.984
95.652,18.252,24.428,-9.984
95.672,18.312,24.427,-9.984
95.692,18.403,24.425,-9.984
95.712,18.463,24.424,-9.984
95.732,18.554,24.422,-9.984
95.754,18.614,24.421,-9.985
95.772,18.705,24.419,-9.985
95.792,18.766,24.418,-9.985
95.812,18.856,24.416,-9.985
95.832,18.917,24.415,-9.986
95.852,19.007,24.414,-9.986
95.872,19.068,24.413,-9.986
95.892,19.158,24.411,-9.986
95.912,19.219,24.410,-9.987
95.933,19.309,24.409,-9.987
95.952,19.370,24.408,-9.987
95.972,19.460,24.407,-9.987
95.992,19.520,24.406,-9.988
96.012,19.611,24.405,-9.988
96.032,19.671,24.404,-9.988
96.052,19.761,24.403,-9.989
96.072,19.822,24.402,-9.989
96.092,19.912,24.401,-9.989
96.112,19.972,24.401,-9.990
96.132,20.062,24.400,-9.990
96.152,20.123,24.399,-9.990
96.172,20.213,24.398,-9.991
96.193,20.273,24.398,-9.991
96.212,20.363,24.397,-9.991
96.232,20.423,24.396,-9.992
96.253,20.513,24.395,-9.992
96.272,20.573,24.395,-9.992
96.292,20.663,24.394,-9.992
96.312,20.723,24.394,-9.992
96.332,20.813,24.393,-9.993
96.352,20.874,24.393,-9.993
96.372,20.963,24.392,-9.993
96.393,21.024,24.392,-9.993
96.413,21.114,24.391,-9.993
96.432,21.174,24.391,-9.993
96.453,21.263,24.390,-9.993
96.472,21.323,24.390,-9.993
96.492,21.413,24.389,-9.993
96.512,21.473,24.389,-9.993
96.532,21.563,24.388,-9.993
96.552,21.622,24.388,-9.992
96.572,21.712,24.387,-9.992
96.592,21.772,24.387,-9.992
96.612,21.861,24.386,-9.992
96.632,21.921,24.386,-9.992
96.653,22.011,24.385,-9.992
96.672,22.070,24.384,-9.992
96.692,22.160,24.384,-9.992
96.712,22.219,24.383,-9.992
96.732,22.309,24.383,-9.992
96.752,22.368,24.382,-9.992
96.772,22.458,24.381,-9.992
96.792,22.518,24.381,-9.993
96.812,22.607,24.380,-9.993
96.832,22.667,24.380,-9.993
96.852,22.756,24.379,-9.993
96.872,22.816,24.379,-9.993
96.892,22.905,24.378,-9.993
96.912,22.965,24.378,-9.993
96.932,23.054,24.377,-9.994
96.953,23.114,24.377,-9.994
96.972,23.204,24.376,-9.994
96.993,23.263,24.376,-9.994
97.012,23.353,24.376,-9.994
97.032,23.413,24.375,-9.994
97.052,23.502,24.375,-9.994
97.072,23.562,24.375,-9.994
97.092,23.651,24.375,-9.993
97.112,23.711,24.375,-9.993
97.132,23.801,24.375,-9.993
97.152,23.860,24.375,-9.993
97.172,23.950,24.375,-9.993
97.192,24.009,24.375,-9.993
97.212,24.098,24.376,-9.992
97.232,24.158,24.376,-9.992
97.252,24.247,24.376,-9.992
97.272,24.307,24.376,-9.992
97.292,24.396,24.377,-9.992
97.313,24.455,24.377,-9.992
97.332,24.544,24.378,-9.991
97.352,24.603,24.378,-9.991
97.372,24.692,24.378,-9.991
97.392,24.751,24.379,-9.991
97.412,24.840,24.379,-9.991
97.433,24.900,24.380,-9.991
97.452,24.989,24.380,-9.991
97.472,25.048,24.381,-9.991
97.492,25.137,24.381,-9.991
97.512,25.196,24.382,-9.991
97.532,25.285,24.382,-9.991
97.552,25.344,24.383,-9.991
97.572,25.433,24.383,-9.991
97.592,25.492,24.384,-9.991
97.612,25.581,24.384,-9.991
97.632,25.640,24.385,-9.991
97.652,25.728,24.385,-9.991
97.672,25.788,24.386,-9.991
97.692,25.876,24.387,-9.991
97.712,25.935,24.387,-9.991
97.732,26.024,24.388,-9.991
97.752,26.083,24.388,-9.991
97.772,26.172,24.389,-9.991
97.793,26.231,24.390,-9.992
97.812,26.319,24.391,-9.992
97.832,26.378,24.391,-9.992
97.852,26.467,24.392,-9.992
97.872,26.525,24.393,-9.993
97.892,26.614,24.394,-9.993
97.912,26.673,24.394,-9.993
97.932,26.761,24.395,-9.994
97.952,26.820,24.396,-9.994
97.972,26.908,24.396,-9.994
97.992,26.967,24.397,-9.995
98.012,27.055,24.398,-9.995
98.032,27.114,24.398,-9.995
98.052,27.201,24.399,-9.996
98.072,27.260,24.400,-9.996
98.092,27.348,24.400,-9.996
98.112,27.407,24.401,-9.997
98.132,27.495,24.402,-9.997
98.152,27.553,24.402,-9.997
98.173,27.641,24.403,-9.997
98.192,27.700,24.403,-9.998
98.212,27.787,24.404,-9.998
98.233,27.846,24.404,-9.998
98.252,27.934,24.405,-9.998
98.272,27.993,24.405,-9.998
98.292,28.081,24.406,-9.998
98.312,28.139,24.406,-9.998
98.332,28.227,24.407,-9.998
98.352,28.286,24.407,-9.998
98.372,28.374,24.408,-9.998
98.393,28.433,24.409,-9.998
98.412,28.521,24.409,-9.998
98.432,28.580,24.410,-9.998
98.452,28.668,24.410,-9.998
98.472,28.727,24.411,-9.998
98.492,28.815,24.412,-9.998
98.512,28.874,24.412,-9.998
98.532,28.962,24.413,-9.998
98.552,29.021,24.413,-9.998
98.572,29.109,24.414,-9.998
98.592,29.168,24.414,-9.998
98.612,29.256,24.415,-9.998
98.632,29.315,24.415,-9.998
98.653,29.403,24.416,-9.998
98.672,29.462,24.416,-9.998
98.692,29.550,24.417,-9.998
98.712,29.609,24.417,-9.998
98.732,29.697,24.418,-9.998
98.752,29.756,24.418,-9.998
98.773,29.844,24.419,-9.998
98.792,29.902,24.419,-9.998
98.812,29.990,24.420,-9.998
98.832,30.049,24.420,-9.998
98.852,30.137,24.421,-9.998
98.872,30.195,24.421,-9.998
98.894,30.283,24.421,-9.998
98.913,30.342,24.422,-9.998
98.932,30.430,24.422,-9.998
98.952,30.489,24.422,-9.998
98.973,30.576,24.423,-9.998
98.992,30.635,24.423,-9.998
99.012,30.723,24.423,-9.998
99.032,30.781,24.424,-9.998
99.053,30.869,24.424,-9.998
99.072,30.927,24.424,-9.998
99.092,31.015,24.424,-9.998
99.112,31.073,24.424,-9.998
99.132,31.161,24.425,-9.998
99.152,31.219,24.425,-9.998
99.172,31.307,24.425,-9.998
99.192,31.365,24.425,-9.998
99.212,31.453,24.425,-9.998
99.234,31.511,24.425,-9.998
99.252,31.598,24.426,-9.999
99.272,31.657,24.426,-9.999
99.292,31.744,24.426,-9.999
99.313,31.802,24.426,-9.999
99.332,31.890,24.426,-9.999
99.354,31.948,24.426,-9.999
99.372,32.035,24.427,-10.000
99.392,32.093,24.427,-10.000
99.412,32.181,24.427,-10.000
99.433,32.239,24.427,-10.000
99.453,32.326,24.427,-10.000
99.472,32.384,24.427,-10.001
99.492,32.471,24.427,-10.001
99.512,32.529,24.427,-10.001
99.532,32.616,24.427,-10.002
99.553,32.674,24.427,-10.002
99.572,32.761,24.427,-10.002
99.592,32.819,24.427,-10.002
99.612,32.906,24.427,-10.002
99.632,32.964,24.427,-10.002
99.652,33.051,24.426,-10.003
99.672,33.109,24.426,-10.003
99.692,33.195,24.426,-10.003
99.712,33.253,24.426,-10.003
99.732,33.339,24.425,-10.003
99.752,33.396,24.425,-10.003
99.773,33.482,24.425,-10.003
99.792,33.538,24.424,-10.003
99.812,33.623,24.424,-10.004
99.833,33.679,24.423,-10.004
99.852,33.763,24.423,-10.004
99.872,33.818,24.423,-10.005
99.892,33.900,24.422,-10.005
99.912,33.955,24.422,-10.005
99.932,34.036,24.421,-10.006
99.952,34.089,24.421,-10.006
99.972,34.168,24.421,-10.007
99.992,34.221,24.420,-10.007
100.012,34.298,24.420,-10.008
100.032,34.349,24.420,-10.008
100.052,34.425,24.419,-10.009
100.072,34.474,24.419,-10.009
100.092,34.548,24.418,-10.010
100.112,34.596,24.417,-10.011
100.132,34.667,24.417,-10.012
100.152,34.714,24.416,-10.012
100.172,34.783,24.416,-10.013
100.192,34.828,24.415,-10.014
100.212,34.894,24.414,-10.014
100.232,34.937,24.414,-10.015
100.252,35.000,24.413,-10.017
100.272,35.042,24.413,-10.018
100.292,35.102,24.412,-10.021
100.312,35.141,24.411,-10.024
100.332,35.198,24.410,-10.027
100.352,35.234,24.410,-10.029
100.372,35.287,24.410,-10.032
100.392,35.321,24.410,-10.034
100.412,35.370,24.410,-10.037
100.432,35.401,24.411,-10.039
100.452,35.446,24.413,-10.040
100.472,35.474,24.415,-10.041
100.493,35.513,24.419,-10.042
100.512,35.538,24.422,-10.042
100.532,35.573,24.429,-10.041
100.552,35.594,24.434,-10.040
100.572,35.623,24.445,-10.037
100.592,35.642,24.453,-10.035
100.612,35.666,24.467,-10.031
100.632,35.682,24.478,-10.028
100.652,35.702,24.497,-10.023
100.672,35.715,24.511,-10.019
100.694,35.731,24.535,-10.012
100.712,35.741,24.553,-10.007
100.732,35.754,24.582,-9.999
100.752,35.762,24.604,-9.993
100.772,35.773,24.639,-9.984
100.792,35.779,24.664,-9.977
100.813,35.787,24.705,-9.967
100.832,35.791,24.733,-9.961
100.852,35.798,24.779,-9.950
100.872,35.801,24.812,-9.943
100.892,35.806,24.863,-9.932
100.912,35.809,24.899,-9.924
100.932,35.813,24.955,-9.913
100.952,35.816,24.994,-9.906
100.972,35.819,25.055,-9.895
100.992,35.821,25.097,-9.888
101.012,35.824,25.161,-9.878
101.032,35.826,25.206,-9.872
101.052,35.829,25.274,-9.862
101.072,35.831,25.321,-9.857
101.092,35.834,25.393,-9.849
101.112,35.836,25.442,-9.845
101.132,35.839,25.516,-9.839
101.152,35.841,25.567,-9.836
101.174,35.844,25.643,-9.833
101.192,35.846,25.695,-9.832
101.212,35.849,25.773,-9.831
101.232,35.851,25.825,-9.831
101.252,35.854,25.904,-9.834
101.272,35.857,25.957,-9.836
101.292,35.860,26.036,-9.840
101.312,35.862,26.089,-9.843
101.332,35.866,26.167,-9.849
101.352,35.869,26.220,-9.853
101.372,35.872,26.297,-9.860
101.393,35.875,26.349,-9.865
101.415,35.879,26.425,-9.873
101.432,35.882,26.476,-9.878
101.452,35.886,26.550,-9.886
101.472,35.889,26.599,-9.891
101.492,35.893,26.672,-9.900
101.512,35.896,26.720,-9.906
101.532,35.900,26.790,-9.914
101.552,35.903,26.836,-9.920
101.572,35.907,26.903,-9.929
101.592,35.910,26.947,-9.935
101.612,35.915,27.011,-9.944
101.632,35.918,27.053,-9.950
101.652,35.922,27.115,-9.959
101.672,35.925,27.154,-9.965
101.692,35.930,27.212,-9.975
101.712,35.933,27.249,-9.981
101.732,35.937,27.304,-9.991
101.752,35.939,27.339,-9.997
101.772,35.942,27.390,-10.007
101.792,35.943,27.422,-10.013
101.813,35.944,27.469,-10.022
101.832,35.944,27.500,-10.028
101.852,35.943,27.543,-10.036
101.872,35.940,27.571,-10.042
101.892,35.935,27.611,-10.049
101.912,35.931,27.636,-10.053
101.932,35.922,27.673,-10.058
101.952,35.914,27.696,-10.061
101.972,35.901,27.729,-10.065
101.992,35.891,27.751,-10.067
102.012,35.873,27.781,-10.068
102.032,35.860,27.800,-10.069
102.052,35.837,27.828,-10.069
102.073,35.820,27.845,-10.068
102.092,35.793,27.869,-10.066
102.112,35.773,27.884,-10.064
102.132,35.740,27.906,-10.061
102.152,35.717,27.919,-10.058
102.172,35.679,27.937,-10.053
102.192,35.652,27.948,-10.050
102.212,35.610,27.963,-10.044
102.232,35.579,27.972,-10.040
102.252,35.531,27.984,-10.034
102.272,35.498,27.991,-10.030
102.292,35.444,28.000,-10.025
102.312,35.407,28.005,-10.022
102.332,35.348,28.011,-10.018
102.352,35.308,28.014,-10.015
102.372,35.245,28.017,-10.012
102.392,35.201,28.018,-10.010
102.413,35.133,28.019,-10.008
102.432,35.087,28.019,-10.006
102.452,35.015,28.018,-10.005
102.472,34.967,28.017,-10.004
102.492,34.892,28.015,-10.003
102.512,34.841,28.013,-10.002
102.533,34.764,28.009,-10.002
102.552,34.711,28.007,-10.002
102.572,34.631,28.003,-10.002
102.592,34.577,28.000,-10.002
102.612,34.495,27.995,-10.002
102.632,34.440,27.992,-10.003
102.652,34.356,27.987,-10.004
102.672,34.300,27.984,-10.004
102.692,34.215,27.979,-10.005
102.712,34.158,27.976,-10.006
102.732,34.072,27.971,-10.008
102.752,34.014,27.968,-10.008
102.772,33.927,27.964,-10.010
102.792,33.868,27.961,-10.011
102.813,33.781,27.957,-10.013
102.832,33.722,27.955,-10.014
102.854,33.634,27.952,-10.016
102.873,33.575,27.950,-10.017
102.892,33.487,27.947,-10.019
102.912,33.428,27.946,-10.020
102.932,33.339,27.944,-10.022
102.952,33.280,27.943,-10.024
102.972,33.192,27.942,-10.026
102.992,33.133,27.941,-10.027
103.012,33.044,27.940,-10.029
103.032,32.985,27.940,-10.030
103.052,32.896,27.940,-10.031
103.073,32.837,27.940,-10.032
103.092,32.748,27.940,-10.034
103.112,32.689,27.941,-10.035
103.133,32.601,27.942,-10.036
103.152,32.542,27.942,-10.037
103.172,32.454,27.944,-10.039
103.193,32.395,27.945,-10.039
103.212,32.307,27.946,-10.041
103.232,32.249,27.948,-10.041
103.252,32.161,27.950,-10.043
103.273,32.103,27.951,-10.043
103.292,32.015,27.953,-10.044
103.312,31.957,27.955,-10.045
103.332,31.870,27.957,-10.045
103.352,31.812,27.959,-10.046
103.372,31.724,27.961,-10.046
103.392,31.666,27.963,-10.047
103.412,31.579,27.966,-10.047
103.432,31.522,27.967,-10.048
103.452,31.435,27.970,-10.048
103.472,31.377,27.971,-10.048
103.492,31.290,27.974,-10.048
103.512,31.233,27.975,-10.048
103.532,31.146,27.978,-10.048
103.552,31.088,27.979,-10.048
103.572,31.002,27.982,-10.049
103.592,30.944,27.983,-10.049
103.612,30.858,27.985,-10.049
103.632,30.801,27.987,-10.049
103.652,30.714,27.989,-10.049
103.672,30.657,27.990,-10.049
103.692,30.571,27.992,-10.048
103.712,30.514,27.994,-10.048
103.732,30.427,27.996,-10.048
103.752,30.370,27.997,-10.048
103.772,30.284,27.999,-10.048
103.792,30.227,28.000,-10.048
103.812,30.141,28.002,-10.047
103.832,30.084,28.003,-10.047
103.852,29.998,28.005,-10.047
103.872,29.940,28.006,-10.046
103.892,29.854,28.008,-10.046
103.912,29.797,28.009,-10.045
103.934,29.711,28.011,-10.045
103.952,29.654,28.012,-10.044
103.972,29.568,28.013,-10.044
103.992,29.510,28.014,-10.043
104.012,29.424,28.015,-10.042
104.032,29.367,28.016,-10.042
104.052,29.280,28.018,-10.041
104.072,29.223,28.018,-10.041
104.092,29.136,28.019,-10.040
104.112,29.079,28.020,-10.039
104.132,28.992,28.021,-10.039
104.152,28.934,28.022,-10.038
104.172,28.848,28.023,-10.037
104.192,28.790,28.023,-10.037
104.212,28.703,28.024,-10.036
104.232,28.645,28.025,-10.036
104.252,28.558,28.026,-10.035
104.273,28.500,28.026,-10.035
104.292,28.413,28.027,-10.034
104.312,28.354,28.028,-10.033
104.332,28.267,28.029,-10.033
104.352,28.209,28.030,-10.032
104.372,28.121,28.031,-10.032
104.392,28.063,28.031,-10.031
104.412,27.975,28.032,-10.031
104.432,27.916,28.033,-10.030
104.452,27.829,28.034,-10.030
104.472,27.770,28.035,-10.029
104.492,27.682,28.036,-10.029
104.512,27.623,28.037,-10.029
104.532,27.535,28.039,-10.029
104.552,27.476,28.040,-10.028
104.572,27.388,28.041,-10.028
104.592,27.329,28.042,-10.028
104.612,27.241,28.044,-10.028
104.632,27.182,28.045,-10.028
104.652,27.093,28.046,-10.027
104.672,27.034,28.048,-10.027
104.692,26.946,28.049,-10.027
104.712,26.887,28.051,-10.027
104.732,26.798,28.053,-10.026
104.752,26.739,28.054,-10.026
104.772,26.650,28.056,-10.026
104.792,26.591,28.058,-10.026
104.812,26.502,28.060,-10.026
104.832,26.443,28.061,-10.025
104.852,26.354,28.064,-10.025
104.872,26.294,28.065,-10.025
104.892,26.205,28.068,-10.025
104.913,26.145,28.069,-10.025
104.932,26.056,28.072,-10.025
104.952,25.996,28.074,-10.025
104.972,25.907,28.076,-10.025
104.992,25.847,28.078,-10.025
105.012,25.757,28.081,-10.025
105.032,25.698,28.083,-10.025
105.052,25.608,28.086,-10.025
105.072,25.548,28.087,-10.025
105.092,25.458,28.090,-10.025
105.112,25.398,28.092,-10.025
105.132,25.308,28.095,-10.025
105.152,25.248,28.097,-10.025
105.172,25.158,28.099,-10.025
105.192,25.098,28.101,-10.025
105.212,25.008,28.103,-10.025
105.232,24.947,28.105,-10.025
105.252,24.857,28.108,-10.024
105.272,24.797,28.109,-10.024
105.292,24.706,28.112,-10.024
105.312,24.646,28.113,-10.024
105.332,24.555,28.116,-10.024
105.352,24.495,28.117,-10.024
105.372,24.404,28.119,-10.024
105.392,24.344,28.120,-10.023
105.412,24.253,28.122,-10.023
105.432,24.192,28.124,-10.023
105.452,24.101,28.126,-10.022
105.472,24.041,28.127,-10.022
105.492,23.950,28.129,-10.022
105.512,23.889,28.130,-10.022
105.532,23.798,28.132,-10.021
105.552,23.738,28.133,-10.021
105.572,23.647,28.135,-10.020
105.592,23.586,28.136,-10.020
105.612,23.495,28.137,-10.019
105.633,23.434,28.138,-10.019
105.652,23.343,28.140,-10.018
105.672,23.282,28.141,-10.018
105.692,23.191,28.142,-10.018
105.712,23.130,28.143,-10.017
105.732,23.039,28.145,-10.017
105.752,22.978,28.146,-10.017
105.772,22.887,28.147,-10.016
105.792,22.826,28.148,-10.016
105.812,22.735,28.149,-10.016
105.833,22.674,28.150,-10.015
105.852,22.583,28.151,-10.015
105.872,22.522,28.152,-10.015
105.892,22.431,28.153,-10.015
105.912,22.370,28.154,-10.015
105.932,22.279,28.155,-10.015
105.953,22.218,28.156,-10.014
105.972,22.127,28.157,-10.014
105.992,22.066,28.158,-10.014
106.012,21.975,28.159,-10.014
106.033,21.914,28.160,-10.015
106.052,21.823,28.161,-10.015
106.072,21.763,28.162,-10.015
106.093,21.672,28.163,-10.015
106.112,21.611,28.164,-10.015
106.132,21.520,28.165,-10.015
106.152,21.459,28.165,-10.015
106.172,21.368,28.166,-10.016
106.192,21.307,28.167,-10.016
106.212,21.216,28.168,-10.016
106.232,21.155,28.169,-10.016
106.252,21.064,28.170,-10.017
106.272,21.004,28.171,-10.017
106.292,20.913,28.172,-10.017
106.312,20.852,28.173,-10.017
106.332,20.761,28.174,-10.018
106.352,20.701,28.175,-10.018
106.373,20.610,28.176,-10.018
106.392,20.549,28.176,-10.018
106.412,20.458,28.177,-10.018
106.432,20.397,28.178,-10.018
106.452,20.306,28.179,-10.019
106.472,20.246,28.180,-10.019
106.493,20.154,28.181,-10.019
106.512,20.094,28.182,-10.019
106.532,20.003,28.183,-10.019
106.552,19.942,28.183,-10.019
106.572,19.851,28.184,-10.019
106.592,19.790,28.185,-10.019
106.612,19.699,28.186,-10.019
106.633,19.638,28.187,-10.019
106.652,19.547,28.188,-10.019
106.672,19.486,28.188,-10.019
106.692,19.395,28.189,-10.019
106.712,19.334,28.190,-10.019
106.732,19.243,28.190,-10.019
106.752,19.182,28.191,-10.019
106.772,19.091,28.192,-10.019
106.792,19.030,28.192,-10.019
106.812,18.939,28.193,-10.019
106.832,18.878,28.193,-10.019
106.852,18.787,28.194,-10.019
106.872,18.726,28.194,-10.019
106.892,18.635,28.195,-10.019
106.912,18.574,28.195,-10.019
106.932,18.483,28.195,-10.018
106.952,18.422,28.195,-10.018
106.972,18.331,28.196,-10.018
106.992,18.270,28.196,-10.018
107.012,18.179,28.196,-10.018
107.033,18.118,28.196,-10.018
107.052,18.027,28.196,-10.017
107.073,17.966,28.196,-10.017
107.092,17.875,28.197,-10.017
107.112,17.814,28.197,-10.017
107.132,17.723,28.197,-10.016
107.153,17.662,28.197,-10.016
107.172,17.570,28.197,-10.016
107.192,17.509,28.197,-10.015
107.213,17.418,28.197,-10.015
107.232,17.357,28.197,-10.015
107.252,17.265,28.197,-10.015
107.273,17.204,28.197,-10.014
107.293,17.113,28.197,-10.014
107.312,17.052,28.197,-10.014
107.332,16.960,28.197,-10.014
107.352,16.899,28.197,-10.014
107.372,16.808,28.197,-10.014
107.392,16.747,28.196,-10.013
107.412,16.655,28.196,-10.013
107.432,16.595,28.196,-10.013
107.452,16.503,28.196,-10.013
107.472,16.442,28.196,-10.013
107.492,16.351,28.195,-10.012
107.512,16.290,28.195,-10.012
107.532,16.199,28.195,-10.012
107.552,16.138,28.194,-10.012
107.572,16.046,28.194,-10.012
107.592,15.986,28.194,-10.011
107.612,15.894,28.193,-10.011
107.632,15.834,28.193,-10.011
107.652,15.742,28.193,-10.011
107.672,15.682,28.193,-10.010
107.692,15.590,28.193,-10.010
107.712,15.530,28.193,-10.010
107.732,15.438,28.193,-10.010
107.752,15.377,28.193,-10.009
107.772,15.286,28.193,-10.009
107.792,15.225,28.193,-10.009
107.812,15.134,28.193,-10.009
107.832,15.073,28.193,-10.008
107.852,14.982,28.193,-10.008
107.872,14.921,28.193,-10.008
107.892,14.829,28.193,-10.008
107.912,14.768,28.194,-10.007
107.932,14.677,28.194,-10.007
107.952,14.616,28.194,-10.007
107.972,14.525,28.194,-10.006
107.992,14.464,28.194,-10.006
108.012,14.372,28.194,-10.006
108.032,14.312,28.194,-10.006
108.052,14.220,28.194,-10.005
108.072,14.159,28.194,-10.005
108.092,14.068,28.194,-10.005
108.112,14.007,28.194,-10.005
108.132,13.916,28.194,-10.004
108.152,13.855,28.194,-10.004
108.172,13.764,28.194,-10.004
108.192,13.703,28.194,-10.004
108.214,13.612,28.194,-10.004
108.232,13.551,28.194,-10.003
108.252,13.460,28.194,-10.003
108.272,13.399,28.193,-10.003
108.292,13.308,28.193,-10.003
108.312,13.247,28.193,-10.003
108.332,13.156,28.193,-10.003
108.352,13.095,28.192,-10.003
108.372,13.004,28.192,-10.003
108.392,12.943,28.192,-10.004
108.412,12.852,28.191,-10.004
108.432,12.791,28.191,-10.004
108.452,12.700,28.190,-10.004
108.473,12.639,28.190,-10.004
108.492,12.548,28.189,-10.005
108.512,12.487,28.189,-10.005
108.534,12.396,28.188,-10.005
108.552,12.335,28.188,-10.005
108.572,12.244,28.187,-10.005
108.592,12.184,28.187,-10.005
108.612,12.093,28.186,-10.005
108.632,12.032,28.186,-10.005
108.652,11.942,28.185,-10.006
108.672,11.881,28.185,-10.006
108.692,11.790,28.184,-10.006
108.712,11.730,28.183,-10.006
108.732,11.640,28.183,-10.006
108.753,11.580,28.182,-10.006
108.772,11.489,28.182,-10.006
108.792,11.429,28.181,-10.006
108.812,11.339,28.180,-10.006
108.832,11.279,28.180,-10.006
108.852,11.189,28.179,-10.007
108.872,11.129,28.179,-10.007
108.892,11.039,28.178,-10.007
108.912,10.979,28.178,-10.007
108.932,10.889,28.177,-10.007
108.952,10.829,28.177,-10.007
108.972,10.739,28.176,-10.007
108.992,10.679,28.176,-10.007
109.012,10.590,28.176,-10.007
109.032,10.530,28.175,-10.007
109.052,10.440,28.175,-10.008
109.072,10.380,28.174,-10.008
109.092,10.290,28.174,-10.008
109.112,10.230,28.173,-10.008
109.132,10.141,28.173,-10.008
109.152,10.081,28.173,-10.008
109.172,9.991,28.172,-10.008
109.192,9.931,28.172,-10.008
109.215,9.842,28.171,-10.009
109.232,9.782,28.171,-10.009
109.252,9.692,28.170,-10.009
109.272,9.633,28.170,-10.009
109.292,9.543,28.170,-10.009
109.312,9.483,28.169,-10.010
109.332,9.394,28.169,-10.010
109.352,9.334,28.168,-10.010
109.372,9.245,28.168,-10.010
109.392,9.185,28.167,-10.010
109.412,9.096,28.167,-10.010
109.432,9.036,28.167,-10.010
109.452,8.946,28.166,-10.010
109.472,8.887,28.166,-10.011
109.492,8.797,28.165,-10.011
109.512,8.738,28.165,-10.011
109.532,8.648,28.165,-10.011
109.552,8.588,28.164,-10.010
109.572,8.499,28.164,-10.010
109.592,8.439,28.163,-10.010
109.612,8.350,28.163,-10.010
109.632,8.290,28.163,-10.010
109.652,8.200,28.162,-10.010
109.672,8.141,28.162,-10.010
109.692,8.051,28.161,-10.010
109.712,7.992,28.161,-10.009
109.734,7.902,28.160,-10.009
109.752,7.842,28.160,-10.009
109.772,7.753,28.159,-10.009
109.792,7.693,28.158,-10.009
109.812,7.603,28.158,-10.009
109.832,7.543,28.157,-10.008
109.852,7.454,28.157,-10.008
109.872,7.394,28.156,-10.008
109.892,7.304,28.155,-10.008
109.912,7.244,28.155,-10.008
109.935,7.155,28.154,-10.008
109.952,7.095,28.154,-10.008
109.972,7.005,28.153,-10.008
109.992,6.946,28.153,-10.008
110.012,6.856,28.152,-10.008
110.032,6.796,28.151,-10.008
110.052,6.707,28.151,-10.008
110.072,6.647,28.150,-10.008
110.092,6.558,28.149,-10.008
110.112,6.498,28.149,-10.008
110.133,6.409,28.148,-10.008
110.152,6.349,28.147,-10.008
110.172,6.259,28.147,-10.009
110.192,6.200,28.146,-10.009
110.212,6.110,28.145,-10.009
110.232,6.051,28.145,-10.009
110.252,5.961,28.144,-10.009
110.273,5.902,28.143,-10.009
110.292,5.812,28.142,-10.010
110.313,5.752,28.142,-10.010
110.334,5.663,28.141,-10.010
110.352,5.603,28.140,-10.010
110.372,5.514,28.139,-10.010
110.392,5.454,28.139,-10.010
110.412,5.364,28.138,-10.010
110.432,5.304,28.137,-10.010
110.453,5.215,28.136,-10.010
110.472,5.155,28.135,-10.010
110.492,5.065,28.135,-10.010
110.512,5.006,28.134,-10.010
110.532,4.916,28.133,-10.010
110.552,4.856,28.133,-10.009
110.572,4.767,28.132,-10.009
110.593,4.707,28.132,-10.009
110.612,4.618,28.131,-10.009
110.632,4.559,28.131,-10.009
110.652,4.469,28.130,-10.008
110.672,4.410,28.130,-10.008
110.692,4.321,28.129,-10.008
110.712,4.262,28.129,-10.008
110.733,4.173,28.129,-10.008
110.752,4.113,28.128,-10.007
110.773,4.024,28.128,-10.007
110.792,3.965,28.128,-10.007
110.812,3.876,28.127,-10.007
110.832,3.817,28.127,-10.007
110.852,3.728,28.126,-10.007
110.872,3.669,28.126,-10.006
110.892,3.580,28.126,-10.006
110.912,3.521,28.125,-10.006
110.933,3.432,28.125,-10.006
110.952,3.373,28.125,-10.006
110.972,3.284,28.124,-10.006
110.992,3.225,28.124,-10.006
111.012,3.136,28.124,-10.006
111.032,3.077,28.123,-10.005
111.053,2.988,28.123,-10.005
111.072,2.929,28.123,-10.005
111.092,2.841,28.122,-10.005
111.112,2.781,28.122,-10.005
111.132,2.693,28.121,-10.005
111.152,2.634,28.121,-10.005
111.172,2.545,28.120,-10.005
111.192,2.486,28.120,-10.005
111.212,2.397,28.120,-10.005
111.233,2.338,28.119,-10.005
111.254,2.249,28.119,-10.005
111.272,2.190,28.119,-10.005
111.292,2.101,28.118,-10.005
111.312,2.041,28.118,-10.005
111.332,1.952,28.118,-10.004
111.352,1.893,28.117,-10.004
111.372,1.804,28.117,-10.004
111.392,1.745,28.117,-10.004
111.412,1.655,28.117,-10.004
111.434,1.596,28.116,-10.004
111.452,1.507,28.116,-10.004
111.472,1.447,28.116,-10.004
111.492,1.358,28.116,-10.004
111.512,1.299,28.116,-10.004
111.532,1.210,28.115,-10.003
111.552,1.150,28.115,-10.003
111.572,1.061,28.115,-10.003
111.592,1.002,28.115,-10.003
111.612,0.913,28.114,-10.003
111.632,0.853,28.114,-10.003
111.652,0.764,28.114,-10.003
111.672,0.705,28.114,-10.002
111.692,0.616,28.114,-10.002
111.712,0.557,28.113,-10.002
111.732,0.468,28.113,-10.002
111.752,0.408,28.113,-10.002
111.772,0.320,28.113,-10.001
111.792,0.260,28.113,-10.001
111.812,0.172,28.112,-10.001
111.832,0.112,28.112,-10.001
111.852,0.024,28.111,-10.000
111.872,-0.035,28.111,-10.000
111.893,-0.124,28.111,-9.999
111.912,-0.183,28.110,-9.999
111.932,-0.272,28.110,-9.999
111.952,-0.331,28.109,-9.998
111.972,-0.420,28.109,-9.998
111.992,-0.479,28.108,-9.998
112.012,-0.567,28.107,-9.997
112.032,-0.626,28.107,-9.997
112.052,-0.715,28.106,-9.997
112.072,-0.774,28.106,-9.996
112.093,-0.863,28.105,-9.996
112.112,-0.922,28.104,-9.996
112.132,-1.010,28.104,-9.996
112.152,-1.069,28.103,-9.996
112.172,-1.158,28.102,-9.995
112.192,-1.217,28.102,-9.995
112.212,-1.305,28.101,-9.995
112.232,-1.365,28.101,-9.995
112.252,-1.453,28.100,-9.995
112.272,-1.512,28.099,-9.995
112.292,-1.601,28.099,-9.995
112.312,-1.660,28.098,-9.995
112.332,-1.748,28.098,-9.995
112.352,-1.807,28.097,-9.995
112.373,-1.896,28.097,-9.995
112.392,-1.954,28.096,-9.995
112.412,-2.043,28.096,-9.995
112.435,-2.102,28.096,-9.994
112.452,-2.190,28.095,-9.994
112.472,-2.249,28.095,-9.994
112.492,-2.337,28.095,-9.994
112.513,-2.396,28.094,-9.994
112.532,-2.484,28.094,-9.994
112.552,-2.543,28.094,-9.994
112.572,-2.631,28.094,-9.994
112.592,-2.690,28.094,-9.994
112.612,-2.778,28.094,-9.993
112.632,-2.836,28.094,-9.993
112.652,-2.924,28.094,-9.993
112.672,-2.983,28.094,-9.993
112.693,-3.070,28.094,-9.993
112.712,-3.129,28.094,-9.993
112.732,-3.216,28.094,-9.992
112.752,-3.274,28.094,-9.992
112.772,-3.361,28.093,-9.992
112.792,-3.419,28.093,-9.992
112.812,-3.505,28.093,-9.992
112.832,-3.562,28.093,-9.992
112.852,-3.648,28.093,-9.992
112.872,-3.705,28.092,-9.993
112.893,-3.789,28.092,-9.993
112.912,-3.845,28.092,-9.993
112.932,-3.928,28.091,-9.993
112.952,-3.983,28.091,-9.994
112.972,-4.065,28.090,-9.994
112.992,-4.119,28.090,-9.995
113.012,-4.199,28.089,-9.995
113.032,-4.252,28.089,-9.996
113.052,-4.331,28.088,-9.996
113.072,-4.382,28.087,-9.996
113.092,-4.458,28.087,-9.997
113.112,-4.509,28.086,-9.998
113.132,-4.582,28.085,-9.998
113.152,-4.631,28.085,-9.999
113.172,-4.703,28.084,-9.999
113.192,-4.749,28.083,-10.000
113.213,-4.819,28.082,-10.001
113.232,-4.864,28.082,-10.001
113.252,-4.930,28.081,-10.002
113.272,-4.974,28.080,-10.002
113.292,-5.037,28.080,-10.003
113.312,-5.079,28.079,-10.004
113.332,-5.140,28.078,-10.004
113.352,-5.180,28.078,-10.004
113.373,-5.239,28.077,-10.005
113.392,-5.277,28.076,-10.006
113.412,-5.333,28.076,-10.006
113.432,-5.369,28.075,-10.007
113.452,-5.423,28.075,-10.008
113.472,-5.457,28.074,-10.009
113.492,-5.508,28.074,-10.012
113.512,-5.541,28.073,-10.013
113.532,-5.589,28.073,-10.017
113.552,-5.620,28.073,-10.019
113.572,-5.665,28.072,-10.024
113.592,-5.694,28.072,-10.027
113.612,-5.737,28.072,-10.033
113.633,-5.765,28.071,-10.038
113.652,-5.805,28.071,-10.046
113.672,-5.831,28.071,-10.051
113.693,-5.868,28.071,-10.061
113.712,-5.892,28.070,-10.068
113.733,-5.927,28.070,-10.080
113.752,-5.949,28.070,-10.089
113.772,-5.981,28.070,-10.103
113.792,-6.001,28.070,-10.113
113.812,-6.031,28.070,-10.130
113.832,-6.049,28.070,-10.141
113.852,-6.076,28.070,-10.161
113.872,-6.093,28.070,-10.174
113.892,-6.117,28.070,-10.196
113.912,-6.132,28.070,-10.211
113.932,-6.154,28.070,-10.236
113.952,-6.167,28.071,-10.253
113.972,-6.186,28.071,-10.280
113.992,-6.198,28.071,-10.300
114.012,-6.214,28.072,-10.330
114.033,-6.224,28.072,-10.351
114.052,-6.238,28.073,-10.385
114.072,-6.247,28.073,-10.409
114.092,-6.259,28.074,-10.445
114.112,-6.266,28.075,-10.471
114.132,-6.275,28.075,-10.512
114.152,-6.280,28.076,-10.540
114.172,-6.287,28.077,-10.583
114.192,-6.291,28.077,-10.614
114.212,-6.295,28.078,-10.661
114.232,-6.298,28.079,-10.694
114.252,-6.300,28.080,-10.745
114.272,-6.301,28.080,-10.779
114.292,-6.301,28.081,-10.833
114.312,-6.300,28.082,-10.870
114.332,-6.298,28.083,-10.926
114.352,-6.296,28.083,-10.964
114.372,-6.292,28.084,-11.023
114.392,-6.289,28.085,-11.063
114.412,-6.283,28.086,-11.123
114.432,-6.279,28.087,-11.164
114.452,-6.271,28.088,-11.226
114.472,-6.265,28.089,-11.267
114.492,-6.256,28.090,-11.330
114.512,-6.249,28.091,-11.373
114.533,-6.238,28.092,-11.437
114.553,-6.230,28.093,-11.480
114.572,-6.217,28.094,-11.546
114.592,-6.208,28.095,-11.589
114.612,-6.193,28.096,-11.655
114.632,-6.183,28.097,-11.699
114.652,-6.167,28.098,-11.765
114.672,-6.156,28.098,-11.810
114.692,-6.138,28.099,-11.877
114.712,-6.126,28.100,-11.921
114.732,-6.108,28.101,-11.988
114.755,-6.095,28.101,-12.033
114.772,-6.076,28.102,-12.100
114.792,-6.063,28.103,-12.145
114.812,-6.042,28.104,-12.213
114.832,-6.029,28.104,-12.258
114.852,-6.008,28.105,-12.325
114.874,-5.993,28.106,-12.370
114.892,-5.972,28.106,-12.438
114.912,-5.958,28.107,-12.483
114.932,-5.936,28.107,-12.551
114.952,-5.921,28.108,-12.596
114.972,-5.899,28.108,-12.663
114.992,-5.884,28.108,-12.708
115.012,-5.862,28.109,-12.775
115.032,-5.848,28.109,-12.820
115.052,-5.826,28.109,-12.887
115.072,-5.811,28.109,-12.931
115.092,-5.790,28.109,-12.997
115.112,-5.775,28.110,-13.042
115.132,-5.754,28.110,-13.108
115.152,-5.740,28.110,-13.152
115.172,-5.719,28.110,-13.218
115.192,-5.706,28.110,-13.261
115.212,-5.686,28.109,-13.327
115.232,-5.672,28.109,-13.371
115.252,-5.653,28.109,-13.437
115.273,-5.641,28.109,-13.481
115.292,-5.622,28.109,-13.546
115.312,-5.610,28.109,-13.590
115.332,-5.593,28.108,-13.656
115.354,-5.582,28.108,-13.700
115.372,-5.566,28.108,-13.766
115.392,-5.556,28.107,-13.811
115.412,-5.541,28.107,-13.877
115.432,-5.532,28.107,-13.922
115.452,-5.518,28.106,-13.988
115.472,-5.510,28.106,-14.033
115.492,-5.498,28.105,-14.100
115.512,-5.491,28.105,-14.145
115.534,-5.481,28.104,-14.212
115.552,-5.474,28.104,-14.257
115.572,-5.466,28.103,-14.324
115.592,-5.461,28.102,-14.369
115.612,-5.454,28.101,-14.437
115.632,-5.450,28.101,-14.482
115.652,-5.445,28.100,-14.550
115.673,-5.442,28.099,-14.595
115.692,-5.439,28.098,-14.663
115.712,-5.437,28.097,-14.709
115.732,-5.435,28.096,-14.777
115.752,-5.434,28.095,-14.822
115.772,-5.433,28.093,-14.891
115.792,-5.432,28.092,-14.936
115.812,-5.433,28.091,-15.005
115.832,-5.433,28.090,-15.050
115.852,-5.435,28.088,-15.119
115.872,-5.436,28.087,-15.165
115.892,-5.438,28.085,-15.233
115.912,-5.440,28.084,-15.279
115.933,-5.443,28.082,-15.348
115.952,-5.445,28.081,-15.394
115.972,-5.448,28.079,-15.464
115.993,-5.450,28.078,-15.510
116.012,-5.454,28.076,-15.579
116.032,-5.457,28.075,-15.626
116.052,-5.461,28.073,-15.695
116.072,-5.463,28.072,-15.742
116.092,-5.467,28.071,-15.811
116.112,-5.470,28.070,-15.858
116.132,-5.474,28.068,-15.927
116.154,-5.477,28.067,-15.974
116.172,-5.481,28.066,-16.044
116.193,-5.483,28.065,-16.090
116.212,-5.487,28.063,-16.160
116.232,-5.489,28.062,-16.207
116.252,-5.492,28.061,-16.276
116.272,-5.494,28.060,-16.323
116.292,-5.497,28.059,-16.393
116.312,-5.499,28.058,-16.440
116.332,-5.501,28.057,-16.510
116.352,-5.502,28.056,-16.556
116.372,-5.504,28.055,-16.626
116.393,-5.505,28.055,-16.673
116.412,-5.507,28.054,-16.743
116.432,-5.507,28.053,-16.790
116.452,-5.508,28.052,-16.860
116.472,-5.508,28.052,-16.906
116.492,-5.509,28.051,-16.976
116.514,-5.508,28.051,-17.023
116.532,-5.508,28.050,-17.093
116.552,-5.508,28.049,-17.140
116.572,-5.506,28.049,-17.210
116.592,-5.506,28.048,-17.257
116.612,-5.504,28.048,-17.327
116.632,-5.503,28.047,-17.374
116.652,-5.500,28.047,-17.444
116.672,-5.498,28.047,-17.490
116.692,-5.496,28.046,-17.560
116.713,-5.493,28.046,-17.607
116.732,-5.490,28.045,-17.677
116.752,-5.487,28.045,-17.723
116.772,-5.483,28.044,-17.793
116.792,-5.481,28.044,-17.840
116.812,-5.476,28.043,-17.910
116.832,-5.473,28.043,-17.957
116.852,-5.468,28.043,-18.027
116.872,-5.465,28.042,-18.074
116.892,-5.460,28.042,-18.144
116.912,-5.456,28.042,-18.190
116.932,-5.450,28.042,-18.260
116.952,-5.446,28.042,-18.307
116.972,-5.440,28.041,-18.377
116.992,-5.436,28.041,-18.424
117.012,-5.430,28.041,-18.495
117.032,-5.426,28.041,-18.541
117.052,-5.419,28.041,-18.612
117.072,-5.414,28.040,-18.659
117.092,-5.407,28.040,-18.729
117.112,-5.403,28.040,-18.776
117.132,-5.396,28.040,-18.846
117.152,-5.391,28.040,-18.893
117.172,-5.383,28.039,-18.963
117.192,-5.379,28.039,-19.010
117.212,-5.371,28.039,-19.080
117.232,-5.366,28.039,-19.127
117.252,-5.359,28.038,-19.197
117.272,-5.353,28.038,-19.244
117.292,-5.346,28.037,-19.314
117.312,-5.341,28.037,-19.361
117.332,-5.333,28.037,-19.431
117.352,-5.328,28.036,-19.478
117.372,-5.320,28.035,-19.548
117.392,-5.314,28.035,-19.595
117.412,-5.306,28.034,-19.665
117.432,-5.301,28.034,-19.712
117.452,-5.293,28.033,-19.782
117.472,-5.288,28.032,-19.829
117.492,-5.280,28.031,-19.899
117.512,-5.274,28.031,-19.946
117.532,-5.266,28.030,-20.016
117.552,-5.261,28.030,-20.063
117.572,-5.253,28.029,-20.133
117.592,-5.247,28.028,-20.180
117.612,-5.239,28.028,-20.250
117.632,-5.234,28.027,-20.297
117.652,-5.226,28.027,-20.368
117.672,-5.220,28.026,-20.415
117.692,-5.212,28.025,-20.485
117.712,-5.207,28.025,-20.532
117.732,-5.199,28.024,-20.603
117.752,-5.193,28.024,-20.650
117.772,-5.185,28.023,-20.721
117.792,-5.180,28.023,-20.768
117.812,-5.172,28.022,-20.838
117.832,-5.166,28.021,-20.886
117.854,-5.159,28.021,-20.956
117.872,-5.153,28.020,-21.003
117.893,-5.146,28.020,-21.074
117.912,-5.140,28.020,-21.121
117.932,-5.133,28.019,-21.192
117.952,-5.128,28.019,-21.239
117.972,-5.120,28.018,-21.310
117.992,-5.115,28.018,-21.357
118.012,-5.108,28.018,-21.428
118.032,-5.103,28.017,-21.475
118.052,-5.095,28.017,-21.546
118.072,-5.090,28.017,-21.593
118.092,-5.083,28.017,-21.664
118.112,-5.079,28.016,-21.711
118.132,-5.072,28.016,-21.782
118.152,-5.067,28.016,-21.829
118.172,-5.061,28.016,-21.900
118.192,-5.056,28.015,-21.947
118.212,-5.050,28.015,-22.018
118.232,-5.046,28.015,-22.065
118.252,-5.040,28.015,-22.135
118.272,-5.036,28.015,-22.182
118.292,-5.030,28.014,-22.253
118.312,-5.026,28.014,-22.300
118.332,-5.021,28.014,-22.371
118.352,-5.017,28.014,-22.418
118.372,-5.012,28.014,-22.489
118.392,-5.008,28.014,-22.536
118.412,-5.003,28.014,-22.606
118.432,-5.000,28.014,-22.653
118.452,-4.995,28.013,-22.724
118.472,-4.992,28.013,-22.771
118.494,-4.987,28.013,-22.842
118.512,-4.984,28.013,-22.889
118.532,-4.980,28.013,-22.960
118.552,-4.977,28.013,-23.007
118.573,-4.972,28.013,-23.078
118.592,-4.970,28.013,-23.125
118.612,-4.966,28.012,-23.196
118.633,-4.963,28.012,-23.243
118.652,-4.959,28.012,-23.314
118.672,-4.957,28.012,-23.361
118.692,-4.954,28.012,-23.432
118.712,-4.951,28.012,-23.480
118.732,-4.948,28.011,-23.551
118.752,-4.946,28.011,-23.598
118.772,-4.943,28.011,-23.669
118.792,-4.941,28.011,-23.716
118.812,-4.939,28.011,-23.788
118.833,-4.937,28.010,-23.835
118.853,-4.935,28.010,-23.906
118.872,-4.933,28.010,-23.954
118.892,-4.931,28.010,-24.025
118.912,-4.929,28.010,-24.072
118.932,-4.927,28.010,-24.144
118.952,-4.926,28.010,-24.191
118.972,-4.923,28.009,-24.262
118.993,-4.922,28.009,-24.310
119.012,-4.920,28.009,-24.381
119.032,-4.919,28.009,-24.429
119.052,-4.917,28.009,-24.500
119.072,-4.915,28.009,-24.547
119.092,-4.913,28.009,-24.618
119.112,-4.912,28.009,-24.665
119.132,-4.910,28.009,-24.736
119.152,-4.909,28.010,-24.784
119.172,-4.907,28.010,-24.855
119.192,-4.905,28.010,-24.902
119.212,-4.903,28.010,-24.973
119.233,-4.902,28.010,-25.021
119.252,-4.900,28.010,-25.092
119.272,-4.898,28.010,-25.139
119.292,-4.896,28.011,-25.210
119.312,-4.895,28.011,-25.257
119.332,-4.893,28.011,-25.328
119.352,-4.891,28.011,-25.375
119.372,-4.889,28.011,-25.446
119.392,-4.888,28.011,-25.494
119.412,-4.886,28.011,-25.565
119.432,-4.885,28.011,-25.612
119.452,-4.883,28.011,-25.683
119.472,-4.882,28.011,-25.730
119.494,-4.881,28.011,-25.801
119.512,-4.880,28.012,-25.848
119.532,-4.878,28.012,-25.919
119.552,-4.877,28.012,-25.966
119.572,-4.876,28.012,-26.037
119.592,-4.875,28.012,-26.084
119.612,-4.873,28.012,-26.155
119.632,-4.872,28.012,-26.203
119.652,-4.870,28.013,-26.273
119.672,-4.869,28.013,-26.321
119.692,-4.868,28.013,-26.392
119.712,-4.867,28.013,-26.439
119.732,-4.866,28.013,-26.510
119.752,-4.865,28.013,-26.558
119.772,-4.863,28.014,-26.629
119.792,-4.862,28.014,-26.676
119.812,-4.861,28.014,-26.747
119.832,-4.860,28.014,-26.795
119.852,-4.859,28.015,-26.866
119.872,-4.858,28.015,-26.913
119.892,-4.857,28.015,-26.984
119.912,-4.856,28.015,-27.032
119.932,-4.855,28.016,-27.103
119.953,-4.855,28.016,-27.151
119.972,-4.854,28.016,-27.222
119.992,-4.853,28.016,-27.270
120.013,-4.853,28.017,-27.341
120.032,-4.852,28.017,-27.389
120.052,-4.851,28.017,-27.460
120.072,-4.851,28.017,-27.507
120.092,-4.851,28.017,-27.579
120.112,-4.850,28.017,-27.626
120.132,-4.850,28.017,-27.697
120.152,-4.850,28.017,-27.745
120.172,-4.849,28.017,-27.816
120.192,-4.849,28.017,-27.864
120.212,-4.849,28.017,-27.935
120.232,-4.849,28.017,-27.983
120.252,-4.849,28.016,-28.054
120.272,-4.849,28.016,-28.101
120.292,-4.849,28.016,-28.173
120.312,-4.849,28.016,-28.220
120.332,-4.849,28.016,-28.291
120.352,-4.850,28.016,-28.338
120.372,-4.850,28.016,-28.409
120.392,-4.850,28.015,-28.456
120.412,-4.850,28.015,-28.526
120.432,-4.850,28.015,-28.572
120.452,-4.851,28.015,-28.641
120.472,-4.851,28.015,-28.687
120.493,-4.851,28.015,-28.755
120.512,-4.851,28.015,-28.800
120.532,-4.851,28.015,-28.867
120.552,-4.851,28.015,-28.911
120.572,-4.852,28.015,-28.977
120.592,-4.852,28.015,-29.020
120.612,-4.852,28.015,-29.084
120.632,-4.852,28.015,-29.126
120.652,-4.852,28.016,-29.189
120.672,-4.852,28.016,-29.231
120.692,-4.852,28.016,-29.292
120.712,-4.852,28.016,-29.333
120.732,-4.852,28.017,-29.393
120.752,-4.852,28.017,-29.433
120.773,-4.852,28.017,-29.493
120.792,-4.852,28.018,-29.532
120.812,-4.852,28.019,-29.590
120.832,-4.852,28.019,-29.629
120.852,-4.851,28.020,-29.686
120.872,-4.851,28.020,-29.724
120.892,-4.850,28.021,-29.780
120.912,-4.850,28.022,-29.817
120.932,-4.850,28.023,-29.873
120.952,-4.849,28.024,-29.909
120.972,-4.849,28.025,-29.964
120.993,-4.848,28.026,-30.000
121.012,-4.848,28.027,-30.054
121.032,-4.847,28.028,-30.089
121.052,-4.847,28.029,-30.142
121.072,-4.846,28.030,-30.177
121.092,-4.846,28.031,-30.229
121.112,-4.845,28.032,-30.264
121.133,-4.845,28.033,-30.315
121.152,-4.844,28.034,-30.349
121.172,-4.844,28.035,-30.399
121.192,-4.844,28.036,-30.432
121.212,-4.843,28.037,-30.482
121.232,-4.843,28.038,-30.515
121.252,-4.842,28.039,-30.564
121.273,-4.842,28.040,-30.597
121.292,-4.841,28.041,-30.645
121.312,-4.841,28.042,-30.677
121.332,-4.840,28.043,-30.725
121.352,-4.840,28.044,-30.756
121.372,-4.840,28.045,-30.803
121.392,-4.839,28.045,-30.834
121.412,-4.839,28.046,-30.880
121.432,-4.838,28.047,-30.910
121.452,-4.838,28.048,-30.955
121.472,-4.838,28.048,-30.985
121.492,-4.837,28.049,-31.030
121.512,-4.837,28.049,-31.060
121.532,-4.837,28.050,-31.103
121.552,-4.836,28.050,-31.132
121.572,-4.836,28.051,-31.176
121.592,-4.836,28.051,-31.204
121.613,-4.836,28.051,-31.247
121.632,-4.836,28.052,-31.275
121.652,-4.836,28.052,-31.316
121.672,-4.836,28.052,-31.344
121.692,-4.836,28.052,-31.385
121.712,-4.836,28.052,-31.413
121.732,-4.836,28.052,-31.453
121.752,-4.836,28.052,-31.480
121.772,-4.837,28.052,-31.520
121.792,-4.837,28.052,-31.546
121.813,-4.837,28.052,-31.586
121.832,-4.838,28.052,-31.612
121.852,-4.838,28.052,-31.651
121.872,-4.838,28.052,-31.676
121.892,-4.839,28.052,-31.714
121.912,-4.839,28.051,-31.740
121.933,-4.840,28.051,-31.777
121.952,-4.840,28.050,-31.802
121.972,-4.841,28.050,-31.839
121.992,-4.841,28.049,-31.863
122.012,-4.842,28.049,-31.899
122.032,-4.842,28.048,-31.923
122.052,-4.843,28.048,-31.959
122.072,-4.843,28.047,-31.982
122.092,-4.844,28.046,-32.017
122.112,-4.844,28.046,-32.040
122.132,-4.845,28.045,-32.074
122.152,-4.845,28.045,-32.097
122.172,-4.846,28.044,-32.130
122.192,-4.846,28.044,-32.153
122.212,-4.847,28.043,-32.186
122.232,-4.848,28.043,-32.207
122.252,-4.848,28.042,-32.240
122.272,-4.849,28.042,-32.261
122.292,-4.850,28.041,-32.293
122.312,-4.850,28.041,-32.314
122.332,-4.851,28.040,-32.345
122.352,-4.852,28.040,-32.366
122.372,-4.853,28.040,-32.397
122.393,-4.853,28.039,-32.417
122.412,-4.854,28.039,-32.447
122.432,-4.854,28.039,-32.467
122.452,-4.855,28.039,-32.496
122.472,-4.856,28.039,-32.515
122.492,-4.856,28.039,-32.544
122.512,-4.857,28.039,-32.563
122.532,-4.857,28.039,-32.591
122.552,-4.858,28.039,-32.610
122.572,-4.858,28.039,-32.637
122.592,-4.859,28.039,-32.656
122.612,-4.859,28.040,-32.683
122.632,-4.859,28.040,-32.700
122.652,-4.860,28.040,-32.727
122.672,-4.860,28.041,-32.744
122.692,-4.861,28.041,-32.771
122.712,-4.861,28.041,-32.788
122.734,-4.861,28.041,-32.813
122.752,-4.861,28.042,-32.830
122.772,-4.862,28.042,-32.856
122.794,-4.862,28.042,-32.872
122.812,-4.862,28.043,-32.897
122.832,-4.862,28.043,-32.914
122.852,-4.862,28.043,-32.938
122.872,-4.862,28.043,-32.955
122.892,-4.862,28.044,-32.979
122.912,-4.862,28.044,-32.994
122.932,-4.862,28.044,-33.018
122.952,-4.862,28.045,-33.034
122.972,-4.861,28.045,-33.057
122.995,-4.861,28.045,-33.072
123.012,-4.861,28.046,-33.095
123.032,-4.861,28.046,-33.110
123.052,-4.861,28.047,-33.133
123.072,-4.861,28.047,-33.148
123.092,-4.860,28.048,-33.170
123.112,-4.860,28.048,-33.184
123.133,-4.860,28.049,-33.206
123.152,-4.859,28.049,-33.220
123.172,-4.859,28.050,-33.242
123.192,-4.859,28.050,-33.256
123.212,-4.859,28.051,-33.277
123.232,-4.858,28.052,-33.291
123.252,-4.858,28.052,-33.311
123.272,-4.858,28.053,-33.325
123.292,-4.857,28.054,-33.345
123.312,-4.857,28.054,-33.358
123.332,-4.856,28.055,-33.378
123.352,-4.856,28.055,-33.391
123.372,-4.855,28.056,-33.411
123.392,-4.855,28.056,-33.424
123.412,-4.854,28.057,-33.443
123.432,-4.854,28.058,-33.456
123.454,-4.853,28.058,-33.475
123.472,-4.853,28.059,-33.487
123.492,-4.853,28.059,-33.505
123.512,-4.852,28.060,-33.518
123.532,-4.852,28.060,-33.536
123.552,-4.852,28.060,-33.548
123.572,-4.851,28.061,-33.566
123.592,-4.851,28.061,-33.578
123.612,-4.850,28.061,-33.595
123.632,-4.850,28.061,-33.607
123.652,-4.850,28.061,-33.624
123.672,-4.850,28.062,-33.636
123.692,-4.849,28.062,-33.653
123.712,-4.849,28.062,-33.664
123.732,-4.849,28.062,-33.681
123.752,-4.849,28.062,-33.692
123.772,-4.849,28.061,-33.708
123.793,-4.848,28.061,-33.719
123.812,-4.848,28.061,-33.735
123.832,-4.848,28.061,-33.745
123.852,-4.848,28.061,-33.761
123.872,-4.848,28.060,-33.772
123.892,-4.848,28.060,-33.787
123.912,-4.848,28.060,-33.797
123.932,-4.848,28.060,-33.812
123.952,-4.848,28.060,-33.823
123.974,-4.848,28.060,-33.837
123.992,-4.848,28.059,-33.847
124.012,-4.848,28.059,-33.862
124.032,-4.848,28.059,-33.871
124.052,-4.848,28.059,-33.886
124.072,-4.848,28.059,-33.895
124.092,-4.848,28.059,-33.909
124.113,-4.848,28.059,-33.918
124.132,-4.848,28.060,-33.932
124.152,-4.848,28.060,-33.941
124.172,-4.848,28.060,-33.954
124.192,-4.848,28.060,-33.963
124.212,-4.848,28.060,-33.976
124.232,-4.848,28.061,-33.984
124.252,-4.848,28.061,-33.997
124.272,-4.848,28.061,-34.006
124.292,-4.849,28.061,-34.018
124.312,-4.849,28.062,-34.027
124.332,-4.849,28.062,-34.039
124.352,-4.849,28.063,-34.048
124.372,-4.849,28.063,-34.060
124.392,-4.849,28.063,-34.068
124.412,-4.849,28.064,-34.080
124.432,-4.850,28.064,-34.088
124.452,-4.850,28.065,-34.099
124.472,-4.850,28.065,-34.107
124.492,-4.850,28.066,-34.119
124.512,-4.850,28.066,-34.126
124.532,-4.851,28.067,-34.138
124.552,-4.851,28.067,-34.145
124.572,-4.851,28.068,-34.157
124.592,-4.851,28.068,-34.164
124.612,-4.851,28.068,-34.175
124.632,-4.851,28.069,-34.182
124.652,-4.852,28.069,-34.193
124.672,-4.852,28.069,-34.201
124.693,-4.852,28.070,-34.211
124.712,-4.852,28.070,-34.219
124.732,-4.852,28.070,-34.229
124.752,-4.852,28.070,-34.236
124.773,-4.852,28.070,-34.247
124.792,-4.853,28.071,-34.254
124.812,-4.853,28.071,-34.264
124.832,-4.852,28.071,-34.271
124.852,-4.852,28.071,-34.281
124.872,-4.852,28.071,-34.287
124.892,-4.852,28.070,-34.297
124.912,-4.852,28.070,-34.304
124.932,-4.852,28.070,-34.314
124.952,-4.852,28.070,-34.320
124.972,-4.851,28.070,-34.330
124.992,-4.851,28.069,-34.336
125.012,-4.851,28.069,-34.345
125.032,-4.850,28.069,-34.352
125.052,-4.850,28.068,-34.361
125.072,-4.849,28.068,-34.367
125.092,-4.848,28.067,-34.376
125.112,-4.848,28.066,-34.382
125.132,-4.846,28.065,-34.391
125.152,-4.845,28.064,-34.397
125.172,-4.844,28.062,-34.406
125.193,-4.843,28.061,-34.412
125.212,-4.841,28.058,-34.421
125.232,-4.839,28.056,-34.427
125.252,-4.836,28.053,-34.436
125.272,-4.835,28.051,-34.442
125.292,-4.832,28.047,-34.451
125.313,-4.829,28.044,-34.456
125.332,-4.826,28.039,-34.465
125.352,-4.823,28.035,-34.470
125.373,-4.819,28.029,-34.479
125.392,-4.816,28.024,-34.485
125.412,-4.812,28.016,-34.493
125.433,-4.808,28.010,-34.499
125.452,-4.803,28.000,-34.507
125.472,-4.799,27.993,-34.513
125.492,-4.794,27.982,-34.521
125.512,-4.789,27.973,-34.527
125.532,-4.783,27.959,-34.536
125.552,-4.779,27.949,-34.541
125.573,-4.772,27.933,-34.550
125.592,-4.767,27.921,-34.555
125.612,-4.759,27.902,-34.564
125.634,-4.754,27.888,-34.569
125.652,-4.746,27.866,-34.578
125.672,-4.740,27.851,-34.583
125.692,-4.731,27.825,-34.591
125.712,-4.725,27.808,-34.597
125.732,-4.715,27.779,-34.605
125.752,-4.709,27.760,-34.610
125.772,-4.699,27.728,-34.618
125.792,-4.692,27.706,-34.623
125.812,-4.682,27.671,-34.630
125.832,-4.674,27.647,-34.635
125.852,-4.663,27.608,-34.642
125.872,-4.655,27.582,-34.646
125.892,-4.643,27.540,-34.653
125.912,-4.635,27.511,-34.657
125.932,-4.622,27.466,-34.664
125.953,-4.613,27.434,-34.668
125.972,-4.599,27.385,-34.674
125.992,-4.590,27.351,-34.678
126.012,-4.576,27.299,-34.684
126.032,-4.567,27.263,-34.688
126.052,-4.552,27.208,-34.693
126.072,-4.542,27.169,-34.697
126.092,-4.527,27.110,-34.702
126.112,-4.516,27.070,-34.706
126.132,-4.500,27.008,-34.711
126.152,-4.490,26.965,-34.714
126.172,-4.473,26.900,-34.719
126.192,-4.462,26.855,-34.722
126.212,-4.445,26.786,-34.727
126.232,-4.434,26.739,-34.730
126.252,-4.416,26.668,-34.735
126.272,-4.404,26.619,-34.738
126.292,-4.386,26.545,-34.742
126.312,-4.374,26.494,-34.745
126.332,-4.355,26.417,-34.750
126.352,-4.343,26.365,-34.753
126.372,-4.324,26.285,-34.757
126.392,-4.311,26.230,-34.760
126.412,-4.292,26.148,-34.765
126.432,-4.278,26.092,-34.768
126.452,-4.259,26.006,-34.772
126.472,-4.245,25.949,-34.775
126.494,-4.225,25.861,-34.780
126.512,-4.211,25.801,-34.783
126.532,-4.191,25.711,-34.787
126.552,-4.177,25.650,-34.790
126.572,-4.157,25.557,-34.795
126.592,-4.143,25.495,-34.797
126.612,-4.122,25.400,-34.802
126.633,-4.108,25.336,-34.804
126.652,-4.087,25.238,-34.808
126.672,-4.073,25.173,-34.811
126.692,-4.052,25.073,-34.815
126.712,-4.038,25.006,-34.818
126.732,-4.017,24.905,-34.821
126.753,-4.003,24.836,-34.824
126.772,-3.982,24.732,-34.827
126.792,-3.968,24.663,-34.829
126.812,-3.946,24.557,-34.833
126.832,-3.932,24.486,-34.835
126.852,-3.910,24.378,-34.838
126.872,-3.896,24.306,-34.840
126.892,-3.875,24.197,-34.843
126.912,-3.860,24.123,-34.845
126.932,-3.838,24.012,-34.848
126.952,-3.824,23.938,-34.850
126.972,-3.802,23.826,-34.853
126.992,-3.788,23.750,-34.855
127.012,-3.766,23.637,-34.857
127.032,-3.751,23.561,-34.859
127.052,-3.730,23.446,-34.862
127.072,-3.715,23.369,-34.863
127.092,-3.693,23.253,-34.866
127.112,-3.679,23.175,-34.867
127.132,-3.657,23.059,-34.870
127.152,-3.642,22.981,-34.872
127.172,-3.620,22.863,-34.874
127.192,-3.606,22.785,-34.876
127.212,-3.584,22.667,-34.878
127.232,-3.570,22.588,-34.880
127.252,-3.548,22.470,-34.882
127.272,-3.533,22.391,-34.884
127.292,-3.512,22.272,-34.886
127.312,-3.497,22.193,-34.888
127.332,-3.476,22.074,-34.890
127.352,-3.462,21.995,-34.892
127.372,-3.440,21.876,-34.894
127.392,-3.426,21.797,-34.895
127.412,-3.405,21.679,-34.897
127.433,-3.392,21.600,-34.899
127.452,-3.371,21.482,-34.900
127.472,-3.358,21.403,-34.902
127.492,-3.338,21.285,-34.903
127.512,-3.325,21.207,-34.905
127.532,-3.306,21.090,-34.907
127.552,-3.293,21.012,-34.908
127.572,-3.274,20.896,-34.910
127.593,-3.262,20.818,-34.911
127.612,-3.244,20.702,-34.913
127.632,-3.232,20.625,-34.914
127.652,-3.215,20.510,-34.916
127.672,-3.204,20.434,-34.917
127.692,-3.187,20.319,-34.918
127.712,-3.176,20.243,-34.920
127.732,-3.160,20.129,-34.921
127.752,-3.150,20.053,-34.922
127.772,-3.135,19.940,-34.924
127.792,-3.125,19.864,-34.925
127.812,-3.110,19.752,-34.927
127.832,-3.101,19.677,-34.928
127.852,-3.087,19.564,-34.930
127.872,-3.078,19.489,-34.931
127.892,-3.064,19.377,-34.932
127.912,-3.056,19.303,-34.934
127.932,-3.043,19.192,-34.935
127.952,-3.035,19.118,-34.936
127.972,-3.022,19.007,-34.938
127.992,-3.014,18.933,-34.939
128.012,-3.002,18.823,-34.940
128.032,-2.994,18.749,-34.941
128.052,-2.982,18.639,-34.943
128.073,-2.975,18.565,-34.944
128.092,-2.963,18.455,-34.946
128.112,-2.956,18.382,-34.947
128.132,-2.944,18.272,-34.948
128.152,-2.937,18.199,-34.950
128.172,-2.926,18.089,-34.951
128.192,-2.918,18.015,-34.952
128.212,-2.907,17.906,-34.954
128.232,-2.900,17.833,-34.955
128.252,-2.889,17.723,-34.956
128.273,-2.881,17.650,-34.957
128.292,-2.870,17.540,-34.958
128.312,-2.863,17.467,-34.959
128.332,-2.852,17.357,-34.961
128.352,-2.844,17.284,-34.962
128.372,-2.833,17.174,-34.963
128.393,-2.825,17.100,-34.964
128.412,-2.814,16.990,-34.966
128.432,-2.806,16.917,-34.967
128.452,-2.794,16.807,-34.968
128.473,-2.786,16.733,-34.969
128.492,-2.774,16.623,-34.970
128.512,-2.765,16.549,-34.971
128.534,-2.753,16.439,-34.973
128.553,-2.744,16.365,-34.973
128.572,-2.732,16.254,-34.975
128.592,-2.723,16.180,-34.976
128.612,-2.710,16.069,-34.977
128.632,-2.701,15.995,-34.978
128.652,-2.687,15.884,-34.979
128.672,-2.678,15.810,-34.980
128.692,-2.665,15.699,-34.981
128.712,-2.655,15.624,-34.982
128.732,-2.641,15.513,-34.983
128.753,-2.632,15.438,-34.983
128.772,-2.617,15.327,-34.984
128.792,-2.608,15.252,-34.985
128.812,-2.593,15.140,-34.986
128.832,-2.583,15.065,-34.986
128.852,-2.568,14.953,-34.987
128.872,-2.558,14.878,-34.988
128.892,-2.543,14.765,-34.988
128.912,-2.532,14.690,-34.989
128.934,-2.517,14.577,-34.989
128.952,-2.506,14.502,-34.989
128.972,-2.491,14.388,-34.990
128.992,-2.480,14.313,-34.990
129.012,-2.464,14.200,-34.991
129.032,-2.453,14.124,-34.991
129.053,-2.437,14.010,-34.991
129.072,-2.426,13.935,-34.992
129.092,-2.409,13.821,-34.992
129.112,-2.398,13.745,-34.992
129.132,-2.381,13.631,-34.993
129.152,-2.369,13.555,-34.993
129.172,-2.352,13.440,-34.993
129.192,-2.341,13.364,-34.993
129.213,-2.323,13.249,-34.993
129.232,-2.311,13.173,-34.994
129.252,-2.294,13.058,-34.994
129.272,-2.282,12.981,-34.994
129.292,-2.264,12.866,-34.994
129.312,-2.252,12.789,-34.994
129.332,-2.234,12.674,-34.994
129.352,-2.222,12.597,-34.995
129.372,-2.203,12.481,-34.995
129.394,-2.191,12.404,-34.995
129.412,-2.172,12.288,-34.995
129.432,-2.160,12.211,-34.995
129.452,-2.141,12.095,-34.996
129.472,-2.128,12.017,-34.996
129.492,-2.109,11.901,-34.996
129.512,-2.096,11.824,-34.997
129.532,-2.077,11.708,-34.997
129.552,-2.064,11.630,-34.997
129.572,-2.044,11.514,-34.998
129.593,-2.031,11.436,-34.998
129.612,-2.011,11.319,-34.999
129.632,-1.998,11.242,-34.999
129.652,-1.978,11.125,-35.000
129.674,-1.965,11.047,-35.001
129.692,-1.945,10.931,-35.001
129.712,-1.932,10.853,-35.002
129.732,-1.912,10.736,-35.003
129.752,-1.898,10.659,-35.003
129.772,-1.878,10.542,-35.004
129.793,-1.865,10.464,-35.005
129.812,-1.844,10.348,-35.005
129.832,-1.831,10.270,-35.006
129.852,-1.811,10.154,-35.007
129.872,-1.797,10.077,-35.008
129.892,-1.777,9.961,-35.009
129.912,-1.763,9.884,-35.009
129.932,-1.743,9.768,-35.010
129.952,-1.729,9.691,-35.011
129.972,-1.709,9.576,-35.012
129.992,-1.695,9.500,-35.013
130.012,-1.675,9.386,-35.014
130.032,-1.662,9.310,-35.015
130.052,-1.642,9.196,-35.015
130.073,-1.628,9.121,-35.016
130.092,-1.609,9.009,-35.016
130.112,-1.595,8.934,-35.016
130.132,-1.576,8.823,-35.015
130.152,-1.563,8.749,-35.014
130.172,-1.544,8.640,-35.012
130.192,-1.531,8.567,-35.011
130.212,-1.512,8.458,-35.008
130.232,-1.499,8.386,-35.005
130.252,-1.480,8.279,-35.000
130.272,-1.468,8.208,-34.996
130.292,-1.449,8.102,-34.990
130.312,-1.437,8.032,-34.985
130.332,-1.418,7.928,-34.976
130.352,-1.406,7.859,-34.970
130.373,-1.388,7.756,-34.960
130.393,-1.376,7.688,-34.952
130.413,-1.358,7.586,-34.939
130.432,-1.346,7.519,-34.930
130.452,-1.329,7.419,-34.915
130.472,-1.317,7.352,-34.905
130.492,-1.299,7.254,-34.887
130.512,-1.288,7.188,-34.875
130.532,-1.271,7.091,-34.856
130.552,-1.259,7.026,-34.842
130.572,-1.242,6.930,-34.819
130.592,-1.231,6.867,-34.804
130.612,-1.214,6.772,-34.779
130.632,-1.203,6.709,-34.761
130.652,-1.186,6.616,-34.734
130.673,-1.175,6.554,-34.715
130.692,-1.158,6.462,-34.685
130.712,-1.147,6.401,-34.664
130.732,-1.131,6.310,-34.633
130.752,-1.120,6.250,-34.611
130.772,-1.104,6.160,-34.578
130.792,-1.094,6.101,-34.555
130.812,-1.078,6.013,-34.521
130.832,-1.068,5.955,-34.498
130.852,-1.052,5.869,-34.463
130.872,-1.042,5.812,-34.439
130.892,-1.027,5.727,-34.403
130.912,-1.017,5.671,-34.379
130.932,-1.002,5.588,-34.343
130.952,-0.992,5.533,-34.318
130.972,-0.978,5.451,-34.282
130.992,-0.968,5.397,-34.257
131.012,-0.954,5.318,-34.221
131.032,-0.945,5.265,-34.196
131.052,-0.932,5.187,-34.160
131.072,-0.923,5.136,-34.136
131.092,-0.909,5.060,-34.099
131.112,-0.901,5.009,-34.075
131.132,-0.888,4.935,-34.039
131.152,-0.880,4.886,-34.015
131.172,-0.867,4.814,-33.979
131.192,-0.859,4.766,-33.955
131.212,-0.848,4.695,-33.920
131.232,-0.840,4.649,-33.896
131.252,-0.828,4.580,-33.861
131.272,-0.821,4.534,-33.838
131.292,-0.810,4.467,-33.804
131.312,-0.803,4.423,-33.782
131.332,-0.792,4.358,-33.748
131.352,-0.786,4.314,-33.726
131.374,-0.776,4.251,-33.693
131.393,-0.769,4.209,-33.671
131.412,-0.760,4.146,-33.639
131.432,-0.753,4.106,-33.617
131.453,-0.744,4.045,-33.585
131.472,-0.738,4.005,-33.563
131.492,-0.730,3.946,-33.531
131.512,-0.724,3.907,-33.510
131.532,-0.716,3.849,-33.478
131.552,-0.710,3.812,-33.456
131.572,-0.703,3.755,-33.424
131.592,-0.697,3.718,-33.403
131.612,-0.690,3.663,-33.370
131.632,-0.685,3.627,-33.349
131.652,-0.678,3.573,-33.317
131.672,-0.674,3.538,-33.295
131.692,-0.667,3.486,-33.263
131.712,-0.663,3.451,-33.241
131.732,-0.657,3.400,-33.208
131.752,-0.652,3.366,-33.187
131.773,-0.646,3.316,-33.154
131.792,-0.643,3.283,-33.132
131.812,-0.637,3.234,-33.099
131.832,-0.633,3.201,-33.077
131.852,-0.628,3.153,-33.044
131.872,-0.624,3.122,-33.022
131.892,-0.619,3.075,-32.988
131.913,-0.615,3.044,-32.966
131.932,-0.610,2.997,-32.932
131.952,-0.607,2.967,-32.910
131.972,-0.602,2.922,-32.876
131.992,-0.599,2.892,-32.854
