t_s,x_ned,y_ned,z_ned
1.005,-0.033,-0.002,-0.044
1.026,-0.033,-0.002,-0.044
1.045,-0.033,-0.003,-0.044
1.065,-0.033,-0.003,-0.044
1.085,-0.034,-0.003,-0.045
1.107,-0.034,-0.003,-0.045
1.125,-0.034,-0.004,-0.045
1.145,-0.035,-0.004,-0.045
1.165,-0.035,-0.004,-0.045
1.185,-0.035,-0.004,-0.046
1.205,-0.035,-0.004,-0.046
1.225,-0.036,-0.005,-0.046
1.245,-0.036,-0.005,-0.046
1.265,-0.036,-0.005,-0.047
1.287,-0.036,-0.005,-0.047
1.306,-0.036,-0.005,-0.047
1.325,-0.036,-0.006,-0.047
1.345,-0.036,-0.006,-0.048
1.366,-0.037,-0.006,-0.048
1.385,-0.037,-0.006,-0.048
1.405,-0.037,-0.006,-0.049
1.426,-0.037,-0.006,-0.049
1.445,-0.037,-0.006,-0.049
1.465,-0.037,-0.006,-0.050
1.486,-0.037,-0.006,-0.050
1.506,-0.037,-0.007,-0.050
1.525,-0.037,-0.007,-0.051
1.546,-0.037,-0.007,-0.051
1.565,-0.038,-0.007,-0.051
1.585,-0.038,-0.007,-0.051
1.607,-0.038,-0.007,-0.052
1.625,-0.038,-0.007,-0.052
1.645,-0.039,-0.008,-0.053
1.665,-0.039,-0.008,-0.053
1.686,-0.040,-0.008,-0.053
1.705,-0.040,-0.008,-0.054
1.725,-0.041,-0.008,-0.054
1.745,-0.041,-0.009,-0.054
1.765,-0.042,-0.009,-0.055
1.785,-0.042,-0.009,-0.055
1.806,-0.043,-0.009,-0.056
1.826,-0.043,-0.010,-0.056
1.845,-0.044,-0.010,-0.057
1.866,-0.044,-0.010,-0.057
1.886,-0.045,-0.010,-0.058
1.906,-0.046,-0.011,-0.058
1.925,-0.047,-0.011,-0.059
1.945,-0.047,-0.011,-0.059
1.965,-0.048,-0.011,-0.060
1.985,-0.049,-0.012,-0.060
2.006,-0.050,-0.012,-0.061
2.026,-0.050,-0.012,-0.061
2.045,-0.051,-0.012,-0.062
2.065,-0.052,-0.012,-0.062
2.087,-0.053,-0.012,-0.062
2.105,-0.054,-0.013,-0.063
2.125,-0.055,-0.013,-0.063
2.146,-0.055,-0.013,-0.063
2.166,-0.056,-0.013,-0.064
2.185,-0.057,-0.013,-0.064
2.207,-0.058,-0.013,-0.064
2.225,-0.058,-0.014,-0.064
2.245,-0.059,-0.014,-0.065
2.265,-0.060,-0.014,-0.065
2.285,-0.061,-0.014,-0.065
2.306,-0.061,-0.014,-0.065
2.325,-0.062,-0.014,-0.065
2.345,-0.062,-0.015,-0.066
2.365,-0.063,-0.015,-0.066
2.385,-0.063,-0.015,-0.066
2.406,-0.064,-0.015,-0.066
2.426,-0.064,-0.016,-0.067
2.445,-0.064,-0.016,-0.067
2.465,-0.065,-0.016,-0.067
2.485,-0.065,-0.016,-0.067
2.506,-0.065,-0.016,-0.068
2.525,-0.066,-0.016,-0.068
2.546,-0.066,-0.017,-0.068
2.565,-0.066,-0.017,-0.068
2.585,-0.066,-0.017,-0.069
2.606,-0.067,-0.017,-0.069
2.625,-0.067,-0.017,-0.069
2.645,-0.067,-0.017,-0.069
2.665,-0.067,-0.017,-0.069
2.686,-0.067,-0.017,-0.070
2.705,-0.067,-0.017,-0.070
2.725,-0.067,-0.017,-0.070
2.745,-0.067,-0.017,-0.070
2.765,-0.067,-0.016,-0.071
2.785,-0.067,-0.016,-0.071
2.806,-0.067,-0.016,-0.071
2.825,-0.067,-0.016,-0.072
2.845,-0.067,-0.016,-0.072
2.865,-0.067,-0.016,-0.072
2.885,-0.067,-0.015,-0.072
2.905,-0.067,-0.015,-0.073
2.925,-0.067,-0.015,-0.073
2.945,-0.067,-0.015,-0.073
2.965,-0.067,-0.014,-0.074
2.985,-0.067,-0.014,-0.074
3.006,-0.067,-0.014,-0.074
3.025,-0.067,-0.014,-0.074
3.045,-0.066,-0.013,-0.075
3.065,-0.066,-0.013,-0.075
3.085,-0.066,-0.013,-0.075
3.105,-0.066,-0.012,-0.075
3.125,-0.065,-0.012,-0.076
3.145,-0.065,-0.012,-0.076
3.165,-0.065,-0.011,-0.076
3.185,-0.065,-0.011,-0.076
3.206,-0.064,-0.011,-0.077
3.226,-0.064,-0.010,-0.077
3.245,-0.064,-0.010,-0.077
3.267,-0.064,-0.010,-0.078
3.285,-0.064,-0.009,-0.078
3.305,-0.063,-0.009,-0.078
3.325,-0.063,-0.008,-0.078
3.346,-0.063,-0.007,-0.078
3.365,-0.063,-0.007,-0.079
3.385,-0.063,-0.006,-0.079
3.407,-0.062,-0.005,-0.079
3.425,-0.062,-0.005,-0.079
3.445,-0.062,-0.004,-0.079
3.465,-0.062,-0.003,-0.079
3.486,-0.062,-0.002,-0.079
3.505,-0.061,-0.002,-0.079
3.525,-0.061,-0.001,-0.079
3.545,-0.061,-0.000,-0.078
3.565,-0.061,0.001,-0.078
3.585,-0.061,0.001,-0.078
3.606,-0.061,0.002,-0.078
3.625,-0.060,0.003,-0.078
3.645,-0.060,0.004,-0.078
3.665,-0.060,0.004,-0.077
3.685,-0.060,0.005,-0.077
3.705,-0.060,0.006,-0.077
3.725,-0.059,0.007,-0.077
3.745,-0.059,0.007,-0.077
3.765,-0.059,0.008,-0.076
3.786,-0.059,0.008,-0.076
3.806,-0.058,0.009,-0.076
3.825,-0.058,0.010,-0.076
3.845,-0.058,0.010,-0.075
3.865,-0.058,0.011,-0.075
3.885,-0.058,0.011,-0.075
3.905,-0.058,0.012,-0.074
3.926,-0.057,0.012,-0.074
3.946,-0.057,0.012,-0.073
3.965,-0.057,0.013,-0.073
3.985,-0.057,0.013,-0.073
4.007,-0.056,0.014,-0.072
4.026,-0.056,0.014,-0.072
4.045,-0.056,0.014,-0.071
4.065,-0.056,0.014,-0.071
4.085,-0.056,0.015,-0.070
4.105,-0.055,0.015,-0.070
4.126,-0.055,0.015,-0.070
4.145,-0.055,0.016,-0.069
4.165,-0.055,0.016,-0.069
4.185,-0.055,0.016,-0.069
4.205,-0.054,0.016,-0.069
4.225,-0.054,0.016,-0.069
4.245,-0.054,0.016,-0.070
4.265,-0.054,0.016,-0.071
4.285,-0.053,0.016,-0.073
4.306,-0.053,0.016,-0.075
4.326,-0.052,0.016,-0.079
4.345,-0.052,0.016,-0.082
4.365,-0.051,0.015,-0.088
4.385,-0.051,0.015,-0.093
4.406,-0.050,0.014,-0.101
4.425,-0.049,0.014,-0.107
4.446,-0.048,0.013,-0.117
4.465,-0.047,0.013,-0.124
4.485,-0.046,0.012,-0.137
4.506,-0.045,0.011,-0.146
4.526,-0.043,0.011,-0.161
4.545,-0.042,0.010,-0.172
4.565,-0.040,0.009,-0.190
4.586,-0.039,0.008,-0.202
4.606,-0.037,0.007,-0.222
4.625,-0.035,0.006,-0.236
4.645,-0.033,0.005,-0.259
4.667,-0.031,0.004,-0.275
4.686,-0.028,0.002,-0.300
4.705,-0.026,0.001,-0.318
4.726,-0.023,-0.000,-0.346
4.745,-0.021,-0.001,-0.366
4.765,-0.018,-0.003,-0.396
4.786,-0.016,-0.004,-0.417
4.806,-0.013,-0.006,-0.450
4.825,-0.011,-0.008,-0.473
4.845,-0.007,-0.010,-0.509
4.865,-0.005,-0.011,-0.533
4.885,-0.002,-0.013,-0.571
4.905,0.000,-0.014,-0.597
4.926,0.003,-0.016,-0.638
4.945,0.005,-0.018,-0.665
4.965,0.009,-0.020,-0.708
4.986,0.011,-0.021,-0.738
5.006,0.013,-0.023,-0.783
5.025,0.015,-0.025,-0.814
5.046,0.018,-0.027,-0.861
5.066,0.020,-0.028,-0.894
5.085,0.023,-0.030,-0.944
5.105,0.025,-0.031,-0.978
5.125,0.027,-0.033,-1.031
5.145,0.029,-0.034,-1.066
5.165,0.032,-0.036,-1.121
5.186,0.033,-0.037,-1.158
5.206,0.036,-0.038,-1.214
5.225,0.037,-0.039,-1.252
5.247,0.039,-0.040,-1.310
5.265,0.040,-0.041,-1.350
5.285,0.042,-0.042,-1.409
5.305,0.044,-0.043,-1.448
5.326,0.045,-0.044,-1.509
5.345,0.047,-0.044,-1.549
5.365,0.048,-0.045,-1.610
5.386,0.049,-0.046,-1.650
5.405,0.051,-0.046,-1.711
5.425,0.052,-0.047,-1.752
5.446,0.053,-0.047,-1.814
5.466,0.054,-0.048,-1.855
5.485,0.055,-0.048,-1.917
5.506,0.055,-0.048,-1.959
5.527,0.056,-0.049,-2.021
5.545,0.057,-0.049,-2.062
5.565,0.058,-0.049,-2.125
5.586,0.058,-0.049,-2.166
5.606,0.059,-0.049,-2.228
5.625,0.059,-0.049,-2.270
5.646,0.059,-0.049,-2.333
5.665,0.059,-0.049,-2.374
5.685,0.060,-0.049,-2.437
5.706,0.060,-0.049,-2.478
5.726,0.060,-0.049,-2.541
5.745,0.060,-0.049,-2.583
5.765,0.060,-0.049,-2.645
5.785,0.060,-0.049,-2.687
5.806,0.060,-0.049,-2.750
5.825,0.059,-0.048,-2.792
5.849,0.059,-0.048,-2.855
5.865,0.059,-0.048,-2.897
5.885,0.059,-0.047,-2.960
5.906,0.058,-0.047,-3.002
5.925,0.058,-0.046,-3.065
5.945,0.057,-0.046,-3.108
5.966,0.057,-0.045,-3.171
5.986,0.056,-0.044,-3.213
6.005,0.056,-0.044,-3.276
6.025,0.055,-0.043,-3.319
6.046,0.055,-0.042,-3.382
6.065,0.054,-0.042,-3.425
6.085,0.053,-0.041,-3.488
6.106,0.053,-0.040,-3.531
6.125,0.052,-0.039,-3.594
6.145,0.051,-0.039,-3.637
6.166,0.050,-0.038,-3.700
6.186,0.050,-0.037,-3.743
6.205,0.049,-0.037,-3.807
6.225,0.048,-0.036,-3.849
6.245,0.047,-0.035,-3.913
6.265,0.047,-0.034,-3.956
6.286,0.046,-0.034,-4.019
6.306,0.045,-0.033,-4.062
6.326,0.044,-0.032,-4.126
6.345,0.043,-0.031,-4.169
6.365,0.042,-0.030,-4.233
6.386,0.042,-0.030,-4.276
6.406,0.041,-0.029,-4.340
6.425,0.040,-0.028,-4.383
6.445,0.039,-0.027,-4.448
6.465,0.038,-0.026,-4.491
6.485,0.037,-0.025,-4.555
6.506,0.036,-0.025,-4.599
6.526,0.035,-0.024,-4.663
6.545,0.034,-0.023,-4.707
6.566,0.033,-0.022,-4.771
6.587,0.032,-0.021,-4.815
6.605,0.031,-0.020,-4.880
6.625,0.030,-0.019,-4.924
6.645,0.029,-0.018,-4.989
6.665,0.028,-0.018,-5.033
6.685,0.027,-0.016,-5.098
6.706,0.026,-0.016,-5.142
6.725,0.025,-0.015,-5.208
6.745,0.024,-0.014,-5.252
6.766,0.023,-0.013,-5.318
6.785,0.022,-0.012,-5.362
6.805,0.021,-0.011,-5.428
6.826,0.020,-0.010,-5.472
6.845,0.019,-0.009,-5.538
6.865,0.018,-0.009,-5.582
6.885,0.017,-0.008,-5.649
6.906,0.017,-0.007,-5.693
6.925,0.015,-0.006,-5.760
6.945,0.015,-0.006,-5.804
6.965,0.013,-0.005,-5.871
6.985,0.013,-0.005,-5.915
7.005,0.011,-0.004,-5.982
7.026,0.010,-0.003,-6.026
7.045,0.009,-0.003,-6.093
7.065,0.008,-0.002,-6.138
7.085,0.007,-0.002,-6.205
7.105,0.006,-0.001,-6.249
7.125,0.004,-0.001,-6.316
7.145,0.003,-0.001,-6.361
7.166,0.002,-0.000,-6.428
7.185,0.001,-0.000,-6.473
7.205,-0.001,0.000,-6.540
7.225,-0.002,0.001,-6.585
7.245,-0.003,0.001,-6.652
7.265,-0.004,0.001,-6.697
7.285,-0.006,0.001,-6.765
7.306,-0.006,0.001,-6.810
7.325,-0.008,0.002,-6.877
7.345,-0.009,0.002,-6.922
7.365,-0.010,0.002,-6.990
7.385,-0.011,0.002,-7.035
7.405,-0.012,0.002,-7.103
7.425,-0.013,0.002,-7.148
7.445,-0.014,0.002,-7.216
7.465,-0.015,0.001,-7.261
7.485,-0.016,0.001,-7.328
7.506,-0.016,0.001,-7.373
7.525,-0.017,0.001,-7.439
7.545,-0.018,0.001,-7.483
7.565,-0.019,0.000,-7.547
7.585,-0.019,0.000,-7.590
7.605,-0.020,0.000,-7.653
7.625,-0.020,0.000,-7.694
7.645,-0.020,0.000,-7.755
7.665,-0.021,-0.000,-7.795
7.685,-0.021,-0.000,-7.853
7.705,-0.021,-0.000,-7.891
7.725,-0.021,-0.001,-7.946
7.747,-0.021,-0.001,-7.983
7.766,-0.021,-0.001,-8.036
7.785,-0.021,-0.001,-8.070
7.805,-0.021,-0.002,-8.120
7.826,-0.021,-0.002,-8.153
7.845,-0.020,-0.002,-8.201
7.865,-0.020,-0.003,-8.232
7.885,-0.020,-0.003,-8.277
7.906,-0.020,-0.003,-8.306
7.925,-0.019,-0.004,-8.348
7.945,-0.019,-0.004,-8.376
7.966,-0.019,-0.004,-8.416
7.985,-0.019,-0.005,-8.442
8.005,-0.018,-0.005,-8.480
8.026,-0.018,-0.005,-8.504
8.045,-0.018,-0.006,-8.540
8.065,-0.017,-0.006,-8.563
8.085,-0.017,-0.007,-8.597
8.106,-0.017,-0.007,-8.619
8.125,-0.016,-0.007,-8.650
8.145,-0.016,-0.008,-8.671
8.166,-0.015,-0.008,-8.701
8.185,-0.014,-0.008,-8.721
8.206,-0.014,-0.009,-8.749
8.225,-0.013,-0.009,-8.768
8.245,-0.013,-0.009,-8.795
8.265,-0.012,-0.010,-8.813
8.285,-0.011,-0.010,-8.841
8.305,-0.011,-0.010,-8.860
8.325,-0.011,-0.011,-8.889
8.345,-0.010,-0.011,-8.909
8.366,-0.011,-0.011,-8.938
8.385,-0.011,-0.012,-8.958
8.405,-0.012,-0.013,-8.987
8.426,-0.014,-0.013,-9.006
8.445,-0.017,-0.014,-9.034
8.465,-0.020,-0.015,-9.052
8.485,-0.025,-0.016,-9.078
8.506,-0.030,-0.017,-9.096
8.525,-0.038,-0.018,-9.120
8.546,-0.045,-0.019,-9.137
8.565,-0.057,-0.020,-9.160
8.585,-0.066,-0.020,-9.174
8.606,-0.082,-0.021,-9.195
8.626,-0.094,-0.021,-9.209
8.646,-0.115,-0.021,-9.228
8.666,-0.130,-0.020,-9.240
8.686,-0.155,-0.019,-9.257
8.705,-0.173,-0.018,-9.267
8.725,-0.204,-0.015,-9.282
8.746,-0.225,-0.012,-9.292
8.765,-0.261,-0.008,-9.305
8.785,-0.286,-0.004,-9.314
8.806,-0.327,0.003,-9.327
8.826,-0.355,0.008,-9.335
8.845,-0.401,0.017,-9.348
8.865,-0.433,0.023,-9.355
8.886,-0.483,0.034,-9.367
8.906,-0.518,0.043,-9.374
8.925,-0.573,0.056,-9.384
8.946,-0.611,0.065,-9.390
8.965,-0.670,0.081,-9.400
8.985,-0.710,0.092,-9.406
9.006,-0.772,0.109,-9.415
9.025,-0.815,0.121,-9.421
9.045,-0.881,0.141,-9.429
9.066,-0.925,0.154,-9.435
9.085,-0.994,0.175,-9.443
9.106,-1.041,0.190,-9.448
9.125,-1.112,0.213,-9.457
9.146,-1.161,0.229,-9.463
9.166,-1.234,0.253,-9.471
9.185,-1.285,0.270,-9.477
9.207,-1.361,0.295,-9.486
9.225,-1.412,0.313,-9.492
9.245,-1.490,0.340,-9.500
9.265,-1.543,0.358,-9.506
9.286,-1.623,0.385,-9.515
9.306,-1.676,0.404,-9.520
9.325,-1.758,0.432,-9.528
9.346,-1.812,0.451,-9.534
9.365,-1.894,0.480,-9.542
9.385,-1.949,0.499,-9.547
9.408,-2.033,0.528,-9.554
9.425,-2.088,0.548,-9.559
9.445,-2.172,0.577,-9.567
9.465,-2.228,0.597,-9.572
9.485,-2.313,0.627,-9.580
9.505,-2.369,0.646,-9.585
9.525,-2.454,0.676,-9.592
9.545,-2.511,0.696,-9.598
9.566,-2.596,0.725,-9.606
9.585,-2.653,0.745,-9.611
9.605,-2.738,0.775,-9.619
9.625,-2.795,0.795,-9.624
9.645,-2.880,0.824,-9.632
9.665,-2.937,0.844,-9.637
9.685,-3.022,0.874,-9.645
9.705,-3.079,0.893,-9.649
9.726,-3.163,0.922,-9.656
9.745,-3.220,0.942,-9.661
9.765,-3.304,0.971,-9.668
9.785,-3.360,0.990,-9.672
9.806,-3.444,1.019,-9.678
9.825,-3.499,1.038,-9.682
9.845,-3.582,1.066,-9.687
9.868,-3.637,1.085,-9.691
9.885,-3.719,1.112,-9.697
9.905,-3.774,1.131,-9.700
9.926,-3.854,1.158,-9.705
9.945,-3.908,1.176,-9.709
9.965,-3.987,1.202,-9.714
9.985,-4.039,1.220,-9.717
10.006,-4.117,1.246,-9.722
10.025,-4.168,1.263,-9.725
10.045,-4.244,1.288,-9.730
10.066,-4.294,1.304,-9.733
10.085,-4.368,1.328,-9.738
10.105,-4.417,1.344,-9.741
10.125,-4.489,1.367,-9.746
10.145,-4.536,1.382,-9.749
10.165,-4.605,1.405,-9.754
10.185,-4.651,1.419,-9.757
10.207,-4.718,1.440,-9.762
10.225,-4.761,1.454,-9.765
10.245,-4.826,1.474,-9.769
10.266,-4.868,1.487,-9.772
10.285,-4.929,1.506,-9.777
10.305,-4.969,1.518,-9.780
10.326,-5.028,1.536,-9.784
10.346,-5.066,1.547,-9.787
10.365,-5.122,1.564,-9.793
10.385,-5.158,1.574,-9.797
10.405,-5.210,1.589,-9.804
10.425,-5.244,1.599,-9.810
10.445,-5.292,1.613,-9.820
10.465,-5.322,1.622,-9.828
10.485,-5.365,1.634,-9.841
10.505,-5.391,1.642,-9.851
10.525,-5.427,1.653,-9.866
10.546,-5.449,1.660,-9.876
10.565,-5.479,1.669,-9.893
10.586,-5.497,1.676,-9.903
10.606,-5.520,1.684,-9.919
10.625,-5.533,1.689,-9.929
10.645,-5.549,1.697,-9.943
10.665,-5.558,1.702,-9.952
10.686,-5.569,1.708,-9.964
10.705,-5.573,1.712,-9.971
10.727,-5.577,1.718,-9.980
10.746,-5.577,1.722,-9.985
10.765,-5.574,1.727,-9.992
10.785,-5.569,1.731,-9.995
10.806,-5.559,1.735,-9.999
10.825,-5.550,1.738,-10.001
10.845,-5.533,1.742,-10.003
10.865,-5.519,1.745,-10.004
10.885,-5.496,1.749,-10.003
10.906,-5.478,1.751,-10.003
10.928,-5.447,1.755,-10.001
10.946,-5.425,1.757,-9.999
10.966,-5.388,1.760,-9.995
10.985,-5.362,1.762,-9.992
11.007,-5.319,1.766,-9.988
11.025,-5.289,1.768,-9.984
11.046,-5.240,1.771,-9.978
11.065,-5.206,1.773,-9.975
11.085,-5.152,1.776,-9.968
11.107,-5.114,1.778,-9.964
11.126,-5.055,1.782,-9.958
11.145,-5.014,1.784,-9.953
11.165,-4.950,1.787,-9.947
11.186,-4.906,1.789,-9.943
11.206,-4.839,1.793,-9.936
11.225,-4.792,1.795,-9.932
11.246,-4.721,1.798,-9.926
11.265,-4.672,1.801,-9.923
11.286,-4.598,1.804,-9.917
11.306,-4.548,1.807,-9.914
11.325,-4.471,1.810,-9.909
11.345,-4.418,1.812,-9.906
11.365,-4.339,1.816,-9.902
11.386,-4.286,1.818,-9.900
11.405,-4.205,1.821,-9.897
11.425,-4.150,1.823,-9.895
11.445,-4.068,1.827,-9.892
11.466,-4.013,1.829,-9.891
11.485,-3.929,1.832,-9.889
11.506,-3.874,1.833,-9.888
11.526,-3.790,1.836,-9.887
11.546,-3.734,1.838,-9.886
11.565,-3.650,1.841,-9.885
11.585,-3.594,1.842,-9.885
11.607,-3.510,1.845,-9.885
11.625,-3.454,1.846,-9.885
11.645,-3.370,1.848,-9.886
11.665,-3.314,1.850,-9.887
11.685,-3.231,1.851,-9.888
11.705,-3.175,1.853,-9.888
11.726,-3.092,1.854,-9.890
11.745,-3.037,1.855,-9.891
11.765,-2.954,1.857,-9.892
11.786,-2.900,1.858,-9.893
11.806,-2.818,1.859,-9.895
11.825,-2.764,1.860,-9.897
11.846,-2.683,1.861,-9.899
11.865,-2.629,1.862,-9.900
11.885,-2.549,1.863,-9.902
11.906,-2.495,1.863,-9.904
11.926,-2.416,1.864,-9.906
11.945,-2.363,1.865,-9.908
11.965,-2.284,1.866,-9.910
11.986,-2.231,1.866,-9.911
12.006,-2.152,1.867,-9.914
12.025,-2.100,1.867,-9.915
12.048,-2.022,1.868,-9.918
12.065,-1.971,1.869,-9.919
12.085,-1.893,1.869,-9.922
12.106,-1.842,1.870,-9.923
12.125,-1.765,1.871,-9.925
12.145,-1.714,1.871,-9.927
12.166,-1.637,1.872,-9.929
12.186,-1.586,1.872,-9.931
12.205,-1.510,1.873,-9.933
12.225,-1.459,1.874,-9.934
12.247,-1.382,1.875,-9.936
12.265,-1.332,1.876,-9.937
12.285,-1.256,1.877,-9.939
12.305,-1.205,1.877,-9.941
12.326,-1.129,1.879,-9.942
12.345,-1.079,1.879,-9.943
12.365,-1.003,1.880,-9.945
12.386,-0.952,1.881,-9.946
12.406,-0.876,1.882,-9.947
12.425,-0.826,1.883,-9.948
12.446,-0.750,1.884,-9.950
12.465,-0.699,1.885,-9.950
12.485,-0.623,1.887,-9.952
12.506,-0.573,1.887,-9.952
12.525,-0.496,1.889,-9.953
12.545,-0.446,1.890,-9.954
12.565,-0.369,1.891,-9.955
12.586,-0.319,1.892,-9.956
12.605,-0.242,1.893,-9.956
12.625,-0.191,1.894,-9.957
12.645,-0.115,1.896,-9.958
12.665,-0.064,1.896,-9.958
12.685,0.013,1.898,-9.959
12.708,0.064,1.899,-9.959
12.725,0.141,1.900,-9.960
12.745,0.193,1.901,-9.960
12.765,0.270,1.903,-9.961
12.785,0.322,1.903,-9.961
12.805,0.399,1.905,-9.962
12.825,0.451,1.906,-9.962
12.845,0.529,1.907,-9.963
12.865,0.581,1.908,-9.963
12.885,0.659,1.909,-9.963
12.906,0.711,1.910,-9.964
12.925,0.790,1.911,-9.964
12.945,0.842,1.912,-9.964
12.966,0.920,1.914,-9.965
12.985,0.973,1.915,-9.965
13.005,1.052,1.916,-9.965
13.025,1.104,1.917,-9.965
13.045,1.183,1.918,-9.966
13.065,1.236,1.919,-9.966
13.085,1.316,1.920,-9.966
13.105,1.369,1.921,-9.966
13.125,1.449,1.922,-9.967
13.145,1.502,1.923,-9.967
13.165,1.582,1.924,-9.967
13.185,1.635,1.925,-9.967
13.205,1.715,1.926,-9.968
13.226,1.769,1.927,-9.968
13.245,1.850,1.928,-9.968
13.265,1.903,1.928,-9.968
13.285,1.984,1.929,-9.969
13.306,2.038,1.930,-9.969
13.325,2.119,1.931,-9.969
13.345,2.173,1.931,-9.969
13.368,2.255,1.932,-9.970
13.385,2.309,1.933,-9.970
13.405,2.390,1.934,-9.970
13.425,2.445,1.934,-9.971
13.446,2.526,1.935,-9.971
13.465,2.580,1.935,-9.971
13.485,2.662,1.936,-9.971
13.505,2.717,1.937,-9.972
13.525,2.799,1.937,-9.972
13.545,2.853,1.938,-9.972
13.565,2.935,1.938,-9.972
13.585,2.990,1.939,-9.972
13.606,3.073,1.939,-9.972
13.625,3.128,1.940,-9.972
13.647,3.210,1.940,-9.972
13.665,3.265,1.940,-9.972
13.685,3.348,1.941,-9.972
13.706,3.403,1.941,-9.972
13.725,3.486,1.942,-9.972
13.745,3.541,1.942,-9.972
13.766,3.624,1.943,-9.972
13.785,3.680,1.943,-9.972
13.805,3.763,1.943,-9.972
13.825,3.819,1.943,-9.972
13.845,3.902,1.944,-9.972
13.865,3.958,1.944,-9.971
13.886,4.042,1.944,-9.971
13.906,4.098,1.944,-9.971
13.925,4.181,1.944,-9.971
13.945,4.237,1.944,-9.971
13.966,4.321,1.944,-9.971
13.986,4.377,1.944,-9.971
14.005,4.461,1.944,-9.971
14.027,4.517,1.944,-9.971
14.045,4.601,1.945,-9.971
14.065,4.657,1.945,-9.971
14.085,4.741,1.945,-9.970
14.105,4.797,1.945,-9.970
14.125,4.882,1.945,-9.970
14.145,4.938,1.945,-9.970
14.166,5.022,1.945,-9.970
14.185,5.079,1.945,-9.970
14.205,5.163,1.945,-9.970
14.226,5.220,1.945,-9.970
14.245,5.304,1.945,-9.970
14.265,5.361,1.945,-9.970
14.286,5.445,1.945,-9.970
14.306,5.502,1.945,-9.970
14.325,5.587,1.944,-9.970
14.345,5.643,1.944,-9.970
14.365,5.728,1.944,-9.970
14.385,5.785,1.944,-9.970
14.405,5.870,1.944,-9.970
14.425,5.927,1.944,-9.970
14.445,6.012,1.944,-9.970
14.465,6.069,1.944,-9.970
14.487,6.155,1.944,-9.971
14.506,6.212,1.944,-9.971
14.525,6.297,1.943,-9.971
14.546,6.354,1.943,-9.971
14.566,6.440,1.943,-9.971
14.585,6.497,1.943,-9.971
14.605,6.583,1.943,-9.972
14.625,6.640,1.942,-9.972
14.645,6.726,1.942,-9.972
14.665,6.784,1.941,-9.972
14.686,6.870,1.941,-9.972
14.706,6.927,1.940,-9.973
14.725,7.013,1.940,-9.973
14.746,7.071,1.940,-9.973
14.767,7.157,1.939,-9.973
14.785,7.214,1.939,-9.974
14.805,7.301,1.938,-9.974
14.825,7.358,1.938,-9.974
14.845,7.445,1.937,-9.974
14.865,7.502,1.937,-9.975
14.888,7.589,1.936,-9.975
14.905,7.646,1.936,-9.975
14.925,7.733,1.936,-9.975
14.945,7.790,1.935,-9.975
14.966,7.877,1.935,-9.976
14.985,7.935,1.935,-9.976
15.006,8.021,1.934,-9.976
15.026,8.079,1.934,-9.976
15.045,8.165,1.934,-9.976
15.065,8.223,1.934,-9.976
15.085,8.310,1.933,-9.977
15.105,8.368,1.933,-9.977
15.125,8.454,1.933,-9.977
15.145,8.512,1.932,-9.977
15.165,8.599,1.932,-9.977
15.185,8.657,1.932,-9.977
15.207,8.744,1.932,-9.977
15.228,8.801,1.932,-9.977
15.245,8.888,1.931,-9.977
15.265,8.946,1.931,-9.976
15.286,9.033,1.931,-9.976
15.305,9.091,1.931,-9.976
15.325,9.178,1.931,-9.976
15.346,9.236,1.931,-9.976
15.366,9.323,1.931,-9.976
15.385,9.381,1.931,-9.976
15.405,9.469,1.930,-9.976
15.426,9.527,1.930,-9.975
15.446,9.614,1.930,-9.975
15.465,9.673,1.930,-9.975
15.486,9.760,1.930,-9.975
15.505,9.819,1.930,-9.975
15.525,9.907,1.930,-9.975
15.545,9.965,1.930,-9.975
15.565,10.053,1.930,-9.975
15.585,10.112,1.930,-9.975
15.605,10.200,1.930,-9.975
15.626,10.259,1.930,-9.975
15.645,10.347,1.930,-9.975
15.665,10.406,1.930,-9.975
15.686,10.494,1.930,-9.975
15.705,10.553,1.930,-9.975
15.725,10.641,1.930,-9.975
15.747,10.700,1.930,-9.975
15.766,10.789,1.930,-9.975
15.785,10.848,1.930,-9.975
15.805,10.936,1.930,-9.975
15.826,10.995,1.930,-9.975
15.845,11.083,1.929,-9.976
15.865,11.142,1.929,-9.976
15.885,11.231,1.929,-9.976
15.905,11.290,1.929,-9.976
15.925,11.378,1.928,-9.976
15.946,11.437,1.928,-9.976
15.965,11.526,1.928,-9.976
15.985,11.585,1.927,-9.976
16.006,11.674,1.927,-9.976
16.027,11.733,1.926,-9.976
16.045,11.821,1.926,-9.976
16.066,11.880,1.925,-9.976
16.085,11.969,1.925,-9.976
16.105,12.028,1.924,-9.976
16.125,12.117,1.923,-9.976
16.146,12.176,1.923,-9.976
16.165,12.265,1.922,-9.976
16.185,12.324,1.922,-9.976
16.206,12.413,1.921,-9.976
16.225,12.472,1.921,-9.976
16.245,12.561,1.921,-9.976
16.266,12.620,1.920,-9.976
16.285,12.709,1.920,-9.976
16.306,12.769,1.919,-9.976
16.325,12.858,1.919,-9.976
16.345,12.917,1.919,-9.975
16.365,13.006,1.918,-9.975
16.385,13.066,1.918,-9.975
16.405,13.155,1.918,-9.975
16.425,13.214,1.917,-9.974
16.445,13.303,1.917,-9.974
16.466,13.363,1.917,-9.974
16.485,13.452,1.917,-9.973
16.505,13.511,1.917,-9.973
16.526,13.600,1.916,-9.973
16.545,13.660,1.916,-9.973
16.565,13.749,1.916,-9.972
16.585,13.808,1.916,-9.972
16.606,13.897,1.916,-9.972
16.625,13.957,1.916,-9.972
16.645,14.046,1.916,-9.972
16.666,14.106,1.917,-9.972
16.685,14.195,1.917,-9.972
16.705,14.254,1.917,-9.971
16.725,14.344,1.917,-9.971
16.745,14.403,1.917,-9.971
16.765,14.492,1.918,-9.971
16.785,14.552,1.918,-9.971
16.805,14.641,1.918,-9.971
16.825,14.701,1.918,-9.971
16.845,14.790,1.919,-9.971
16.866,14.850,1.919,-9.971
16.885,14.939,1.920,-9.971
16.905,14.999,1.920,-9.971
16.925,15.088,1.920,-9.972
16.945,15.148,1.921,-9.972
16.965,15.237,1.921,-9.972
16.986,15.297,1.922,-9.972
17.006,15.386,1.922,-9.972
17.025,15.445,1.923,-9.972
17.045,15.535,1.923,-9.973
17.065,15.594,1.924,-9.973
17.085,15.683,1.924,-9.973
17.105,15.743,1.925,-9.973
17.125,15.832,1.925,-9.974
17.145,15.892,1.925,-9.974
17.165,15.981,1.926,-9.974
17.186,16.040,1.926,-9.974
17.207,16.130,1.927,-9.975
17.225,16.189,1.927,-9.975
17.245,16.278,1.927,-9.975
17.265,16.338,1.927,-9.976
17.285,16.427,1.928,-9.976
17.305,16.486,1.928,-9.976
17.329,16.576,1.928,-9.977
17.345,16.635,1.928,-9.977
17.365,16.724,1.928,-9.977
17.385,16.784,1.928,-9.978
17.406,16.873,1.928,-9.978
17.425,16.933,1.928,-9.978
17.445,17.022,1.927,-9.979
17.465,17.081,1.927,-9.979
17.485,17.171,1.927,-9.979
17.505,17.230,1.927,-9.979
17.526,17.319,1.926,-9.980
17.545,17.379,1.926,-9.980
17.565,17.468,1.925,-9.980
17.585,17.527,1.925,-9.980
17.605,17.616,1.924,-9.980
17.625,17.676,1.924,-9.980
17.645,17.765,1.923,-9.981
17.666,17.824,1.922,-9.981
17.685,17.914,1.921,-9.981
17.705,17.973,1.921,-9.982
17.725,18.062,1.920,-9.982
17.745,18.122,1.919,-9.982
17.765,18.211,1.918,-9.982
17.785,18.271,1.918,-9.983
17.806,18.360,1.917,-9.983
17.825,18.420,1.916,-9.983
17.846,18.509,1.915,-9.984
17.866,18.569,1.914,-9.984
17.885,18.658,1.913,-9.984
17.905,18.718,1.912,-9.984
17.925,18.807,1.911,-9.985
17.945,18.867,1.910,-9.985
17.965,18.956,1.909,-9.985
17.986,19.016,1.908,-9.986
18.006,19.106,1.907,-9.986
18.025,19.165,1.906,-9.986
18.046,19.255,1.905,-9.987
18.066,19.315,1.904,-9.987
18.085,19.404,1.903,-9.988
18.105,19.464,1.903,-9.988
18.126,19.553,1.902,-9.988
18.145,19.613,1.901,-9.989
18.165,19.703,1.900,-9.989
18.186,19.762,1.899,-9.989
18.205,19.852,1.898,-9.989
18.225,19.912,1.898,-9.990
18.245,20.001,1.897,-9.990
18.266,20.061,1.896,-9.990
18.285,20.151,1.895,-9.990
18.306,20.210,1.895,-9.990
18.325,20.300,1.894,-9.991
18.346,20.360,1.893,-9.991
18.365,20.449,1.893,-9.991
18.385,20.509,1.892,-9.991
18.405,20.599,1.892,-9.992
18.425,20.659,1.891,-9.992
18.445,20.748,1.890,-9.992
18.466,20.808,1.890,-9.993
18.485,20.897,1.889,-9.993
18.506,20.957,1.889,-9.993
18.525,21.046,1.889,-9.994
18.545,21.106,1.888,-9.994
18.565,21.195,1.887,-9.994
18.586,21.255,1.887,-9.995
18.606,21.344,1.887,-9.995
18.625,21.404,1.886,-9.995
18.645,21.493,1.886,-9.996
18.665,21.552,1.885,-9.996
18.685,21.641,1.885,-9.996
18.706,21.700,1.885,-9.996
18.725,21.789,1.884,-9.997
18.745,21.848,1.884,-9.997
18.765,21.937,1.884,-9.997
18.787,21.996,1.883,-9.997
18.805,22.085,1.883,-9.998
18.825,22.144,1.883,-9.998
18.846,22.233,1.883,-9.998
18.865,22.292,1.883,-9.998
18.885,22.381,1.882,-9.999
18.905,22.440,1.882,-9.999
18.925,22.499,1.882,-9.999
18.945,22.587,1.882,-9.999
18.965,22.676,1.882,-9.999
18.986,22.735,1.881,-9.999
19.005,22.823,1.881,-10.000
19.025,22.882,1.881,-10.000
19.046,22.971,1.880,-10.000
19.065,23.030,1.880,-10.000
19.085,23.118,1.880,-10.000
19.105,23.177,1.879,-10.000
19.125,23.266,1.879,-10.000
19.145,23.324,1.878,-9.999
19.166,23.413,1.878,-9.999
19.186,23.472,1.877,-9.999
19.205,23.560,1.877,-9.999
19.225,23.618,1.876,-9.999
19.246,23.707,1.876,-9.999
19.265,23.765,1.875,-9.999
19.285,23.854,1.874,-9.999
19.306,23.913,1.874,-9.999
19.328,24.001,1.873,-9.999
19.345,24.060,1.873,-9.999
19.365,24.148,1.872,-9.999
19.386,24.207,1.871,-10.000
19.406,24.295,1.870,-10.000
19.425,24.354,1.870,-10.000
19.445,24.442,1.869,-10.000
19.465,24.501,1.869,-10.000
19.485,24.590,1.868,-10.000
19.506,24.649,1.867,-10.001
19.526,24.737,1.867,-10.001
19.545,24.796,1.866,-10.001
19.565,24.884,1.866,-10.001
19.585,24.943,1.866,-10.001
19.605,25.032,1.865,-10.002
19.625,25.091,1.865,-10.002
19.647,25.179,1.864,-10.002
19.665,25.238,1.864,-10.002
19.685,25.326,1.864,-10.002
19.706,25.385,1.863,-10.002
19.725,25.474,1.863,-10.002
19.745,25.532,1.863,-10.003
19.765,25.621,1.862,-10.003
19.787,25.680,1.862,-10.003
19.805,25.768,1.862,-10.003
19.825,25.827,1.862,-10.003
19.845,25.915,1.861,-10.003
19.865,25.974,1.861,-10.003
19.885,26.062,1.861,-10.004
19.905,26.121,1.861,-10.004
19.925,26.209,1.860,-10.004
19.945,26.268,1.860,-10.004
19.967,26.356,1.860,-10.004
19.985,26.415,1.860,-10.004
20.006,26.503,1.860,-10.004
20.025,26.562,1.859,-10.004
20.045,26.650,1.859,-10.004
20.065,26.709,1.859,-10.004
20.086,26.797,1.859,-10.004
20.105,26.855,1.859,-10.004
20.125,26.944,1.859,-10.004
20.145,27.002,1.859,-10.004
20.166,27.090,1.859,-10.004
20.185,27.149,1.859,-10.004
20.206,27.236,1.859,-10.004
20.225,27.295,1.859,-10.004
20.246,27.383,1.859,-10.004
20.265,27.441,1.860,-10.004
20.285,27.528,1.860,-10.004
20.306,27.587,1.860,-10.004
20.325,27.674,1.860,-10.004
20.345,27.732,1.861,-10.004
20.366,27.820,1.861,-10.004
20.385,27.878,1.861,-10.004
20.405,27.966,1.862,-10.004
20.427,28.024,1.862,-10.004
20.445,28.111,1.862,-10.003
20.465,28.170,1.863,-10.003
20.485,28.257,1.863,-10.003
20.506,28.315,1.864,-10.003
20.525,28.403,1.864,-10.003
20.545,28.461,1.864,-10.003
20.565,28.548,1.865,-10.003
20.585,28.607,1.865,-10.003
20.605,28.694,1.866,-10.003
20.625,28.753,1.866,-10.003
20.646,28.840,1.867,-10.003
20.665,28.899,1.867,-10.003
20.685,28.986,1.868,-10.003
20.706,29.045,1.868,-10.003
20.725,29.132,1.869,-10.003
20.745,29.191,1.869,-10.003
20.765,29.278,1.870,-10.002
20.785,29.337,1.870,-10.002
20.805,29.424,1.871,-10.002
20.827,29.483,1.871,-10.002
20.846,29.570,1.872,-10.002
20.865,29.629,1.873,-10.002
20.885,29.717,1.873,-10.001
20.906,29.775,1.874,-10.001
20.925,29.863,1.875,-10.001
20.945,29.922,1.875,-10.001
20.966,30.010,1.876,-10.000
20.985,30.068,1.877,-10.000
21.006,30.156,1.878,-10.000
21.026,30.215,1.878,-10.000
21.045,30.303,1.879,-10.000
21.065,30.361,1.879,-9.999
21.085,30.449,1.880,-9.999
21.105,30.508,1.881,-9.999
21.125,30.596,1.881,-9.999
21.146,30.655,1.882,-9.999
21.166,30.743,1.882,-9.998
21.187,30.802,1.883,-9.998
21.205,30.890,1.884,-9.998
21.225,30.948,1.884,-9.998
21.245,31.036,1.885,-9.998
21.265,31.095,1.885,-9.998
21.285,31.183,1.886,-9.998
21.306,31.242,1.886,-9.998
21.325,31.330,1.887,-9.998
21.345,31.389,1.887,-9.998
21.365,31.477,1.887,-9.998
21.385,31.536,1.888,-9.998
21.405,31.625,1.888,-9.998
21.426,31.683,1.889,-9.998
21.445,31.772,1.889,-9.998
21.465,31.831,1.890,-9.998
21.487,31.919,1.890,-9.999
21.505,31.978,1.890,-9.999
21.525,32.066,1.891,-9.999
21.546,32.125,1.891,-9.999
21.566,32.213,1.891,-9.999
21.585,32.272,1.891,-9.999
21.606,32.360,1.891,-9.999
21.626,32.419,1.891,-9.999
21.646,32.507,1.891,-9.999
21.665,32.566,1.891,-9.999
21.688,32.654,1.891,-9.999
21.706,32.712,1.891,-9.999
21.725,32.800,1.890,-9.999
21.745,32.859,1.890,-9.999
21.766,32.946,1.890,-9.999
21.785,33.005,1.890,-9.999
21.805,33.092,1.889,-9.999
21.826,33.150,1.889,-9.999
21.845,33.237,1.888,-9.999
21.865,33.295,1.888,-9.999
21.885,33.381,1.887,-9.999
21.905,33.439,1.887,-9.999
21.925,33.525,1.887,-10.000
21.945,33.582,1.886,-10.000
21.965,33.667,1.886,-10.000
21.985,33.723,1.885,-10.001
22.005,33.807,1.885,-10.002
22.026,33.863,1.884,-10.002
22.045,33.945,1.884,-10.003
22.065,34.000,1.883,-10.004
22.087,34.081,1.883,-10.004
22.105,34.135,1.882,-10.005
22.125,34.214,1.882,-10.006
22.148,34.266,1.881,-10.007
22.165,34.344,1.881,-10.008
22.185,34.395,1.880,-10.008
22.205,34.470,1.880,-10.009
22.226,34.520,1.880,-10.010
22.245,34.593,1.879,-10.011
22.265,34.641,1.879,-10.012
22.285,34.712,1.879,-10.013
22.306,34.759,1.879,-10.014
22.325,34.827,1.879,-10.015
22.347,34.872,1.878,-10.015
22.365,34.938,1.878,-10.016
22.385,34.980,1.878,-10.017
22.406,35.044,1.878,-10.018
22.425,35.085,1.878,-10.019
22.445,35.145,1.878,-10.020
22.468,35.184,1.878,-10.021
22.486,35.241,1.877,-10.024
22.506,35.278,1.877,-10.026
22.525,35.332,1.877,-10.030
22.545,35.367,1.877,-10.032
22.565,35.417,1.877,-10.035
22.585,35.449,1.877,-10.037
22.606,35.496,1.878,-10.040
22.625,35.525,1.879,-10.041
22.645,35.567,1.881,-10.043
22.665,35.593,1.882,-10.044
22.685,35.630,1.886,-10.045
22.705,35.653,1.889,-10.045
22.725,35.685,1.895,-10.044
22.746,35.704,1.901,-10.043
22.765,35.731,1.910,-10.041
22.785,35.748,1.917,-10.039
22.806,35.770,1.931,-10.035
22.825,35.783,1.941,-10.032
22.845,35.801,1.959,-10.027
22.866,35.812,1.972,-10.023
22.886,35.826,1.995,-10.017
22.906,35.834,2.012,-10.012
22.926,35.845,2.040,-10.004
22.945,35.850,2.061,-9.998
22.965,35.858,2.096,-9.989
22.985,35.862,2.120,-9.983
23.006,35.867,2.161,-9.973
23.025,35.870,2.189,-9.966
23.045,35.873,2.236,-9.956
23.065,35.875,2.268,-9.949
23.085,35.877,2.320,-9.938
23.105,35.879,2.356,-9.931
23.126,35.880,2.413,-9.920
23.146,35.881,2.453,-9.912
23.165,35.882,2.515,-9.901
23.185,35.883,2.558,-9.894
23.206,35.884,2.625,-9.884
23.225,35.885,2.670,-9.877
23.245,35.886,2.741,-9.867
23.266,35.887,2.789,-9.861
23.286,35.889,2.862,-9.852
23.305,35.890,2.913,-9.847
23.326,35.892,2.989,-9.840
23.346,35.894,3.041,-9.836
23.365,35.896,3.119,-9.832
23.385,35.898,3.172,-9.829
23.406,35.902,3.252,-9.827
23.425,35.904,3.306,-9.827
23.445,35.908,3.387,-9.827
23.466,35.910,3.441,-9.829
23.485,35.914,3.522,-9.832
23.505,35.917,3.576,-9.835
23.525,35.922,3.657,-9.840
23.546,35.925,3.711,-9.844
23.565,35.930,3.790,-9.851
23.586,35.933,3.843,-9.856
23.605,35.938,3.921,-9.863
23.625,35.941,3.973,-9.869
23.645,35.946,4.049,-9.877
23.665,35.950,4.100,-9.883
23.685,35.955,4.174,-9.891
23.705,35.959,4.222,-9.897
23.725,35.964,4.294,-9.907
23.746,35.968,4.340,-9.913
23.765,35.973,4.409,-9.922
23.785,35.976,4.454,-9.928
23.806,35.982,4.520,-9.938
23.825,35.985,4.562,-9.944
23.845,35.990,4.625,-9.953
23.865,35.994,4.665,-9.959
23.885,35.999,4.724,-9.968
23.905,36.002,4.763,-9.975
23.925,36.006,4.818,-9.984
23.947,36.009,4.854,-9.990
23.965,36.013,4.905,-10.000
23.986,36.014,4.939,-10.006
24.006,36.016,4.986,-10.015
24.025,36.017,5.017,-10.021
24.045,36.016,5.062,-10.029
24.066,36.014,5.090,-10.034
24.085,36.010,5.130,-10.041
24.105,36.006,5.157,-10.045
24.126,35.998,5.194,-10.051
24.146,35.991,5.218,-10.054
24.165,35.979,5.253,-10.057
24.185,35.969,5.275,-10.059
24.205,35.952,5.306,-10.061
24.226,35.940,5.326,-10.061
24.246,35.918,5.354,-10.061
24.265,35.901,5.372,-10.060
24.285,35.875,5.397,-10.058
24.305,35.855,5.413,-10.056
24.326,35.823,5.435,-10.052
24.346,35.800,5.449,-10.049
24.365,35.763,5.468,-10.043
24.385,35.737,5.480,-10.039
24.406,35.695,5.497,-10.032
24.425,35.665,5.506,-10.028
24.447,35.618,5.520,-10.020
24.465,35.584,5.528,-10.015
24.485,35.532,5.538,-10.008
24.505,35.495,5.545,-10.003
24.526,35.437,5.552,-9.997
24.545,35.397,5.556,-9.993
24.565,35.334,5.561,-9.988
24.585,35.291,5.563,-9.985
24.606,35.223,5.566,-9.982
24.625,35.177,5.566,-9.980
24.645,35.105,5.567,-9.977
24.666,35.056,5.566,-9.976
24.685,34.981,5.565,-9.975
24.705,34.930,5.564,-9.975
24.726,34.852,5.562,-9.975
24.745,34.799,5.560,-9.975
24.765,34.719,5.557,-9.976
24.787,34.665,5.555,-9.976
24.806,34.582,5.551,-9.978
24.825,34.527,5.549,-9.979
24.846,34.443,5.545,-9.981
24.866,34.386,5.543,-9.983
24.885,34.301,5.540,-9.985
24.905,34.244,5.538,-9.987
24.926,34.158,5.535,-9.991
24.945,34.101,5.533,-9.993
24.965,34.014,5.531,-9.996
24.986,33.956,5.529,-9.999
25.006,33.869,5.528,-10.003
25.025,33.811,5.527,-10.005
25.045,33.724,5.526,-10.009
25.066,33.666,5.526,-10.012
25.085,33.579,5.526,-10.016
25.105,33.521,5.526,-10.018
25.125,33.434,5.527,-10.022
25.145,33.376,5.528,-10.025
25.165,33.289,5.530,-10.029
25.185,33.231,5.531,-10.031
25.206,33.144,5.534,-10.035
25.225,33.087,5.536,-10.037
25.245,33.001,5.539,-10.041
25.266,32.944,5.541,-10.043
25.285,32.858,5.545,-10.046
25.306,32.801,5.547,-10.048
25.327,32.716,5.552,-10.052
25.345,32.660,5.555,-10.054
25.365,32.575,5.560,-10.056
25.385,32.519,5.563,-10.058
25.405,32.435,5.569,-10.061
25.425,32.379,5.572,-10.063
25.446,32.295,5.578,-10.065
25.465,32.239,5.581,-10.066
25.485,32.156,5.587,-10.068
25.505,32.100,5.591,-10.069
25.525,32.017,5.596,-10.071
25.545,31.961,5.600,-10.072
25.566,31.878,5.606,-10.073
25.585,31.823,5.610,-10.074
25.606,31.740,5.615,-10.075
25.625,31.685,5.619,-10.076
25.645,31.602,5.625,-10.077
25.665,31.547,5.628,-10.077
25.685,31.464,5.634,-10.078
25.705,31.409,5.637,-10.079
25.725,31.326,5.642,-10.079
25.745,31.271,5.646,-10.080
25.765,31.188,5.651,-10.081
25.786,31.133,5.654,-10.081
25.805,31.050,5.659,-10.082
25.825,30.995,5.662,-10.082
25.845,30.912,5.667,-10.082
25.865,30.857,5.670,-10.083
25.885,30.773,5.675,-10.083
25.906,30.718,5.678,-10.083
25.925,30.634,5.683,-10.084
25.945,30.579,5.686,-10.084
25.966,30.495,5.690,-10.084
25.985,30.439,5.693,-10.084
26.005,30.355,5.697,-10.084
26.025,30.299,5.699,-10.085
26.045,30.214,5.703,-10.085
26.065,30.158,5.706,-10.085
26.085,30.074,5.710,-10.085
26.106,30.017,5.713,-10.085
26.125,29.932,5.717,-10.085
26.145,29.876,5.719,-10.085
26.165,29.791,5.723,-10.085
26.186,29.734,5.726,-10.085
26.206,29.649,5.730,-10.085
26.226,29.592,5.732,-10.085
26.245,29.506,5.736,-10.084
26.265,29.449,5.738,-10.084
26.285,29.363,5.742,-10.084
26.305,29.306,5.745,-10.084
26.325,29.220,5.748,-10.084
26.345,29.163,5.751,-10.084
26.366,29.077,5.755,-10.083
26.386,29.020,5.757,-10.083
26.405,28.934,5.761,-10.082
26.425,28.876,5.763,-10.082
26.446,28.790,5.767,-10.081
26.465,28.733,5.770,-10.081
26.485,28.646,5.774,-10.081
26.505,28.589,5.776,-10.080
26.526,28.502,5.780,-10.079
26.545,28.445,5.782,-10.079
26.565,28.358,5.786,-10.079
26.586,28.301,5.789,-10.078
26.605,28.214,5.792,-10.078
26.625,28.156,5.795,-10.078
26.645,28.070,5.798,-10.077
26.665,28.012,5.801,-10.077
26.685,27.925,5.805,-10.077
26.706,27.867,5.807,-10.076
26.725,27.780,5.811,-10.076
26.745,27.722,5.813,-10.076
26.767,27.635,5.817,-10.075
26.785,27.577,5.820,-10.075
26.805,27.489,5.823,-10.074
26.825,27.431,5.826,-10.073
26.845,27.344,5.830,-10.073
26.865,27.286,5.832,-10.072
26.887,27.198,5.836,-10.071
26.906,27.140,5.838,-10.071
26.925,27.053,5.842,-10.070
26.945,26.994,5.845,-10.070
26.965,26.907,5.848,-10.069
26.985,26.848,5.851,-10.068
27.005,26.760,5.855,-10.068
27.025,26.702,5.857,-10.067
27.045,26.614,5.861,-10.066
27.065,26.555,5.863,-10.066
27.085,26.467,5.866,-10.065
27.106,26.409,5.869,-10.065
27.125,26.321,5.872,-10.064
27.145,26.262,5.874,-10.064
27.165,26.174,5.878,-10.063
27.185,26.115,5.880,-10.063
27.205,26.027,5.883,-10.062
27.228,25.968,5.885,-10.061
27.246,25.879,5.889,-10.061
27.265,25.820,5.891,-10.060
27.286,25.732,5.894,-10.059
27.305,25.673,5.896,-10.059
27.325,25.584,5.899,-10.058
27.345,25.525,5.901,-10.058
27.366,25.437,5.903,-10.057
27.385,25.378,5.905,-10.056
27.405,25.289,5.908,-10.055
27.426,25.230,5.910,-10.055
27.446,25.141,5.913,-10.054
27.465,25.081,5.914,-10.054
27.486,24.992,5.917,-10.053
27.505,24.933,5.918,-10.052
27.525,24.844,5.920,-10.051
27.545,24.784,5.922,-10.051
27.565,24.695,5.924,-10.050
27.585,24.636,5.925,-10.049
27.606,24.546,5.926,-10.049
27.625,24.487,5.928,-10.048
27.645,24.397,5.929,-10.047
27.665,24.337,5.930,-10.047
27.685,24.248,5.931,-10.046
27.705,24.188,5.932,-10.046
27.725,24.098,5.933,-10.045
27.746,24.038,5.934,-10.044
27.769,23.948,5.934,-10.044
27.785,23.888,5.935,-10.043
27.805,23.798,5.935,-10.042
27.825,23.738,5.936,-10.042
27.845,23.648,5.936,-10.041
27.865,23.588,5.937,-10.041
27.887,23.498,5.937,-10.040
27.906,23.438,5.937,-10.040
27.925,23.347,5.937,-10.039
27.945,23.287,5.937,-10.039
27.966,23.197,5.937,-10.038
27.986,23.137,5.937,-10.038
28.006,23.046,5.936,-10.037
28.026,22.986,5.936,-10.037
28.045,22.896,5.936,-10.036
28.065,22.836,5.935,-10.036
28.086,22.745,5.935,-10.035
28.106,22.685,5.934,-10.035
28.125,22.595,5.934,-10.034
28.146,22.535,5.933,-10.034
28.165,22.444,5.932,-10.033
28.185,22.384,5.932,-10.033
28.206,22.294,5.931,-10.033
28.226,22.234,5.931,-10.032
28.245,22.144,5.930,-10.032
28.265,22.084,5.930,-10.032
28.286,21.994,5.929,-10.031
28.306,21.933,5.929,-10.031
28.325,21.843,5.928,-10.031
28.345,21.783,5.928,-10.031
28.366,21.693,5.927,-10.030
28.385,21.633,5.927,-10.030
28.405,21.542,5.927,-10.030
28.425,21.482,5.926,-10.029
28.445,21.392,5.926,-10.029
28.465,21.332,5.926,-10.029
28.486,21.241,5.925,-10.028
28.505,21.181,5.925,-10.028
28.525,21.091,5.925,-10.027
28.546,21.030,5.924,-10.027
28.565,20.940,5.924,-10.026
28.585,20.879,5.924,-10.026
28.605,20.789,5.923,-10.025
28.626,20.728,5.923,-10.025
28.645,20.637,5.923,-10.024
28.665,20.577,5.923,-10.024
28.687,20.486,5.922,-10.023
28.705,20.425,5.922,-10.023
28.725,20.335,5.922,-10.022
28.745,20.274,5.922,-10.022
28.765,20.183,5.921,-10.021
28.785,20.122,5.921,-10.021
28.805,20.031,5.921,-10.020
28.825,19.971,5.921,-10.019
28.845,19.880,5.920,-10.019
28.865,19.819,5.920,-10.018
28.886,19.728,5.919,-10.018
28.905,19.667,5.919,-10.017
28.925,19.576,5.918,-10.017
28.947,19.515,5.918,-10.016
28.965,19.424,5.917,-10.016
28.985,19.364,5.916,-10.015
29.006,19.273,5.915,-10.015
29.025,19.212,5.915,-10.014
29.045,19.121,5.914,-10.013
29.066,19.061,5.913,-10.013
29.085,18.970,5.912,-10.012
29.105,18.909,5.912,-10.012
29.125,18.818,5.911,-10.011
29.145,18.758,5.910,-10.010
29.165,18.667,5.909,-10.010
29.185,18.606,5.908,-10.009
29.207,18.515,5.907,-10.009
29.225,18.455,5.906,-10.009
29.245,18.364,5.905,-10.008
29.266,18.303,5.904,-10.008
29.285,18.212,5.903,-10.008
29.305,18.151,5.903,-10.008
29.325,18.061,5.901,-10.007
29.346,18.000,5.901,-10.007
29.365,17.909,5.899,-10.007
29.385,17.848,5.899,-10.007
29.405,17.758,5.897,-10.007
29.425,17.697,5.896,-10.007
29.445,17.606,5.895,-10.007
29.466,17.546,5.894,-10.007
29.485,17.455,5.893,-10.007
29.506,17.394,5.892,-10.007
29.526,17.303,5.891,-10.007
29.545,17.243,5.890,-10.007
29.565,17.152,5.888,-10.007
29.585,17.092,5.888,-10.007
29.606,17.001,5.886,-10.007
29.626,16.940,5.885,-10.007
29.645,16.849,5.884,-10.007
29.665,16.789,5.883,-10.007
29.685,16.698,5.881,-10.007
29.706,16.638,5.880,-10.007
29.726,16.547,5.878,-10.007
29.746,16.486,5.877,-10.007
29.765,16.395,5.875,-10.006
29.785,16.335,5.874,-10.006
29.806,16.244,5.872,-10.006
29.826,16.183,5.871,-10.006
29.845,16.092,5.869,-10.006
29.865,16.031,5.868,-10.005
29.885,15.940,5.866,-10.005
29.905,15.879,5.865,-10.005
29.926,15.788,5.863,-10.005
29.945,15.727,5.862,-10.005
29.965,15.636,5.860,-10.004
29.986,15.576,5.859,-10.004
30.006,15.484,5.857,-10.004
30.025,15.424,5.856,-10.004
30.045,15.333,5.853,-10.004
30.065,15.272,5.852,-10.003
30.085,15.181,5.850,-10.003
30.105,15.120,5.849,-10.003
30.125,15.029,5.847,-10.003
30.146,14.968,5.845,-10.002
30.165,14.877,5.843,-10.002
30.185,14.817,5.842,-10.002
30.206,14.726,5.840,-10.002
30.226,14.665,5.839,-10.002
30.245,14.574,5.837,-10.002
30.266,14.514,5.836,-10.002
30.286,14.423,5.834,-10.001
30.305,14.363,5.832,-10.001
30.325,14.272,5.831,-10.001
30.347,14.212,5.829,-10.001
30.365,14.121,5.828,-10.001
30.385,14.061,5.826,-10.001
30.406,13.970,5.825,-10.001
30.425,13.909,5.823,-10.001
30.445,13.819,5.821,-10.001
30.465,13.758,5.820,-10.001
30.485,13.668,5.819,-10.001
30.505,13.607,5.817,-10.001
30.525,13.517,5.816,-10.001
30.546,13.457,5.815,-10.001
30.565,13.366,5.813,-10.001
30.585,13.306,5.812,-10.001
30.605,13.216,5.811,-10.001
30.625,13.156,5.810,-10.001
30.645,13.066,5.808,-10.001
30.666,13.005,5.807,-10.001
30.685,12.915,5.806,-10.001
30.705,12.855,5.805,-10.001
30.727,12.765,5.803,-10.001
30.745,12.705,5.803,-10.001
30.765,12.615,5.801,-10.001
30.785,12.556,5.800,-10.001
30.805,12.466,5.799,-10.001
30.825,12.406,5.798,-10.001
30.845,12.317,5.797,-10.001
30.866,12.257,5.796,-10.001
30.885,12.167,5.795,-10.001
30.905,12.108,5.794,-10.001
30.926,12.018,5.792,-10.001
30.945,11.958,5.791,-10.001
30.965,11.869,5.790,-10.001
30.986,11.809,5.789,-10.001
31.006,11.720,5.788,-10.001
31.025,11.660,5.787,-10.001
31.045,11.571,5.786,-10.001
31.065,11.511,5.785,-10.001
31.085,11.421,5.784,-10.001
31.105,11.362,5.783,-10.001
31.125,11.272,5.781,-10.001
31.145,11.212,5.781,-10.001
31.165,11.123,5.779,-10.001
31.186,11.063,5.779,-10.001
31.205,10.973,5.777,-10.002
31.225,10.914,5.777,-10.002
31.246,10.824,5.776,-10.002
31.266,10.764,5.775,-10.002
31.285,10.675,5.774,-10.002
31.306,10.615,5.773,-10.002
31.326,10.525,5.772,-10.002
31.345,10.466,5.771,-10.002
31.365,10.376,5.770,-10.002
31.385,10.317,5.769,-10.003
31.405,10.227,5.768,-10.003
31.425,10.168,5.767,-10.003
31.445,10.078,5.766,-10.003
31.465,10.019,5.765,-10.003
31.485,9.929,5.764,-10.004
31.505,9.870,5.763,-10.004
31.527,9.781,5.762,-10.004
31.545,9.721,5.761,-10.004
31.565,9.632,5.759,-10.004
31.586,9.573,5.758,-10.004
31.606,9.484,5.757,-10.004
31.625,9.425,5.756,-10.004
31.645,9.336,5.755,-10.004
31.665,9.276,5.754,-10.004
31.685,9.187,5.752,-10.004
31.707,9.128,5.751,-10.004
31.725,9.039,5.750,-10.004
31.746,8.980,5.749,-10.004
31.765,8.891,5.747,-10.004
31.785,8.832,5.746,-10.004
31.805,8.743,5.745,-10.004
31.825,8.684,5.744,-10.003
31.847,8.595,5.743,-10.003
31.865,8.536,5.742,-10.003
31.885,8.447,5.740,-10.003
31.906,8.388,5.739,-10.003
31.925,8.299,5.738,-10.003
31.945,8.240,5.737,-10.003
31.965,8.151,5.736,-10.003
31.985,8.092,5.735,-10.002
32.006,7.988,5.733,-10.002
32.025,7.899,5.732,-10.002
32.046,7.840,5.731,-10.002
32.065,7.751,5.730,-10.001
32.085,7.692,5.729,-10.001
32.106,7.603,5.727,-10.001
32.125,7.544,5.726,-10.000
32.145,7.455,5.725,-10.000
32.165,7.396,5.724,-10.000
32.185,7.307,5.723,-10.000
32.206,7.248,5.722,-10.000
32.225,7.159,5.721,-9.999
32.246,7.100,5.720,-9.999
32.265,7.012,5.719,-9.999
32.285,6.953,5.718,-9.999
32.305,6.864,5.717,-9.999
32.325,6.805,5.716,-9.998
32.345,6.716,5.715,-9.998
32.365,6.657,5.715,-9.998
32.387,6.569,5.714,-9.998
32.405,6.510,5.713,-9.998
32.425,6.421,5.712,-9.998
32.446,6.362,5.711,-9.998
32.465,6.274,5.710,-9.998
32.485,6.214,5.709,-9.998
32.506,6.126,5.708,-9.998
32.526,6.067,5.707,-9.998
32.545,5.978,5.706,-9.998
32.566,5.919,5.705,-9.999
32.586,5.831,5.704,-9.999
32.606,5.771,5.703,-9.999
32.625,5.683,5.702,-9.999
32.645,5.624,5.701,-9.999
32.665,5.535,5.700,-9.999
32.685,5.476,5.699,-9.999
32.705,5.387,5.697,-10.000
32.725,5.328,5.696,-10.000
32.746,5.239,5.694,-10.000
32.765,5.180,5.693,-10.000
32.786,5.091,5.691,-10.001
32.805,5.031,5.690,-10.001
32.825,4.942,5.688,-10.001
32.845,4.883,5.687,-10.002
32.865,4.794,5.685,-10.002
32.885,4.735,5.684,-10.002
32.906,4.646,5.682,-10.002
32.925,4.587,5.681,-10.003
32.945,4.498,5.678,-10.003
32.966,4.438,5.677,-10.003
32.986,4.349,5.675,-10.003
33.005,4.290,5.674,-10.004
33.026,4.201,5.672,-10.004
33.046,4.142,5.670,-10.004
33.065,4.053,5.668,-10.005
33.085,3.994,5.667,-10.005
33.106,3.905,5.665,-10.005
33.125,3.846,5.664,-10.006
33.145,3.757,5.662,-10.006
33.166,3.698,5.661,-10.006
33.185,3.610,5.659,-10.007
33.205,3.551,5.657,-10.007
33.225,3.462,5.655,-10.007
33.246,3.403,5.654,-10.007
33.265,3.315,5.652,-10.007
33.285,3.256,5.651,-10.007
33.306,3.168,5.649,-10.007
33.326,3.109,5.648,-10.007
33.345,3.021,5.646,-10.007
33.366,2.962,5.645,-10.007
33.385,2.873,5.644,-10.007
33.405,2.814,5.643,-10.007
33.425,2.726,5.641,-10.007
33.445,2.667,5.641,-10.007
33.465,2.579,5.639,-10.007
33.485,2.520,5.639,-10.007
33.505,2.432,5.638,-10.006
33.525,2.373,5.637,-10.006
33.545,2.285,5.636,-10.006
33.566,2.226,5.636,-10.006
33.585,2.138,5.635,-10.006
33.605,2.079,5.635,-10.005
33.627,1.991,5.634,-10.005
33.645,1.932,5.634,-10.005
33.665,1.844,5.633,-10.004
33.685,1.785,5.633,-10.004
33.706,1.697,5.632,-10.004
33.726,1.638,5.632,-10.004
33.745,1.549,5.631,-10.004
33.766,1.491,5.631,-10.003
33.785,1.402,5.631,-10.003
33.805,1.343,5.630,-10.003
33.826,1.255,5.630,-10.003
33.845,1.196,5.630,-10.002
33.865,1.108,5.630,-10.002
33.885,1.049,5.629,-10.002
33.906,0.960,5.629,-10.002
33.925,0.901,5.629,-10.002
33.945,0.813,5.629,-10.001
33.966,0.754,5.628,-10.001
33.986,0.665,5.628,-10.001
34.005,0.606,5.628,-10.001
34.028,0.518,5.628,-10.000
34.045,0.459,5.627,-10.000
34.065,0.371,5.627,-10.000
34.085,0.312,5.627,-9.999
34.105,0.224,5.627,-9.999
34.125,0.165,5.626,-9.999
34.146,0.077,5.626,-9.998
34.167,0.018,5.626,-9.998
34.185,-0.070,5.626,-9.997
34.206,-0.129,5.626,-9.997
34.225,-0.217,5.625,-9.996
34.245,-0.276,5.625,-9.996
34.265,-0.364,5.625,-9.996
34.286,-0.422,5.625,-9.995
34.306,-0.510,5.625,-9.995
34.326,-0.569,5.625,-9.994
34.346,-0.657,5.625,-9.994
34.365,-0.715,5.625,-9.994
34.385,-0.803,5.625,-9.993
34.405,-0.861,5.624,-9.993
34.425,-0.949,5.624,-9.993
34.445,-1.008,5.624,-9.993
34.465,-1.095,5.624,-9.993
34.487,-1.154,5.624,-9.992
34.506,-1.242,5.624,-9.992
34.525,-1.300,5.624,-9.992
34.546,-1.388,5.624,-9.992
34.565,-1.446,5.624,-9.992
34.585,-1.534,5.624,-9.992
34.605,-1.592,5.624,-9.992
34.625,-1.680,5.624,-9.992
34.645,-1.738,5.624,-9.992
34.665,-1.826,5.624,-9.992
34.685,-1.884,5.624,-9.992
34.705,-1.972,5.624,-9.992
34.725,-2.031,5.624,-9.991
34.745,-2.118,5.624,-9.991
34.767,-2.177,5.624,-9.991
34.785,-2.264,5.624,-9.992
34.806,-2.323,5.624,-9.992
34.826,-2.410,5.624,-9.992
34.845,-2.469,5.624,-9.992
34.865,-2.557,5.624,-9.992
34.886,-2.615,5.624,-9.992
34.906,-2.703,5.625,-9.992
34.925,-2.761,5.625,-9.992
34.945,-2.848,5.626,-9.992
34.965,-2.907,5.626,-9.992
34.985,-2.994,5.627,-9.993
35.006,-3.052,5.627,-9.993
35.025,-3.139,5.628,-9.993
35.045,-3.197,5.629,-9.993
35.065,-3.284,5.629,-9.993
35.086,-3.342,5.630,-9.993
35.105,-3.428,5.631,-9.994
35.125,-3.486,5.631,-9.994
35.146,-3.571,5.632,-9.994
35.165,-3.628,5.632,-9.994
35.185,-3.713,5.633,-9.995
35.205,-3.769,5.633,-9.995
35.226,-3.853,5.634,-9.996
35.245,-3.909,5.634,-9.996
35.265,-3.991,5.634,-9.997
35.285,-4.046,5.634,-9.997
35.305,-4.127,5.635,-9.998
35.325,-4.180,5.635,-9.998
35.345,-4.260,5.635,-9.999
35.365,-4.312,5.635,-10.000
35.385,-4.390,5.635,-10.001
35.405,-4.441,5.635,-10.001
35.426,-4.516,5.635,-10.002
35.445,-4.566,5.635,-10.003
35.466,-4.640,5.635,-10.004
35.486,-4.688,5.635,-10.004
35.507,-4.759,5.635,-10.005
35.525,-4.806,5.635,-10.006
35.545,-4.874,5.635,-10.007
35.565,-4.919,5.635,-10.007
35.585,-4.986,5.634,-10.008
35.605,-5.029,5.634,-10.009
35.625,-5.093,5.634,-10.009
35.645,-5.134,5.633,-10.010
35.666,-5.195,5.633,-10.012
35.686,-5.234,5.633,-10.014
35.705,-5.291,5.632,-10.017
35.725,-5.328,5.632,-10.019
35.746,-5.382,5.631,-10.022
35.765,-5.416,5.631,-10.024
35.785,-5.466,5.632,-10.027
35.806,-5.497,5.632,-10.029
35.825,-5.542,5.633,-10.031
35.845,-5.571,5.635,-10.032
35.865,-5.611,5.637,-10.033
35.886,-5.637,5.640,-10.034
35.905,-5.672,5.645,-10.034
35.925,-5.694,5.649,-10.033
35.946,-5.725,5.658,-10.032
35.965,-5.743,5.664,-10.030
35.985,-5.769,5.676,-10.027
36.005,-5.784,5.685,-10.024
36.025,-5.806,5.702,-10.020
36.045,-5.818,5.714,-10.016
36.066,-5.835,5.735,-10.010
36.088,-5.845,5.751,-10.005
36.106,-5.858,5.777,-9.998
36.125,-5.866,5.796,-9.993
36.146,-5.876,5.828,-9.984
36.165,-5.882,5.851,-9.978
36.185,-5.889,5.888,-9.968
36.208,-5.893,5.915,-9.962
36.225,-5.898,5.958,-9.952
36.245,-5.901,5.989,-9.945
36.265,-5.905,6.038,-9.934
36.285,-5.907,6.072,-9.927
36.305,-5.909,6.126,-9.916
36.326,-5.910,6.163,-9.909
36.348,-5.911,6.222,-9.898
36.365,-5.912,6.263,-9.891
36.385,-5.912,6.326,-9.881
36.406,-5.913,6.369,-9.874
36.425,-5.913,6.436,-9.864
36.445,-5.913,6.482,-9.859
36.465,-5.913,6.552,-9.850
36.485,-5.913,6.600,-9.845
36.505,-5.913,6.673,-9.839
36.525,-5.913,6.723,-9.835
36.547,-5.913,6.799,-9.831
36.565,-5.914,6.850,-9.829
36.585,-5.914,6.927,-9.828
36.606,-5.914,6.980,-9.828
36.625,-5.915,7.058,-9.829
36.645,-5.915,7.111,-9.831
36.666,-5.916,7.190,-9.834
36.685,-5.917,7.243,-9.837
36.705,-5.918,7.322,-9.843
36.725,-5.919,7.375,-9.847
36.746,-5.920,7.453,-9.854
36.765,-5.921,7.505,-9.858
36.786,-5.922,7.582,-9.866
36.806,-5.923,7.633,-9.872
36.825,-5.925,7.709,-9.880
36.845,-5.926,7.759,-9.885
36.866,-5.928,7.833,-9.894
36.885,-5.929,7.881,-9.900
36.906,-5.931,7.953,-9.909
36.925,-5.933,8.000,-9.915
36.946,-5.935,8.069,-9.924
36.965,-5.936,8.114,-9.930
36.985,-5.939,8.181,-9.940
37.006,-5.940,8.224,-9.946
37.025,-5.942,8.287,-9.955
37.045,-5.944,8.329,-9.961
37.066,-5.947,8.389,-9.970
37.085,-5.948,8.427,-9.976
37.105,-5.951,8.484,-9.986
37.125,-5.952,8.520,-9.992
37.145,-5.954,8.573,-10.001
37.165,-5.954,8.606,-10.007
37.185,-5.954,8.656,-10.016
37.206,-5.954,8.687,-10.022
37.225,-5.952,8.733,-10.030
37.245,-5.950,8.762,-10.036
37.265,-5.945,8.803,-10.043
37.285,-5.940,8.830,-10.047
37.305,-5.932,8.869,-10.053
37.326,-5.925,8.893,-10.056
37.345,-5.912,8.928,-10.060
37.365,-5.902,8.950,-10.062
37.385,-5.885,8.982,-10.064
37.407,-5.872,9.002,-10.064
37.425,-5.850,9.030,-10.064
37.446,-5.835,9.049,-10.064
37.466,-5.808,9.074,-10.062
37.485,-5.789,9.090,-10.061
37.505,-5.758,9.112,-10.057
37.525,-5.735,9.126,-10.054
37.546,-5.699,9.145,-10.049
37.565,-5.674,9.157,-10.046
37.585,-5.633,9.173,-10.039
37.606,-5.604,9.183,-10.035
37.625,-5.558,9.195,-10.027
37.645,-5.526,9.202,-10.023
37.666,-5.475,9.212,-10.016
37.685,-5.439,9.217,-10.011
37.705,-5.384,9.223,-10.005
37.726,-5.345,9.226,-10.001
37.745,-5.284,9.230,-9.996
37.765,-5.242,9.231,-9.993
37.785,-5.177,9.231,-9.989
37.805,-5.132,9.231,-9.987
37.825,-5.063,9.229,-9.985
37.846,-5.016,9.227,-9.983
37.866,-4.943,9.223,-9.982
37.885,-4.894,9.220,-9.981
37.906,-4.818,9.215,-9.981
37.926,-4.767,9.211,-9.980
37.945,-4.688,9.205,-9.980
37.965,-4.636,9.201,-9.981
37.986,-4.555,9.194,-9.981
38.006,-4.501,9.190,-9.982
38.025,-4.420,9.183,-9.983
38.045,-4.365,9.178,-9.983
38.065,-4.281,9.171,-9.985
38.085,-4.226,9.167,-9.986
38.105,-4.141,9.160,-9.988
38.125,-4.085,9.156,-9.989
38.145,-4.000,9.150,-9.991
38.165,-3.943,9.146,-9.993
38.186,-3.858,9.141,-9.995
38.206,-3.800,9.138,-9.997
38.225,-3.715,9.133,-9.999
38.247,-3.657,9.131,-10.001
38.265,-3.571,9.127,-10.004
38.285,-3.513,9.125,-10.005
38.306,-3.427,9.122,-10.008
38.326,-3.369,9.120,-10.010
38.345,-3.283,9.118,-10.012
38.365,-3.225,9.117,-10.014
38.385,-3.138,9.116,-10.017
38.405,-3.081,9.115,-10.019
38.425,-2.994,9.115,-10.021
38.445,-2.937,9.115,-10.023
38.466,-2.851,9.115,-10.025
38.485,-2.793,9.115,-10.027
38.506,-2.707,9.116,-10.029
38.527,-2.649,9.116,-10.031
38.545,-2.563,9.117,-10.033
38.565,-2.506,9.118,-10.034
38.585,-2.420,9.120,-10.036
38.606,-2.363,9.121,-10.038
38.625,-2.278,9.123,-10.040
38.646,-2.221,9.125,-10.041
38.665,-2.135,9.127,-10.043
38.685,-2.079,9.129,-10.044
38.706,-1.994,9.132,-10.046
38.727,-1.937,9.134,-10.047
38.745,-1.852,9.137,-10.048
38.766,-1.796,9.138,-10.049
38.785,-1.711,9.141,-10.050
38.805,-1.655,9.144,-10.051
38.825,-1.570,9.147,-10.052
38.845,-1.514,9.149,-10.053
38.865,-1.430,9.152,-10.054
38.885,-1.374,9.154,-10.055
38.906,-1.290,9.157,-10.055
38.925,-1.234,9.159,-10.056
38.945,-1.150,9.162,-10.056
38.965,-1.094,9.164,-10.057
38.987,-1.010,9.167,-10.057
39.005,-0.955,9.169,-10.057
39.025,-0.870,9.172,-10.058
39.046,-0.815,9.174,-10.058
39.065,-0.730,9.177,-10.058
39.085,-0.674,9.179,-10.058
39.106,-0.590,9.182,-10.058
39.125,-0.534,9.184,-10.058
39.145,-0.450,9.186,-10.058
39.166,-0.394,9.188,-10.058
39.186,-0.310,9.191,-10.058
39.205,-0.254,9.192,-10.058
39.225,-0.169,9.195,-10.058
39.245,-0.113,9.197,-10.058
39.265,-0.029,9.199,-10.058
39.285,0.028,9.200,-10.058
39.307,0.112,9.203,-10.058
39.326,0.168,9.204,-10.058
39.345,0.253,9.206,-10.058
39.365,0.309,9.208,-10.057
39.385,0.394,9.210,-10.057
39.405,0.450,9.212,-10.057
39.426,0.535,9.214,-10.057
39.445,0.592,9.215,-10.057
39.465,0.676,9.218,-10.056
39.485,0.733,9.219,-10.056
39.505,0.818,9.222,-10.056
39.525,0.875,9.223,-10.055
39.545,0.960,9.226,-10.055
39.565,1.017,9.227,-10.055
39.585,1.102,9.230,-10.054
39.605,1.159,9.231,-10.054
39.625,1.244,9.234,-10.053
39.646,1.301,9.236,-10.053
39.666,1.387,9.238,-10.052
39.685,1.444,9.240,-10.052
39.706,1.529,9.243,-10.051
39.725,1.586,9.245,-10.051
39.745,1.672,9.247,-10.050
39.765,1.730,9.249,-10.050
39.785,1.816,9.251,-10.049
39.805,1.873,9.253,-10.049
39.825,1.959,9.256,-10.048
39.845,2.017,9.257,-10.048
39.865,2.103,9.260,-10.047
39.885,2.161,9.262,-10.047
39.906,2.248,9.264,-10.046
39.925,2.306,9.266,-10.046
39.945,2.392,9.268,-10.045
39.965,2.450,9.270,-10.045
39.985,2.537,9.272,-10.044
40.006,2.595,9.274,-10.044
40.025,2.682,9.276,-10.043
40.046,2.740,9.278,-10.043
40.065,2.828,9.280,-10.042
40.087,2.886,9.282,-10.042
40.106,2.973,9.284,-10.042
40.125,3.032,9.286,-10.041
40.145,3.119,9.288,-10.041
40.166,3.177,9.290,-10.040
40.185,3.265,9.292,-10.040
40.205,3.323,9.294,-10.039
40.227,3.411,9.296,-10.038
40.246,3.469,9.298,-10.038
40.265,3.557,9.300,-10.037
40.285,3.616,9.301,-10.037
40.305,3.703,9.304,-10.036
40.325,3.762,9.305,-10.036
40.345,3.850,9.307,-10.035
40.366,3.908,9.309,-10.035
40.386,3.996,9.311,-10.034
40.405,4.055,9.312,-10.034
40.426,4.142,9.315,-10.033
40.447,4.201,9.316,-10.033
40.465,4.289,9.318,-10.032
40.485,4.347,9.320,-10.032
40.505,4.435,9.322,-10.031
40.525,4.494,9.324,-10.031
40.545,4.581,9.326,-10.031
40.566,4.640,9.328,-10.030
40.585,4.728,9.330,-10.030
40.605,4.786,9.332,-10.030
40.625,4.874,9.334,-10.029
40.646,4.933,9.336,-10.029
40.665,5.021,9.338,-10.029
40.686,5.080,9.340,-10.029
40.705,5.168,9.342,-10.029
40.725,5.227,9.344,-10.028
40.746,5.315,9.347,-10.028
40.765,5.374,9.349,-10.028
40.785,5.463,9.351,-10.028
40.805,5.522,9.353,-10.028
40.827,5.611,9.356,-10.027
40.845,5.670,9.357,-10.027
40.865,5.759,9.360,-10.027
40.886,5.819,9.362,-10.027
40.906,5.908,9.364,-10.027
40.925,5.967,9.366,-10.026
40.945,6.057,9.369,-10.026
40.967,6.116,9.370,-10.026
40.985,6.206,9.373,-10.026
41.006,6.265,9.375,-10.025
41.026,6.355,9.377,-10.025
41.045,6.415,9.379,-10.025
41.065,6.504,9.381,-10.025
41.086,6.564,9.383,-10.025
41.106,6.653,9.385,-10.024
41.125,6.713,9.387,-10.024
41.145,6.803,9.389,-10.024
41.165,6.863,9.390,-10.024
41.185,6.952,9.393,-10.024
41.206,7.012,9.394,-10.023
41.225,7.102,9.396,-10.023
41.245,7.161,9.398,-10.023
41.265,7.251,9.400,-10.023
41.285,7.311,9.401,-10.023
41.305,7.400,9.403,-10.023
41.325,7.460,9.405,-10.023
41.346,7.550,9.407,-10.023
41.366,7.609,9.408,-10.022
41.385,7.699,9.411,-10.022
41.405,7.759,9.412,-10.022
41.425,7.848,9.414,-10.022
41.445,7.908,9.416,-10.022
41.465,7.998,9.418,-10.021
41.486,8.058,9.419,-10.021
41.506,8.147,9.421,-10.021
41.525,8.207,9.423,-10.021
41.545,8.297,9.425,-10.021
41.566,8.357,9.426,-10.020
41.585,8.446,9.428,-10.020
41.605,8.506,9.429,-10.020
41.625,8.596,9.431,-10.019
41.645,8.656,9.433,-10.019
41.665,8.746,9.435,-10.019
41.686,8.806,9.436,-10.019
41.705,8.896,9.438,-10.018
41.725,8.956,9.439,-10.018
41.746,9.045,9.441,-10.018
41.765,9.105,9.443,-10.017
41.785,9.195,9.445,-10.017
41.807,9.255,9.446,-10.017
41.825,9.345,9.448,-10.017
41.845,9.405,9.449,-10.016
41.865,9.495,9.451,-10.016
41.886,9.555,9.452,-10.016
41.905,9.646,9.454,-10.016
41.925,9.706,9.455,-10.015
41.947,9.796,9.457,-10.015
41.965,9.856,9.458,-10.015
41.985,9.946,9.459,-10.015
42.006,10.006,9.460,-10.015
42.025,10.096,9.462,-10.015
42.045,10.156,9.463,-10.014
42.065,10.246,9.464,-10.014
42.086,10.306,9.465,-10.014
42.105,10.396,9.466,-10.014
42.125,10.456,9.467,-10.014
42.146,10.546,9.468,-10.014
42.165,10.606,9.469,-10.014
42.185,10.697,9.470,-10.014
42.205,10.757,9.471,-10.014
42.225,10.847,9.472,-10.014
42.245,10.907,9.473,-10.014
42.265,10.997,9.474,-10.014
42.286,11.057,9.474,-10.014
42.305,11.147,9.475,-10.013
42.325,11.207,9.476,-10.013
42.346,11.297,9.477,-10.013
42.365,11.357,9.478,-10.013
42.385,11.447,9.479,-10.013
42.406,11.507,9.480,-10.013
42.426,11.597,9.481,-10.012
42.445,11.658,9.482,-10.012
42.466,11.748,9.483,-10.012
42.485,11.808,9.483,-10.011
42.505,11.898,9.484,-10.011
42.525,11.958,9.485,-10.011
42.546,12.048,9.485,-10.010
42.565,12.108,9.486,-10.010
42.585,12.198,9.487,-10.010
42.606,12.258,9.487,-10.009
42.625,12.348,9.488,-10.009
42.645,12.408,9.488,-10.009
42.666,12.499,9.489,-10.008
42.686,12.559,9.489,-10.008
42.705,12.649,9.490,-10.008
42.725,12.709,9.490,-10.008
42.745,12.800,9.491,-10.008
42.765,12.860,9.491,-10.008
42.786,12.950,9.492,-10.007
42.805,13.010,9.492,-10.007
42.825,13.100,9.493,-10.007
42.845,13.160,9.493,-10.007
42.865,13.251,9.494,-10.007
42.886,13.311,9.494,-10.007
42.905,13.401,9.495,-10.007
42.926,13.461,9.496,-10.007
42.946,13.551,9.496,-10.007
42.965,13.611,9.496,-10.007
42.985,13.702,9.497,-10.007
43.006,13.762,9.497,-10.007
43.025,13.852,9.498,-10.007
43.045,13.912,9.498,-10.007
43.065,14.003,9.498,-10.007
43.085,14.063,9.499,-10.007
43.105,14.153,9.499,-10.007
43.125,14.213,9.499,-10.007
43.146,14.303,9.499,-10.008
43.165,14.363,9.499,-10.008
43.185,14.453,9.499,-10.008
43.205,14.513,9.499,-10.008
43.225,14.603,9.499,-10.008
43.245,14.663,9.499,-10.008
43.267,14.753,9.499,-10.008
43.285,14.813,9.499,-10.008
43.305,14.903,9.499,-10.008
43.325,14.963,9.499,-10.008
43.345,15.053,9.499,-10.008
43.365,15.113,9.498,-10.008
43.385,15.203,9.498,-10.008
43.406,15.262,9.498,-10.008
43.425,15.352,9.498,-10.008
43.445,15.412,9.498,-10.009
43.466,15.502,9.498,-10.009
43.486,15.562,9.497,-10.009
43.505,15.651,9.497,-10.009
43.526,15.711,9.497,-10.009
43.545,15.801,9.497,-10.009
43.565,15.860,9.497,-10.009
43.585,15.950,9.496,-10.009
43.606,16.010,9.496,-10.008
43.625,16.099,9.496,-10.008
43.645,16.159,9.496,-10.008
43.665,16.248,9.495,-10.008
43.685,16.308,9.495,-10.008
43.705,16.398,9.495,-10.008
43.726,16.457,9.494,-10.008
43.745,16.547,9.494,-10.007
43.765,16.607,9.494,-10.007
43.785,16.696,9.493,-10.007
43.806,16.756,9.492,-10.007
43.825,16.846,9.492,-10.007
43.845,16.906,9.491,-10.007
43.866,16.995,9.490,-10.007
43.885,17.055,9.489,-10.007
43.906,17.145,9.488,-10.007
43.926,17.205,9.488,-10.006
43.945,17.295,9.486,-10.006
43.965,17.355,9.486,-10.006
43.985,17.446,9.484,-10.006
44.005,17.506,9.484,-10.006
44.026,17.596,9.482,-10.005
44.045,17.656,9.481,-10.005
44.065,17.746,9.480,-10.005
44.085,17.806,9.479,-10.005
44.105,17.897,9.478,-10.004
44.125,17.957,9.477,-10.004
44.145,18.047,9.476,-10.004
44.165,18.108,9.475,-10.003
44.185,18.198,9.473,-10.003
44.205,18.258,9.472,-10.003
44.225,18.349,9.471,-10.003
44.245,18.409,9.470,-10.002
44.265,18.499,9.469,-10.002
44.285,18.560,9.468,-10.002
44.305,18.650,9.467,-10.002
44.325,18.710,9.466,-10.001
44.345,18.800,9.464,-10.001
44.365,18.861,9.463,-10.001
44.386,18.951,9.462,-10.001
44.406,19.011,9.461,-10.000
44.425,19.101,9.460,-10.000
44.446,19.161,9.459,-10.000
44.465,19.252,9.457,-10.000
44.485,19.312,9.456,-10.000
44.505,19.402,9.455,-10.000
44.525,19.462,9.454,-9.999
44.545,19.553,9.453,-9.999
44.565,19.613,9.452,-9.999
44.586,19.703,9.450,-9.999
44.605,19.763,9.449,-9.999
44.625,19.854,9.448,-9.998
44.645,19.914,9.447,-9.998
44.667,20.004,9.445,-9.998
44.686,20.064,9.444,-9.998
44.705,20.155,9.443,-9.998
44.725,20.215,9.442,-9.997
44.745,20.306,9.440,-9.997
44.765,20.366,9.439,-9.997
44.785,20.456,9.438,-9.997
44.806,20.517,9.437,-9.997
44.825,20.607,9.435,-9.996
44.845,20.667,9.435,-9.996
44.866,20.757,9.433,-9.996
44.885,20.817,9.432,-9.996
44.905,20.908,9.431,-9.996
44.926,20.968,9.430,-9.996
44.946,21.058,9.429,-9.996
44.966,21.118,9.428,-9.996
44.985,21.208,9.427,-9.995
45.006,21.268,9.426,-9.995
45.025,21.358,9.425,-9.995
45.045,21.418,9.424,-9.995
45.065,21.507,9.423,-9.995
45.085,21.567,9.422,-9.995
45.106,21.657,9.421,-9.995
45.126,21.717,9.420,-9.995
45.145,21.807,9.419,-9.995
45.165,21.867,9.419,-9.994
45.186,21.956,9.418,-9.994
45.205,22.016,9.417,-9.994
45.225,22.106,9.417,-9.994
45.247,22.166,9.416,-9.994
45.266,22.255,9.415,-9.993
45.285,22.315,9.415,-9.993
45.305,22.405,9.414,-9.993
45.325,22.465,9.414,-9.993
45.345,22.554,9.413,-9.993
45.365,22.614,9.413,-9.993
45.385,22.704,9.412,-9.993
45.405,22.763,9.412,-9.993
45.425,22.853,9.411,-9.993
45.446,22.913,9.411,-9.992
45.466,23.002,9.410,-9.992
45.485,23.062,9.410,-9.992
45.505,23.152,9.409,-9.992
45.526,23.211,9.409,-9.992
45.545,23.301,9.409,-9.992
45.566,23.361,9.408,-9.992
45.585,23.450,9.408,-9.991
45.605,23.510,9.408,-9.991
45.625,23.600,9.408,-9.991
45.646,23.660,9.407,-9.991
45.665,23.749,9.407,-9.990
45.685,23.809,9.407,-9.990
45.706,23.898,9.407,-9.990
45.725,23.958,9.407,-9.989
45.745,24.047,9.407,-9.989
45.766,24.107,9.406,-9.989
45.785,24.196,9.406,-9.989
45.805,24.256,9.406,-9.989
45.825,24.345,9.406,-9.988
45.845,24.404,9.406,-9.988
45.866,24.493,9.406,-9.988
45.885,24.553,9.406,-9.988
45.905,24.642,9.406,-9.988
45.925,24.701,9.406,-9.988
45.945,24.790,9.406,-9.988
45.966,24.849,9.406,-9.987
45.985,24.938,9.406,-9.987
46.006,24.997,9.406,-9.987
46.026,25.086,9.406,-9.987
46.045,25.145,9.406,-9.987
46.065,25.234,9.406,-9.988
46.085,25.293,9.406,-9.988
46.105,25.381,9.406,-9.988
46.125,25.440,9.406,-9.988
46.145,25.529,9.407,-9.988
46.166,25.588,9.407,-9.988
46.185,25.677,9.407,-9.989
46.205,25.736,9.407,-9.989
46.226,25.824,9.407,-9.989
46.246,25.883,9.408,-9.990
46.266,25.971,9.408,-9.990
46.285,26.030,9.408,-9.990
46.305,26.118,9.408,-9.991
46.326,26.177,9.408,-9.991
46.345,26.265,9.409,-9.991
46.367,26.324,9.409,-9.991
46.386,26.412,9.409,-9.991
46.405,26.471,9.409,-9.992
46.425,26.559,9.409,-9.992
46.446,26.617,9.410,-9.992
46.465,26.705,9.410,-9.992
46.485,26.763,9.410,-9.992
46.505,26.851,9.410,-9.992
46.525,26.910,9.410,-9.992
46.545,26.997,9.410,-9.992
46.566,27.056,9.410,-9.992
46.586,27.144,9.410,-9.992
46.606,27.202,9.410,-9.992
46.625,27.290,9.410,-9.992
46.645,27.348,9.410,-9.992
46.665,27.436,9.410,-9.992
46.685,27.494,9.410,-9.992
46.706,27.582,9.410,-9.992
46.725,27.640,9.410,-9.992
46.745,27.728,9.410,-9.993
46.766,27.786,9.410,-9.993
46.785,27.873,9.410,-9.993
46.805,27.932,9.410,-9.993
46.825,28.019,9.410,-9.994
46.845,28.077,9.409,-9.994
46.865,28.165,9.409,-9.994
46.886,28.223,9.409,-9.995
46.906,28.311,9.409,-9.995
46.925,28.369,9.408,-9.995
46.946,28.457,9.408,-9.996
46.965,28.515,9.408,-9.996
46.985,28.602,9.407,-9.997
47.005,28.660,9.407,-9.997
47.026,28.748,9.406,-9.998
47.045,28.806,9.406,-9.998
47.065,28.893,9.405,-9.999
47.086,28.951,9.404,-9.999
47.106,29.039,9.404,-9.999
47.125,29.097,9.403,-9.999
47.145,29.185,9.402,-10.000
47.166,29.243,9.401,-10.000
47.185,29.330,9.400,-10.000
47.206,29.389,9.400,-10.000
47.226,29.476,9.399,-10.000
47.245,29.534,9.398,-10.001
47.265,29.622,9.397,-10.001
47.286,29.680,9.397,-10.001
47.306,29.767,9.396,-10.001
47.327,29.825,9.395,-10.001
47.346,29.913,9.394,-10.002
47.366,29.971,9.393,-10.002
47.385,30.058,9.392,-10.002
47.405,30.116,9.391,-10.002
47.425,30.203,9.390,-10.002
47.445,30.261,9.390,-10.002
47.465,30.349,9.389,-10.002
47.485,30.407,9.388,-10.002
47.507,30.494,9.387,-10.002
47.525,30.552,9.386,-10.002
47.545,30.639,9.385,-10.002
47.566,30.697,9.384,-10.002
47.586,30.784,9.383,-10.001
47.605,30.842,9.383,-10.001
47.626,30.930,9.382,-10.001
47.645,30.988,9.381,-10.001
47.665,31.075,9.380,-10.000
47.685,31.133,9.379,-10.000
47.706,31.220,9.379,-10.000
47.725,31.279,9.378,-10.000
47.746,31.366,9.377,-9.999
47.766,31.424,9.377,-9.999
47.785,31.511,9.376,-9.999
47.806,31.570,9.375,-9.998
47.825,31.657,9.374,-9.998
47.845,31.715,9.373,-9.998
47.865,31.802,9.372,-9.997
47.887,31.860,9.371,-9.997
47.905,31.948,9.370,-9.997
47.925,32.006,9.370,-9.997
47.945,32.093,9.368,-9.997
47.965,32.151,9.368,-9.996
47.985,32.238,9.366,-9.996
48.005,32.296,9.366,-9.996
48.025,32.383,9.364,-9.996
48.045,32.442,9.364,-9.996
48.065,32.529,9.362,-9.996
48.086,32.587,9.361,-9.996
48.106,32.674,9.360,-9.996
48.125,32.732,9.359,-9.996
48.146,32.819,9.358,-9.995
48.166,32.877,9.357,-9.995
48.185,32.964,9.355,-9.995
48.206,33.022,9.355,-9.995
48.226,33.109,9.353,-9.995
48.245,33.167,9.352,-9.995
48.265,33.253,9.351,-9.995
48.286,33.311,9.350,-9.995
48.305,33.397,9.349,-9.995
48.325,33.454,9.348,-9.995
48.347,33.540,9.347,-9.996
48.366,33.596,9.346,-9.996
48.385,33.681,9.345,-9.996
48.405,33.737,9.344,-9.996
48.425,33.821,9.344,-9.997
48.445,33.876,9.343,-9.997
48.465,33.959,9.342,-9.998
48.486,34.013,9.341,-9.998
48.505,34.094,9.341,-9.998
48.525,34.148,9.340,-9.999
48.545,34.227,9.339,-9.999
48.565,34.279,9.339,-10.000
48.585,34.357,9.338,-10.001
48.605,34.408,9.338,-10.001
48.627,34.483,9.338,-10.002
48.645,34.532,9.337,-10.002
48.665,34.606,9.337,-10.003
48.686,34.654,9.337,-10.004
48.706,34.724,9.336,-10.004
48.725,34.771,9.336,-10.005
48.746,34.839,9.336,-10.005
48.765,34.884,9.336,-10.006
48.785,34.949,9.336,-10.006
48.806,34.992,9.336,-10.007
48.825,35.055,9.335,-10.007
48.845,35.096,9.335,-10.008
48.866,35.156,9.335,-10.010
48.886,35.195,9.335,-10.012
48.906,35.252,9.335,-10.014
48.925,35.290,9.335,-10.016
48.946,35.344,9.335,-10.019
48.965,35.380,9.336,-10.021
48.985,35.433,9.337,-10.025
49.006,35.468,9.338,-10.027
49.025,35.520,9.341,-10.030
49.045,35.555,9.343,-10.032
49.065,35.606,9.348,-10.035
49.086,35.640,9.353,-10.037
49.105,35.691,9.361,-10.039
49.125,35.725,9.367,-10.041
49.145,35.775,9.379,-10.042
49.165,35.809,9.389,-10.043
49.185,35.859,9.405,-10.043
49.206,35.892,9.418,-10.043
49.225,35.941,9.440,-10.042
49.245,35.973,9.456,-10.041
49.265,36.021,9.483,-10.038
49.287,36.052,9.503,-10.036
49.305,36.098,9.536,-10.032
49.326,36.129,9.559,-10.029
49.345,36.172,9.598,-10.023
49.365,36.201,9.626,-10.019
49.385,36.242,9.670,-10.012
49.406,36.269,9.702,-10.006
49.426,36.307,9.752,-9.997
49.446,36.331,9.787,-9.991
49.465,36.365,9.842,-9.981
49.485,36.387,9.881,-9.974
49.505,36.418,9.941,-9.963
49.526,36.437,9.983,-9.956
49.545,36.463,10.048,-9.944
49.565,36.479,10.093,-9.937
49.585,36.501,10.162,-9.925
49.606,36.514,10.209,-9.917
49.625,36.531,10.282,-9.906
49.645,36.541,10.331,-9.899
49.665,36.553,10.407,-9.889
49.686,36.560,10.458,-9.882
49.705,36.568,10.536,-9.873
49.725,36.572,10.589,-9.868
49.746,36.576,10.669,-9.861
49.765,36.576,10.723,-9.858
49.785,36.576,10.804,-9.853
49.806,36.574,10.859,-9.851
49.825,36.569,10.940,-9.849
49.845,36.565,10.995,-9.848
49.866,36.557,11.077,-9.848
49.885,36.551,11.131,-9.849
49.905,36.540,11.213,-9.851
49.925,36.533,11.267,-9.853
49.946,36.520,11.347,-9.857
49.965,36.510,11.400,-9.860
49.986,36.496,11.479,-9.864
50.007,36.485,11.531,-9.868
50.025,36.469,11.608,-9.873
50.045,36.458,11.659,-9.877
50.065,36.441,11.734,-9.884
50.085,36.430,11.784,-9.888
50.106,36.412,11.857,-9.895
50.125,36.400,11.905,-9.900
50.145,36.382,11.976,-9.908
50.165,36.370,12.022,-9.913
50.185,36.352,12.090,-9.922
50.207,36.340,12.135,-9.927
50.225,36.323,12.201,-9.936
50.245,36.311,12.244,-9.941
50.266,36.294,12.308,-9.950
50.285,36.283,12.349,-9.956
50.305,36.266,12.410,-9.964
50.326,36.254,12.450,-9.970
50.345,36.237,12.508,-9.978
50.365,36.226,12.546,-9.984
50.385,36.208,12.602,-9.992
50.407,36.196,12.638,-9.997
50.425,36.177,12.690,-10.004
50.445,36.164,12.724,-10.009
50.465,36.143,12.773,-10.016
50.486,36.128,12.805,-10.020
50.506,36.105,12.850,-10.026
50.526,36.088,12.879,-10.030
50.546,36.061,12.920,-10.035
50.565,36.042,12.946,-10.038
50.586,36.011,12.984,-10.042
50.608,35.990,13.007,-10.044
50.626,35.955,13.040,-10.047
50.645,35.931,13.061,-10.049
50.666,35.891,13.090,-10.051
50.685,35.864,13.108,-10.052
50.705,35.820,13.133,-10.054
50.725,35.790,13.148,-10.055
50.745,35.741,13.169,-10.056
50.765,35.708,13.182,-10.057
50.787,35.655,13.200,-10.058
50.806,35.618,13.210,-10.058
50.825,35.561,13.224,-10.059
50.845,35.521,13.233,-10.059
50.866,35.460,13.244,-10.059
50.885,35.418,13.251,-10.058
50.905,35.353,13.260,-10.058
50.925,35.308,13.265,-10.057
50.945,35.240,13.272,-10.056
50.965,35.193,13.276,-10.055
50.986,35.121,13.281,-10.054
51.008,35.072,13.284,-10.053
51.025,34.998,13.287,-10.051
51.046,34.947,13.289,-10.050
51.066,34.871,13.291,-10.048
51.085,34.819,13.292,-10.046
51.106,34.739,13.293,-10.045
51.125,34.686,13.293,-10.043
51.146,34.605,13.293,-10.041
51.165,34.550,13.293,-10.040
51.185,34.467,13.292,-10.038
51.205,34.411,13.291,-10.037
51.225,34.327,13.289,-10.035
51.246,34.270,13.288,-10.034
51.265,34.185,13.286,-10.033
51.285,34.128,13.284,-10.032
51.305,34.042,13.281,-10.030
51.326,33.984,13.279,-10.030
51.345,33.897,13.276,-10.028
51.365,33.839,13.274,-10.028
51.386,33.751,13.271,-10.027
51.406,33.693,13.268,-10.026
51.425,33.605,13.265,-10.026
51.445,33.546,13.262,-10.025
51.465,33.458,13.258,-10.025
51.485,33.399,13.256,-10.024
51.506,33.310,13.252,-10.024
51.525,33.251,13.250,-10.024
51.545,33.162,13.247,-10.024
51.565,33.103,13.244,-10.024
51.585,33.014,13.241,-10.024
51.606,32.955,13.239,-10.024
51.625,32.866,13.236,-10.024
51.646,32.806,13.234,-10.024
51.666,32.717,13.232,-10.024
51.685,32.658,13.230,-10.024
51.706,32.569,13.228,-10.024
51.726,32.509,13.226,-10.025
51.745,32.420,13.224,-10.025
51.765,32.360,13.223,-10.025
51.785,32.271,13.221,-10.025
51.805,32.212,13.220,-10.025
51.825,32.123,13.219,-10.025
51.846,32.064,13.218,-10.025
51.866,31.975,13.217,-10.024
51.885,31.915,13.216,-10.024
51.906,31.827,13.216,-10.024
51.925,31.768,13.215,-10.024
51.945,31.679,13.215,-10.024
51.965,31.620,13.215,-10.024
51.986,31.531,13.215,-10.023
52.005,31.472,13.215,-10.023
52.025,31.384,13.215,-10.023
52.046,31.325,13.216,-10.023
52.065,31.237,13.217,-10.023
52.085,31.178,13.217,-10.023
52.105,31.090,13.218,-10.023
52.125,31.031,13.219,-10.023
52.145,30.943,13.220,-10.024
52.165,30.884,13.222,-10.024
52.185,30.796,13.223,-10.024
52.205,30.737,13.225,-10.024
52.225,30.649,13.227,-10.025
52.246,30.590,13.228,-10.025
52.265,30.502,13.230,-10.025
52.285,30.443,13.232,-10.025
52.305,30.355,13.234,-10.026
52.325,30.296,13.236,-10.026
52.345,30.208,13.239,-10.026
52.366,30.149,13.241,-10.026
52.386,30.061,13.244,-10.027
52.405,30.002,13.246,-10.027
52.425,29.913,13.249,-10.027
52.446,29.854,13.251,-10.028
52.465,29.766,13.254,-10.028
52.485,29.707,13.256,-10.028
52.507,29.618,13.260,-10.028
52.525,29.559,13.262,-10.028
52.545,29.470,13.265,-10.028
52.565,29.411,13.267,-10.028
52.585,29.322,13.271,-10.028
52.605,29.263,13.273,-10.028
52.627,29.174,13.277,-10.028
52.645,29.115,13.279,-10.028
52.665,29.026,13.283,-10.028
52.685,28.966,13.285,-10.028
52.705,28.877,13.288,-10.027
52.726,28.817,13.291,-10.027
52.745,28.728,13.294,-10.027
52.766,28.668,13.297,-10.027
52.786,28.579,13.300,-10.026
52.805,28.519,13.303,-10.026
52.825,28.430,13.306,-10.025
52.845,28.370,13.309,-10.025
52.865,28.281,13.312,-10.024
52.885,28.221,13.314,-10.024
52.905,28.132,13.318,-10.023
52.925,28.072,13.320,-10.022
52.945,27.983,13.323,-10.022
52.965,27.923,13.326,-10.021
52.986,27.834,13.329,-10.020
53.005,27.774,13.331,-10.020
53.025,27.684,13.334,-10.019
53.045,27.624,13.335,-10.018
53.065,27.535,13.338,-10.017
53.085,27.475,13.340,-10.016
53.106,27.385,13.342,-10.016
53.125,27.325,13.343,-10.015
53.145,27.235,13.345,-10.014
53.166,27.175,13.347,-10.014
53.186,27.085,13.348,-10.013
53.205,27.025,13.349,-10.012
53.226,26.935,13.351,-10.012
53.246,26.875,13.352,-10.011
53.265,26.785,13.353,-10.010
53.286,26.724,13.354,-10.010
53.306,26.634,13.355,-10.009
53.326,26.574,13.355,-10.009
53.345,26.484,13.356,-10.008
53.366,26.424,13.357,-10.008
53.385,26.334,13.357,-10.008
53.405,26.273,13.358,-10.008
53.428,26.183,13.358,-10.007
53.445,26.123,13.358,-10.007
53.465,26.033,13.359,-10.007
53.485,25.972,13.359,-10.007
53.506,25.882,13.359,-10.006
53.525,25.822,13.359,-10.006
53.545,25.732,13.359,-10.006
53.565,25.671,13.358,-10.006
53.585,25.581,13.358,-10.006
53.605,25.521,13.358,-10.006
53.625,25.430,13.357,-10.006
53.646,25.370,13.357,-10.005
53.665,25.280,13.357,-10.005
53.686,25.220,13.356,-10.005
53.706,25.129,13.356,-10.005
53.725,25.069,13.355,-10.005
53.745,24.979,13.354,-10.005
53.765,24.918,13.354,-10.005
53.785,24.828,13.353,-10.005
53.806,24.768,13.353,-10.005
53.825,24.677,13.352,-10.005
53.845,24.617,13.351,-10.005
53.865,24.526,13.351,-10.005
53.885,24.466,13.350,-10.005
53.907,24.375,13.349,-10.005
53.925,24.315,13.349,-10.005
53.945,24.224,13.348,-10.005
53.966,24.164,13.348,-10.005
53.985,24.073,13.347,-10.004
54.005,24.013,13.347,-10.004
54.025,23.922,13.346,-10.004
54.045,23.861,13.346,-10.004
54.065,23.771,13.346,-10.004
54.085,23.710,13.345,-10.004
54.106,23.619,13.345,-10.004
54.125,23.559,13.345,-10.004
54.146,23.468,13.344,-10.003
54.165,23.407,13.344,-10.003
54.185,23.317,13.344,-10.003
54.205,23.256,13.344,-10.003
54.225,23.165,13.344,-10.003
54.245,23.105,13.344,-10.002
54.265,23.014,13.343,-10.002
54.286,22.953,13.343,-10.002
54.305,22.863,13.343,-10.002
54.326,22.802,13.343,-10.002
54.345,22.711,13.343,-10.002
54.367,22.651,13.343,-10.002
54.385,22.560,13.343,-10.001
54.406,22.500,13.343,-10.001
54.425,22.409,13.343,-10.001
54.445,22.349,13.343,-10.001
54.465,22.258,13.343,-10.001
54.485,22.198,13.343,-10.001
54.506,22.107,13.343,-10.000
54.526,22.047,13.343,-10.000
54.545,21.956,13.343,-10.000
54.565,21.896,13.343,-10.000
54.585,21.805,13.343,-9.999
54.606,21.745,13.343,-9.999
54.626,21.654,13.343,-9.999
54.645,21.594,13.343,-9.999
54.665,21.503,13.342,-9.998
54.685,21.443,13.342,-9.998
54.705,21.352,13.342,-9.998
54.725,21.292,13.341,-9.997
54.745,21.201,13.341,-9.997
54.765,21.141,13.340,-9.997
54.785,21.050,13.340,-9.996
54.805,20.989,13.339,-9.996
54.825,20.899,13.338,-9.995
54.845,20.838,13.338,-9.995
54.865,20.747,13.337,-9.995
54.885,20.687,13.336,-9.995
54.906,20.596,13.335,-9.994
54.925,20.535,13.334,-9.994
54.946,20.444,13.333,-9.994
54.965,20.384,13.332,-9.993
54.985,20.293,13.331,-9.993
55.006,20.232,13.330,-9.993
55.026,20.141,13.328,-9.993
55.045,20.080,13.327,-9.993
55.065,19.989,13.326,-9.992
55.085,19.929,13.325,-9.992
55.105,19.838,13.323,-9.992
55.125,19.777,13.322,-9.992
55.146,19.686,13.320,-9.992
55.165,19.626,13.319,-9.992
55.185,19.535,13.317,-9.992
55.205,19.474,13.316,-9.992
55.225,19.383,13.314,-9.992
55.245,19.323,13.313,-9.992
55.267,19.232,13.311,-9.992
55.286,19.172,13.309,-9.992
55.306,19.081,13.307,-9.992
55.325,19.020,13.306,-9.992
55.346,18.930,13.304,-9.992
55.365,18.869,13.303,-9.992
55.385,18.778,13.300,-9.993
55.405,18.718,13.299,-9.993
55.425,18.627,13.297,-9.993
55.445,18.567,13.296,-9.993
55.466,18.476,13.293,-9.993
55.486,18.415,13.292,-9.993
55.506,18.325,13.290,-9.993
55.525,18.264,13.288,-9.993
55.546,18.173,13.286,-9.993
55.565,18.113,13.285,-9.993
55.585,18.022,13.282,-9.994
55.606,17.961,13.281,-9.994
55.625,17.871,13.279,-9.994
55.645,17.810,13.277,-9.994
55.665,17.719,13.275,-9.994
55.686,17.659,13.274,-9.995
55.705,17.568,13.272,-9.995
55.725,17.507,13.270,-9.995
55.745,17.417,13.268,-9.995
55.765,17.356,13.266,-9.995
55.785,17.265,13.264,-9.996
55.806,17.205,13.263,-9.996
55.825,17.114,13.261,-9.996
55.845,17.053,13.259,-9.996
55.865,16.963,13.257,-9.997
55.885,16.902,13.256,-9.997
55.905,16.811,13.254,-9.997
55.926,16.750,13.252,-9.997
55.945,16.660,13.250,-9.997
55.965,16.599,13.249,-9.997
55.985,16.508,13.247,-9.997
56.005,16.448,13.246,-9.998
56.025,16.357,13.244,-9.998
56.045,16.296,13.243,-9.998
56.066,16.205,13.241,-9.998
56.085,16.145,13.240,-9.998
56.105,16.054,13.238,-9.998
56.126,15.993,13.237,-9.998
56.145,15.902,13.235,-9.998
56.165,15.842,13.234,-9.998
56.185,15.751,13.233,-9.998
56.206,15.690,13.231,-9.998
56.225,15.599,13.230,-9.998
56.245,15.538,13.229,-9.998
56.265,15.447,13.227,-9.998
56.285,15.386,13.226,-9.998
56.305,15.295,13.224,-9.998
56.326,15.234,13.223,-9.998
56.345,15.143,13.222,-9.999
56.365,15.082,13.221,-9.999
56.385,14.991,13.219,-9.999
56.405,14.930,13.218,-9.999
56.425,14.838,13.216,-9.999
56.445,14.777,13.215,-10.000
56.465,14.686,13.213,-10.000
56.485,14.625,13.212,-10.000
56.505,14.534,13.211,-10.000
56.526,14.473,13.210,-10.001
56.547,14.382,13.208,-10.001
56.565,14.321,13.207,-10.001
56.585,14.229,13.205,-10.002
56.606,14.168,13.204,-10.002
56.625,14.077,13.202,-10.002
56.645,14.016,13.201,-10.002
56.666,13.925,13.199,-10.003
56.685,13.864,13.198,-10.003
56.705,13.773,13.196,-10.003
56.726,13.712,13.195,-10.004
56.746,13.621,13.193,-10.004
56.765,13.560,13.192,-10.004
56.785,13.469,13.190,-10.004
56.806,13.408,13.189,-10.005
56.825,13.317,13.187,-10.005
56.845,13.256,13.186,-10.005
56.866,13.164,13.185,-10.005
56.885,13.104,13.183,-10.005
56.905,13.013,13.182,-10.005
56.926,12.952,13.181,-10.005
56.946,12.861,13.179,-10.005
56.965,12.800,13.178,-10.005
56.985,12.709,13.176,-10.005
57.005,12.648,13.175,-10.005
57.025,12.557,13.173,-10.005
57.045,12.497,13.172,-10.005
57.065,12.406,13.170,-10.005
57.085,12.346,13.169,-10.005
57.105,12.255,13.167,-10.004
57.125,12.195,13.166,-10.004
57.145,12.104,13.164,-10.004
57.165,12.044,13.163,-10.004
57.186,11.953,13.161,-10.004
57.207,11.893,13.160,-10.004
57.225,11.802,13.158,-10.004
57.245,11.742,13.157,-10.004
57.265,11.652,13.155,-10.004
57.285,11.592,13.154,-10.003
57.305,11.502,13.152,-10.003
57.325,11.442,13.151,-10.003
57.345,11.352,13.149,-10.003
57.365,11.292,13.148,-10.003
57.386,11.202,13.146,-10.003
57.405,11.142,13.145,-10.003
57.425,11.052,13.143,-10.002
57.445,10.992,13.142,-10.002
57.465,10.902,13.140,-10.002
57.485,10.842,13.139,-10.002
57.506,10.753,13.137,-10.002
57.526,10.693,13.136,-10.002
57.545,10.603,13.135,-10.002
57.565,10.543,13.134,-10.002
57.586,10.454,13.132,-10.001
57.606,10.394,13.132,-10.001
57.625,10.304,13.130,-10.001
57.645,10.245,13.129,-10.001
57.666,10.155,13.128,-10.001
57.686,10.095,13.127,-10.001
57.706,10.006,13.126,-10.001
57.725,9.946,13.125,-10.001
57.745,9.856,13.124,-10.001
57.765,9.797,13.123,-10.001
57.785,9.707,13.122,-10.001
57.805,9.647,13.121,-10.001
57.825,9.558,13.120,-10.001
57.845,9.498,13.119,-10.001
57.865,9.408,13.117,-10.001
57.885,9.348,13.117,-10.001
57.906,9.259,13.115,-10.001
57.925,9.199,13.115,-10.001
57.945,9.109,13.114,-10.002
57.966,9.049,13.113,-10.002
57.985,8.960,13.112,-10.002
58.006,8.900,13.111,-10.002
58.025,8.811,13.110,-10.002
58.045,8.751,13.109,-10.002
58.065,8.661,13.108,-10.002
58.085,8.602,13.108,-10.003
58.105,8.512,13.107,-10.003
58.125,8.453,13.106,-10.003
58.145,8.363,13.106,-10.003
58.166,8.304,13.105,-10.003
58.185,8.214,13.104,-10.003
58.206,8.155,13.104,-10.003
58.225,8.066,13.103,-10.003
58.246,8.006,13.103,-10.003
58.265,7.917,13.103,-10.004
58.285,7.857,13.102,-10.004
58.306,7.768,13.102,-10.004
58.327,7.709,13.102,-10.004
58.345,7.619,13.101,-10.004
58.365,7.560,13.101,-10.004
58.385,7.471,13.101,-10.005
58.405,7.411,13.101,-10.005
58.425,7.322,13.100,-10.005
58.445,7.263,13.100,-10.006
58.465,7.174,13.100,-10.006
58.485,7.115,13.100,-10.006
58.505,7.026,13.100,-10.007
58.525,6.967,13.099,-10.007
58.545,6.878,13.099,-10.007
58.565,6.819,13.099,-10.008
58.586,6.731,13.099,-10.008
58.606,6.672,13.099,-10.008
58.625,6.583,13.098,-10.009
58.647,6.524,13.098,-10.009
58.665,6.435,13.098,-10.009
58.685,6.376,13.098,-10.009
58.705,6.288,13.098,-10.009
58.725,6.229,13.098,-10.009
58.745,6.140,13.097,-10.010
58.766,6.081,13.097,-10.010
58.785,5.993,13.097,-10.010
58.805,5.934,13.097,-10.010
58.825,5.845,13.097,-10.010
58.846,5.786,13.098,-10.010
58.865,5.698,13.098,-10.010
58.885,5.639,13.098,-10.010
58.905,5.550,13.098,-10.010
58.925,5.491,13.098,-10.009
58.945,5.403,13.099,-10.009
58.965,5.344,13.099,-10.009
58.985,5.256,13.099,-10.009
59.005,5.197,13.099,-10.009
59.025,5.108,13.100,-10.009
59.046,5.049,13.100,-10.009
59.065,4.961,13.100,-10.008
59.085,4.902,13.100,-10.008
59.105,4.814,13.101,-10.008
59.126,4.755,13.101,-10.008
59.145,4.666,13.101,-10.008
59.165,4.607,13.102,-10.008
59.185,4.519,13.102,-10.008
59.206,4.460,13.102,-10.008
59.226,4.371,13.103,-10.007
59.245,4.312,13.103,-10.007
59.265,4.224,13.103,-10.007
59.285,4.165,13.103,-10.007
59.306,4.076,13.104,-10.007
59.325,4.017,13.104,-10.007
59.345,3.929,13.104,-10.007
59.365,3.870,13.104,-10.007
59.387,3.781,13.105,-10.007
59.405,3.722,13.105,-10.007
59.427,3.633,13.105,-10.007
59.446,3.574,13.105,-10.007
59.465,3.486,13.105,-10.008
59.486,3.427,13.105,-10.008
59.507,3.338,13.106,-10.008
59.525,3.279,13.106,-10.008
59.545,3.191,13.106,-10.008
59.565,3.132,13.106,-10.008
59.585,3.043,13.106,-10.008
59.605,2.985,13.107,-10.009
59.626,2.896,13.107,-10.009
59.645,2.837,13.107,-10.009
59.665,2.749,13.107,-10.009
59.686,2.690,13.108,-10.009
59.706,2.602,13.108,-10.009
59.725,2.543,13.108,-10.009
59.745,2.455,13.109,-10.008
59.765,2.396,13.109,-10.008
59.785,2.308,13.109,-10.008
59.805,2.249,13.110,-10.008
59.826,2.161,13.110,-10.007
59.846,2.103,13.110,-10.007
59.865,2.015,13.111,-10.007
59.885,1.956,13.111,-10.007
59.906,1.868,13.112,-10.006
59.926,1.810,13.112,-10.006
59.946,1.722,13.112,-10.006
59.966,1.664,13.113,-10.005
59.985,1.576,13.113,-10.005
60.006,1.518,13.113,-10.005
60.025,1.430,13.114,-10.005
60.045,1.372,13.114,-10.004
60.065,1.284,13.114,-10.004
60.085,1.226,13.115,-10.004
60.105,1.139,13.115,-10.004
60.125,1.080,13.116,-10.004
60.145,0.993,13.116,-10.004
60.165,0.935,13.116,-10.004
60.185,0.848,13.117,-10.003
60.205,0.789,13.117,-10.003
60.225,0.702,13.117,-10.003
60.247,0.644,13.117,-10.003
60.265,0.557,13.117,-10.003
60.285,0.499,13.117,-10.003
60.305,0.412,13.118,-10.003
60.326,0.354,13.118,-10.003
60.345,0.267,13.118,-10.003
60.365,0.209,13.118,-10.003
60.385,0.123,13.118,-10.003
60.406,0.065,13.118,-10.003
60.426,-0.022,13.118,-10.003
60.445,-0.080,13.118,-10.003
60.465,-0.167,13.118,-10.003
60.486,-0.225,13.117,-10.002
60.506,-0.312,13.117,-10.002
60.526,-0.370,13.117,-10.002
60.545,-0.457,13.117,-10.002
60.566,-0.515,13.117,-10.002
60.586,-0.602,13.116,-10.002
60.605,-0.660,13.116,-10.002
60.626,-0.747,13.116,-10.002
60.645,-0.805,13.115,-10.002
60.665,-0.892,13.115,-10.002
60.687,-0.951,13.115,-10.002
60.706,-1.038,13.114,-10.002
60.725,-1.096,13.114,-10.002
60.745,-1.183,13.114,-10.002
60.765,-1.241,13.113,-10.002
60.785,-1.328,13.113,-10.002
60.805,-1.387,13.113,-10.002
60.826,-1.474,13.112,-10.001
60.845,-1.532,13.112,-10.001
60.865,-1.619,13.112,-10.001
60.886,-1.677,13.111,-10.001
60.906,-1.764,13.111,-10.000
60.925,-1.822,13.111,-10.000
60.945,-1.909,13.111,-10.000
60.965,-1.967,13.111,-10.000
60.985,-2.054,13.110,-9.999
61.005,-2.112,13.110,-9.999
61.025,-2.200,13.110,-9.999
61.046,-2.258,13.110,-9.998
61.065,-2.345,13.110,-9.998
61.085,-2.403,13.110,-9.998
61.105,-2.490,13.110,-9.997
61.125,-2.548,13.110,-9.997
61.145,-2.635,13.110,-9.996
61.165,-2.694,13.110,-9.996
61.185,-2.781,13.110,-9.995
61.207,-2.839,13.110,-9.995
61.226,-2.926,13.111,-9.995
61.245,-2.984,13.111,-9.994
61.265,-3.070,13.111,-9.994
61.286,-3.128,13.111,-9.993
61.306,-3.214,13.112,-9.993
61.325,-3.272,13.112,-9.992
61.346,-3.357,13.112,-9.992
61.365,-3.414,13.113,-9.992
61.385,-3.500,13.113,-9.992
61.405,-3.556,13.113,-9.991
61.425,-3.640,13.114,-9.991
61.445,-3.696,13.114,-9.991
61.465,-3.780,13.114,-9.991
61.485,-3.835,13.115,-9.991
61.505,-3.917,13.115,-9.992
61.525,-3.971,13.116,-9.992
61.545,-4.052,13.116,-9.992
61.565,-4.105,13.116,-9.992
61.585,-4.184,13.117,-9.993
61.606,-4.236,13.118,-9.993
61.627,-4.313,13.118,-9.994
61.645,-4.364,13.119,-9.994
61.665,-4.440,13.119,-9.995
61.685,-4.489,13.120,-9.995
61.705,-4.562,13.121,-9.996
61.725,-4.611,13.121,-9.997
61.746,-4.682,13.122,-9.997
61.765,-4.728,13.123,-9.998
61.785,-4.797,13.124,-9.999
61.806,-4.842,13.124,-9.999
61.825,-4.908,13.125,-10.000
61.845,-4.952,13.125,-10.000
61.866,-5.015,13.126,-10.001
61.885,-5.057,13.126,-10.001
61.905,-5.118,13.127,-10.002
61.925,-5.158,13.127,-10.002
61.946,-5.216,13.128,-10.003
61.965,-5.254,13.128,-10.005
61.985,-5.309,13.128,-10.007
62.006,-5.345,13.129,-10.009
62.025,-5.397,13.129,-10.012
62.045,-5.432,13.130,-10.015
62.066,-5.482,13.131,-10.018
62.085,-5.515,13.131,-10.020
62.105,-5.564,13.133,-10.024
62.125,-5.597,13.135,-10.026
62.145,-5.645,13.139,-10.030
62.165,-5.677,13.142,-10.032
62.185,-5.725,13.148,-10.036
62.207,-5.757,13.154,-10.038
62.225,-5.804,13.163,-10.040
62.245,-5.835,13.171,-10.042
62.266,-5.882,13.184,-10.043
62.286,-5.914,13.195,-10.044
62.305,-5.960,13.213,-10.044
62.326,-5.991,13.226,-10.044
62.345,-6.037,13.250,-10.043
62.365,-6.067,13.267,-10.042
62.385,-6.111,13.295,-10.040
62.406,-6.140,13.316,-10.037
62.425,-6.183,13.350,-10.033
62.445,-6.211,13.375,-10.030
62.465,-6.251,13.415,-10.025
62.486,-6.277,13.444,-10.020
62.505,-6.314,13.490,-10.013
62.525,-6.338,13.522,-10.008
62.546,-6.361,13.556,-10.002
62.565,-6.393,13.609,-9.993
62.585,-6.424,13.665,-9.984
62.606,-6.443,13.704,-9.977
62.625,-6.469,13.765,-9.966
62.645,-6.485,13.807,-9.959
62.667,-6.507,13.873,-9.947
62.685,-6.520,13.917,-9.940
62.705,-6.537,13.987,-9.929
62.726,-6.547,14.034,-9.921
62.746,-6.560,14.106,-9.910
62.765,-6.567,14.156,-9.904
62.785,-6.575,14.231,-9.894
62.806,-6.578,14.282,-9.888
62.825,-6.582,14.359,-9.881
62.845,-6.582,14.411,-9.876
62.866,-6.581,14.490,-9.871
62.885,-6.579,14.543,-9.868
62.906,-6.574,14.622,-9.865
62.926,-6.569,14.676,-9.863
62.945,-6.560,14.756,-9.863
62.965,-6.553,14.809,-9.863
62.985,-6.541,14.888,-9.864
63.006,-6.532,14.941,-9.866
63.025,-6.517,15.019,-9.869
63.045,-6.507,15.071,-9.871
63.066,-6.491,15.149,-9.876
63.085,-6.479,15.200,-9.879
63.106,-6.461,15.276,-9.884
63.126,-6.449,15.325,-9.888
63.146,-6.430,15.399,-9.894
63.165,-6.417,15.448,-9.898
63.185,-6.397,15.519,-9.904
63.206,-6.384,15.567,-9.909
63.225,-6.364,15.636,-9.916
63.245,-6.350,15.682,-9.921
63.266,-6.330,15.749,-9.928
63.285,-6.316,15.793,-9.934
63.305,-6.296,15.857,-9.942
63.325,-6.283,15.900,-9.947
63.346,-6.263,15.962,-9.955
63.365,-6.250,16.003,-9.960
63.386,-6.230,16.063,-9.968
63.407,-6.217,16.102,-9.974
63.425,-6.198,16.160,-9.982
63.445,-6.185,16.197,-9.987
63.466,-6.165,16.252,-9.994
63.485,-6.152,16.287,-10.000
63.505,-6.131,16.339,-10.007
63.527,-6.117,16.372,-10.011
63.546,-6.094,16.421,-10.018
63.565,-6.079,16.452,-10.022
63.586,-6.054,16.497,-10.028
63.606,-6.037,16.526,-10.032
63.625,-6.010,16.567,-10.037
63.645,-5.990,16.593,-10.040
63.665,-5.959,16.630,-10.044
63.685,-5.937,16.653,-10.046
63.705,-5.902,16.686,-10.049
63.726,-5.878,16.706,-10.051
63.745,-5.839,16.734,-10.053
63.765,-5.811,16.752,-10.054
63.786,-5.768,16.776,-10.055
63.806,-5.737,16.791,-10.056
63.825,-5.689,16.810,-10.057
63.845,-5.655,16.823,-10.057
63.865,-5.603,16.839,-10.057
63.885,-5.566,16.849,-10.058
63.905,-5.509,16.862,-10.057
63.925,-5.470,16.870,-10.057
63.946,-5.408,16.880,-10.057
63.965,-5.366,16.885,-10.056
63.985,-5.301,16.893,-10.055
64.007,-5.257,16.897,-10.054
64.025,-5.188,16.902,-10.053
64.046,-5.142,16.904,-10.051
64.065,-5.070,16.908,-10.050
64.085,-5.021,16.909,-10.048
64.105,-4.947,16.910,-10.046
64.126,-4.896,16.910,-10.045
64.145,-4.819,16.910,-10.043
64.165,-4.767,16.909,-10.041
64.186,-4.688,16.908,-10.039
64.206,-4.635,16.906,-10.038
64.226,-4.554,16.904,-10.035
64.245,-4.499,16.902,-10.034
64.266,-4.417,16.898,-10.032
64.285,-4.361,16.895,-10.031
64.305,-4.277,16.891,-10.029
64.326,-4.221,16.888,-10.028
64.345,-4.136,16.883,-10.026
64.366,-4.079,16.879,-10.025
64.385,-3.993,16.874,-10.023
64.405,-3.935,16.870,-10.022
64.425,-3.848,16.864,-10.021
64.446,-3.790,16.860,-10.020
64.466,-3.703,16.854,-10.020
64.485,-3.645,16.850,-10.019
64.508,-3.557,16.844,-10.018
64.525,-3.498,16.840,-10.018
64.545,-3.410,16.833,-10.017
64.565,-3.351,16.829,-10.017
64.585,-3.263,16.823,-10.017
64.606,-3.204,16.819,-10.017
64.625,-3.115,16.813,-10.016
64.646,-3.056,16.809,-10.016
64.666,-2.968,16.803,-10.016
64.685,-2.909,16.799,-10.016
64.706,-2.820,16.794,-10.016
64.725,-2.761,16.790,-10.017
64.745,-2.673,16.785,-10.017
64.765,-2.614,16.782,-10.017
64.785,-2.526,16.777,-10.017
64.805,-2.467,16.774,-10.017
64.825,-2.378,16.769,-10.018
64.847,-2.320,16.767,-10.018
64.865,-2.231,16.763,-10.018
64.885,-2.173,16.760,-10.018
64.906,-2.085,16.757,-10.019
64.927,-2.026,16.755,-10.019
64.945,-1.938,16.752,-10.019
64.965,-1.879,16.750,-10.019
64.985,-1.792,16.748,-10.019
65.005,-1.733,16.746,-10.019
65.025,-1.645,16.745,-10.019
65.045,-1.587,16.744,-10.019
65.065,-1.499,16.742,-10.019
65.085,-1.441,16.742,-10.019
65.106,-1.353,16.741,-10.019
65.125,-1.295,16.741,-10.019
65.145,-1.207,16.741,-10.019
65.167,-1.149,16.740,-10.019
65.186,-1.062,16.741,-10.019
65.206,-1.003,16.741,-10.019
65.225,-0.916,16.741,-10.019
65.245,-0.857,16.742,-10.019
65.265,-0.770,16.743,-10.019
65.285,-0.712,16.744,-10.019
65.306,-0.624,16.745,-10.019
65.325,-0.566,16.746,-10.019
65.345,-0.479,16.747,-10.019
65.365,-0.421,16.749,-10.019
65.385,-0.333,16.750,-10.019
65.406,-0.275,16.752,-10.019
65.425,-0.188,16.753,-10.018
65.446,-0.130,16.755,-10.018
65.465,-0.042,16.757,-10.018
65.485,0.016,16.759,-10.018
65.507,0.103,16.761,-10.017
65.526,0.162,16.763,-10.017
65.545,0.249,16.765,-10.017
65.565,0.308,16.767,-10.017
65.585,0.395,16.769,-10.016
65.605,0.453,16.771,-10.016
65.625,0.541,16.773,-10.016
65.646,0.600,16.775,-10.016
65.665,0.688,16.778,-10.015
65.686,0.746,16.780,-10.015
65.705,0.834,16.782,-10.015
65.725,0.893,16.784,-10.015
65.745,0.981,16.787,-10.015
65.765,1.040,16.788,-10.015
65.785,1.128,16.791,-10.014
65.806,1.187,16.793,-10.014
65.825,1.275,16.796,-10.014
65.845,1.334,16.798,-10.014
65.865,1.422,16.800,-10.013
65.885,1.482,16.802,-10.013
65.906,1.570,16.805,-10.013
65.925,1.629,16.806,-10.013
65.945,1.718,16.809,-10.012
65.965,1.778,16.811,-10.012
65.985,1.867,16.813,-10.012
66.005,1.926,16.815,-10.012
66.025,2.015,16.818,-10.011
66.045,2.075,16.820,-10.011
66.065,2.164,16.822,-10.011
66.085,2.224,16.824,-10.011
66.106,2.313,16.826,-10.011
66.125,2.373,16.828,-10.011
66.145,2.463,16.830,-10.010
66.165,2.523,16.832,-10.010
66.185,2.612,16.834,-10.010
66.205,2.672,16.836,-10.010
66.226,2.762,16.838,-10.010
66.245,2.822,16.839,-10.010
66.265,2.912,16.841,-10.010
66.285,2.972,16.843,-10.010
66.305,3.062,16.844,-10.010
66.326,3.121,16.846,-10.010
66.345,3.211,16.847,-10.010
66.365,3.271,16.848,-10.010
66.385,3.361,16.850,-10.010
66.405,3.421,16.851,-10.010
66.426,3.511,16.852,-10.010
66.446,3.571,16.853,-10.010
66.465,3.661,16.855,-10.010
66.485,3.721,16.856,-10.010
66.506,3.811,16.857,-10.011
66.525,3.871,16.858,-10.011
66.545,3.962,16.859,-10.011
66.566,4.022,16.860,-10.010
66.585,4.112,16.861,-10.010
66.605,4.172,16.862,-10.010
66.626,4.262,16.863,-10.010
66.645,4.322,16.864,-10.010
66.665,4.412,16.865,-10.010
66.687,4.472,16.866,-10.010
66.706,4.563,16.867,-10.010
66.725,4.623,16.868,-10.010
66.745,4.713,16.869,-10.010
66.765,4.774,16.870,-10.010
66.785,4.864,16.871,-10.010
66.805,4.924,16.871,-10.010
66.825,5.014,16.872,-10.009
66.846,5.075,16.873,-10.009
66.865,5.165,16.874,-10.009
66.885,5.225,16.874,-10.009
66.905,5.316,16.875,-10.009
66.925,5.376,16.875,-10.009
66.945,5.466,16.876,-10.008
66.966,5.527,16.876,-10.008
66.985,5.617,16.877,-10.008
67.005,5.678,16.877,-10.008
67.025,5.768,16.877,-10.008
67.045,5.829,16.877,-10.008
67.065,5.919,16.877,-10.007
67.085,5.980,16.878,-10.007
67.105,6.070,16.878,-10.007
67.125,6.131,16.878,-10.007
67.147,6.221,16.878,-10.006
67.166,6.282,16.878,-10.006
67.186,6.372,16.878,-10.006
67.205,6.433,16.878,-10.006
67.227,6.523,16.878,-10.005
67.245,6.583,16.877,-10.005
67.265,6.674,16.877,-10.005
67.285,6.734,16.877,-10.005
67.306,6.825,16.877,-10.005
67.326,6.885,16.877,-10.004
67.345,6.975,16.877,-10.004
67.366,7.035,16.877,-10.004
67.385,7.126,16.876,-10.004
67.406,7.186,16.876,-10.004
67.426,7.276,16.876,-10.004
67.445,7.337,16.876,-10.004
67.465,7.427,16.876,-10.004
67.485,7.488,16.875,-10.004
67.506,7.578,16.875,-10.004
67.525,7.638,16.875,-10.004
67.545,7.729,16.875,-10.004
67.566,7.789,16.875,-10.004
67.585,7.880,16.875,-10.004
67.605,7.940,16.874,-10.004
67.625,8.031,16.874,-10.004
67.645,8.091,16.874,-10.004
67.666,8.182,16.874,-10.004
67.686,8.242,16.874,-10.004
67.706,8.333,16.874,-10.005
67.725,8.393,16.874,-10.005
67.745,8.484,16.874,-10.005
67.765,8.544,16.874,-10.005
67.785,8.635,16.874,-10.005
67.805,8.696,16.874,-10.005
67.825,8.786,16.874,-10.005
67.845,8.847,16.875,-10.005
67.865,8.938,16.875,-10.005
67.887,8.999,16.875,-10.005
67.905,9.090,16.875,-10.005
67.925,9.150,16.875,-10.005
67.945,9.241,16.876,-10.005
67.965,9.302,16.876,-10.005
67.985,9.393,16.876,-10.005
68.005,9.454,16.876,-10.005
68.026,9.546,16.876,-10.005
68.045,9.607,16.876,-10.004
68.065,9.698,16.877,-10.004
68.086,9.759,16.877,-10.004
68.105,9.850,16.877,-10.004
68.125,9.911,16.877,-10.004
68.145,10.003,16.877,-10.004
68.166,10.064,16.877,-10.003
68.185,10.155,16.878,-10.003
68.206,10.216,16.878,-10.003
68.227,10.308,16.878,-10.003
68.245,10.369,16.878,-10.003
68.265,10.460,16.878,-10.003
68.285,10.521,16.878,-10.003
68.305,10.613,16.879,-10.002
68.326,10.674,16.879,-10.002
68.345,10.766,16.879,-10.002
68.365,10.827,16.879,-10.002
68.385,10.918,16.879,-10.001
68.406,10.979,16.879,-10.001
68.425,11.071,16.879,-10.001
68.445,11.132,16.879,-10.001
68.465,11.224,16.879,-10.001
68.486,11.285,16.879,-10.000
68.506,11.376,16.879,-10.000
68.525,11.437,16.879,-10.000
68.545,11.529,16.879,-10.000
68.565,11.590,16.878,-9.999
68.585,11.682,16.878,-9.999
68.606,11.743,16.878,-9.999
68.625,11.834,16.878,-9.998
68.645,11.895,16.878,-9.998
68.666,11.987,16.877,-9.998
68.685,12.047,16.877,-9.997
68.705,12.139,16.877,-9.997
68.725,12.200,16.876,-9.997
68.745,12.291,16.876,-9.996
68.765,12.352,16.876,-9.996
68.785,12.443,16.875,-9.996
68.806,12.504,16.875,-9.995
68.825,12.596,16.874,-9.995
68.845,12.657,16.873,-9.995
68.865,12.748,16.873,-9.994
68.885,12.809,16.872,-9.994
68.905,12.900,16.871,-9.993
68.925,12.961,16.870,-9.993
68.946,13.052,16.869,-9.993
68.965,13.113,16.869,-9.992
68.985,13.204,16.868,-9.992
69.007,13.265,16.867,-9.992
69.026,13.356,16.866,-9.991
69.045,13.417,16.865,-9.991
69.065,13.509,16.864,-9.991
69.085,13.569,16.863,-9.991
69.105,13.661,16.861,-9.990
69.127,13.722,16.860,-9.990
69.145,13.813,16.859,-9.990
69.166,13.873,16.858,-9.990
69.185,13.965,16.857,-9.990
69.206,14.025,16.856,-9.990
69.226,14.116,16.855,-9.990
69.245,14.177,16.854,-9.990
69.265,14.268,16.852,-9.990
69.285,14.329,16.851,-9.990
69.305,14.420,16.850,-9.990
69.325,14.481,16.849,-9.990
69.346,14.572,16.848,-9.990
69.365,14.633,16.847,-9.990
69.385,14.724,16.846,-9.989
69.406,14.785,16.846,-9.989
69.425,14.876,16.845,-9.989
69.445,14.936,16.844,-9.989
69.466,15.027,16.843,-9.989
69.485,15.088,16.843,-9.988
69.505,15.179,16.842,-9.988
69.526,15.239,16.841,-9.988
69.546,15.330,16.840,-9.987
69.565,15.391,16.840,-9.987
69.585,15.481,16.839,-9.987
69.605,15.542,16.839,-9.986
69.625,15.632,16.838,-9.986
69.645,15.692,16.838,-9.986
69.665,15.783,16.837,-9.985
69.685,15.843,16.837,-9.985
69.706,15.933,16.837,-9.985
69.726,15.994,16.836,-9.985
69.746,16.084,16.836,-9.984
69.765,16.144,16.836,-9.984
69.786,16.234,16.836,-9.984
69.806,16.295,16.836,-9.984
69.825,16.385,16.836,-9.984
69.845,16.445,16.836,-9.984
69.865,16.535,16.836,-9.984
69.885,16.595,16.836,-9.984
69.905,16.686,16.836,-9.984
69.925,16.746,16.836,-9.984
69.946,16.836,16.836,-9.984
69.965,16.896,16.836,-9.984
69.985,16.986,16.836,-9.984
70.006,17.046,16.836,-9.985
70.025,17.136,16.835,-9.985
70.045,17.196,16.835,-9.986
70.066,17.286,16.835,-9.986
70.085,17.347,16.835,-9.986
70.105,17.437,16.834,-9.987
70.125,17.497,16.834,-9.987
70.145,17.587,16.834,-9.988
70.165,17.647,16.833,-9.988
70.185,17.737,16.833,-9.989
70.206,17.797,16.832,-9.989
70.225,17.887,16.832,-9.989
70.246,17.947,16.832,-9.990
70.266,18.037,16.831,-9.990
70.285,18.097,16.831,-9.991
70.305,18.187,16.830,-9.991
70.326,18.248,16.829,-9.992
70.345,18.338,16.829,-9.992
70.365,18.398,16.828,-9.993
70.385,18.488,16.827,-9.993
70.405,18.548,16.827,-9.993
70.425,18.639,16.826,-9.994
70.445,18.699,16.825,-9.994
70.466,18.789,16.824,-9.994
70.485,18.849,16.823,-9.994
70.505,18.939,16.822,-9.994
70.525,19.000,16.821,-9.994
70.545,19.090,16.820,-9.994
70.565,19.150,16.819,-9.994
70.586,19.240,16.818,-9.994
70.605,19.300,16.817,-9.994
70.625,19.390,16.816,-9.994
70.645,19.450,16.815,-9.994
70.665,19.540,16.814,-9.994
70.685,19.600,16.813,-9.993
70.705,19.690,16.812,-9.993
70.726,19.750,16.811,-9.993
70.746,19.839,16.810,-9.992
70.765,19.899,16.809,-9.992
70.786,19.989,16.808,-9.991
70.806,20.049,16.808,-9.991
70.825,20.139,16.806,-9.991
70.845,20.198,16.806,-9.990
70.865,20.288,16.805,-9.990
70.885,20.348,16.804,-9.989
70.906,20.438,16.803,-9.989
70.925,20.497,16.803,-9.989
70.945,20.587,16.802,-9.988
70.965,20.647,16.802,-9.988
70.988,20.736,16.801,-9.987
71.005,20.796,16.801,-9.987
71.025,20.885,16.800,-9.987
71.045,20.945,16.800,-9.987
71.067,21.034,16.800,-9.986
71.085,21.094,16.800,-9.986
71.105,21.183,16.799,-9.986
71.126,21.243,16.799,-9.986
71.145,21.332,16.799,-9.986
71.165,21.392,16.799,-9.986
71.186,21.481,16.799,-9.986
71.206,21.540,16.799,-9.986
71.225,21.630,16.800,-9.987
71.246,21.689,16.800,-9.987
71.265,21.778,16.800,-9.987
71.285,21.838,16.800,-9.987
71.306,21.927,16.801,-9.988
71.326,21.986,16.801,-9.988
71.345,22.075,16.802,-9.989
71.365,22.134,16.802,-9.989
71.385,22.223,16.803,-9.989
71.405,22.283,16.804,-9.990
71.425,22.372,16.804,-9.990
71.446,22.431,16.805,-9.990
71.466,22.520,16.806,-9.991
71.485,22.579,16.806,-9.991
71.505,22.668,16.807,-9.992
71.525,22.728,16.808,-9.992
71.545,22.817,16.809,-9.992
71.565,22.876,16.809,-9.993
71.587,22.965,16.810,-9.993
71.605,23.024,16.811,-9.993
71.625,23.113,16.812,-9.994
71.645,23.172,16.812,-9.994
71.665,23.261,16.813,-9.995
71.685,23.321,16.813,-9.995
71.705,23.410,16.814,-9.995
71.726,23.469,16.815,-9.996
71.745,23.558,16.816,-9.996
71.765,23.617,16.816,-9.996
71.785,23.706,16.817,-9.997
71.806,23.766,16.817,-9.997
71.825,23.854,16.818,-9.997
71.846,23.914,16.818,-9.997
71.866,24.003,16.818,-9.997
71.885,24.062,16.819,-9.997
71.906,24.151,16.819,-9.997
71.926,24.210,16.819,-9.997
71.945,24.299,16.819,-9.997
71.965,24.358,16.820,-9.997
71.985,24.447,16.820,-9.997
72.005,24.506,16.820,-9.997
72.025,24.595,16.820,-9.997
72.046,24.654,16.820,-9.997
72.066,24.743,16.820,-9.996
72.085,24.802,16.820,-9.996
72.106,24.891,16.820,-9.996
72.125,24.950,16.820,-9.996
72.145,25.039,16.820,-9.996
72.165,25.098,16.820,-9.996
72.187,25.187,16.820,-9.996
72.206,25.246,16.820,-9.996
72.225,25.335,16.820,-9.996
72.245,25.394,16.820,-9.996
72.265,25.483,16.820,-9.996
72.286,25.542,16.820,-9.996
72.305,25.631,16.820,-9.996
72.325,25.690,16.819,-9.996
72.345,25.779,16.819,-9.996
72.365,25.838,16.819,-9.996
72.386,25.927,16.819,-9.996
72.406,25.987,16.819,-9.996
72.425,26.076,16.819,-9.996
72.446,26.135,16.819,-9.996
72.465,26.224,16.818,-9.996
72.485,26.283,16.818,-9.996
72.505,26.373,16.818,-9.997
72.525,26.432,16.818,-9.997
72.545,26.521,16.818,-9.997
72.566,26.581,16.818,-9.997
72.586,26.670,16.818,-9.997
72.605,26.730,16.818,-9.997
72.625,26.819,16.818,-9.997
72.646,26.878,16.818,-9.997
72.665,26.967,16.818,-9.997
72.685,27.027,16.818,-9.997
72.706,27.116,16.818,-9.998
72.725,27.175,16.818,-9.998
72.745,27.264,16.818,-9.998
72.766,27.324,16.818,-9.998
72.786,27.413,16.818,-9.999
72.805,27.472,16.818,-9.999
72.825,27.561,16.818,-9.999
72.846,27.621,16.818,-9.999
72.865,27.710,16.818,-10.000
72.886,27.769,16.818,-10.000
72.906,27.858,16.818,-10.000
72.926,27.917,16.818,-10.000
72.945,28.006,16.818,-10.000
72.965,28.066,16.818,-10.001
72.985,28.155,16.818,-10.001
73.005,28.214,16.818,-10.001
73.026,28.303,16.818,-10.001
73.046,28.363,16.819,-10.002
73.065,28.452,16.819,-10.002
73.086,28.511,16.819,-10.002
73.106,28.600,16.819,-10.002
73.125,28.659,16.819,-10.002
73.145,28.748,16.820,-10.002
73.167,28.808,16.820,-10.002
73.186,28.897,16.820,-10.002
73.205,28.956,16.820,-10.002
73.226,29.045,16.820,-10.002
73.245,29.104,16.821,-10.002
73.265,29.193,16.821,-10.002
73.286,29.252,16.821,-10.002
73.306,29.340,16.821,-10.002
73.326,29.400,16.821,-10.002
73.345,29.488,16.822,-10.001
73.367,29.547,16.822,-10.001
73.385,29.636,16.822,-10.001
73.405,29.695,16.822,-10.001
73.426,29.783,16.823,-10.001
73.445,29.842,16.823,-10.000
73.465,29.931,16.823,-10.000
73.485,29.990,16.823,-10.000
73.507,30.078,16.823,-9.999
73.525,30.137,16.824,-9.999
73.545,30.226,16.824,-9.998
73.565,30.284,16.824,-9.998
73.585,30.373,16.824,-9.998
73.606,30.432,16.824,-9.997
73.625,30.520,16.824,-9.997
73.646,30.579,16.824,-9.997
73.665,30.667,16.825,-9.996
73.685,30.726,16.825,-9.996
73.706,30.814,16.825,-9.996
73.725,30.873,16.825,-9.996
73.746,30.961,16.825,-9.995
73.765,31.020,16.825,-9.995
73.785,31.108,16.825,-9.995
73.805,31.167,16.824,-9.995
73.825,31.255,16.824,-9.994
73.845,31.314,16.824,-9.994
73.865,31.402,16.824,-9.994
73.886,31.461,16.824,-9.994
73.906,31.549,16.824,-9.994
73.925,31.608,16.823,-9.994
73.946,31.696,16.823,-9.994
73.965,31.754,16.823,-9.994
73.985,31.843,16.823,-9.994
74.005,31.901,16.823,-9.994
74.026,31.989,16.822,-9.994
74.045,32.048,16.822,-9.994
74.065,32.136,16.822,-9.994
74.085,32.194,16.822,-9.994
74.105,32.282,16.822,-9.994
74.125,32.341,16.822,-9.994
74.145,32.429,16.822,-9.995
74.165,32.487,16.822,-9.995
74.185,32.575,16.821,-9.995
74.205,32.633,16.821,-9.995
74.225,32.721,16.821,-9.995
74.245,32.779,16.821,-9.995
74.265,32.866,16.821,-9.995
74.286,32.925,16.821,-9.996
74.306,33.012,16.821,-9.996
74.325,33.070,16.821,-9.996
74.345,33.156,16.821,-9.996
74.365,33.214,16.821,-9.996
74.385,33.300,16.821,-9.996
74.405,33.358,16.821,-9.996
74.426,33.443,16.821,-9.996
74.445,33.500,16.821,-9.996
74.465,33.585,16.821,-9.997
74.486,33.641,16.821,-9.997
74.506,33.725,16.821,-9.997
74.525,33.781,16.821,-9.997
74.545,33.863,16.822,-9.998
74.565,33.918,16.822,-9.998
74.585,33.999,16.823,-9.999
74.605,34.053,16.823,-10.000
74.626,34.133,16.824,-10.000
74.645,34.186,16.824,-10.001
74.665,34.264,16.825,-10.002
74.686,34.316,16.825,-10.003
74.705,34.392,16.826,-10.004
74.725,34.442,16.827,-10.005
74.746,34.517,16.828,-10.006
74.766,34.565,16.828,-10.007
74.785,34.637,16.829,-10.008
74.807,34.685,16.830,-10.008
74.825,34.755,16.831,-10.010
74.845,34.800,16.832,-10.010
74.865,34.868,16.833,-10.011
74.886,34.912,16.834,-10.012
74.905,34.977,16.835,-10.013
74.925,35.019,16.835,-10.014
74.946,35.081,16.837,-10.015
74.965,35.122,16.837,-10.016
74.985,35.181,16.838,-10.019
75.006,35.220,16.839,-10.021
75.025,35.277,16.841,-10.024
75.045,35.314,16.842,-10.027
75.065,35.369,16.844,-10.030
75.086,35.405,16.845,-10.032
75.106,35.458,16.848,-10.036
75.125,35.493,16.851,-10.038
75.145,35.546,16.856,-10.042
75.165,35.581,16.860,-10.044
75.185,35.632,16.867,-10.047
75.206,35.667,16.873,-10.049
75.226,35.718,16.884,-10.051
75.245,35.753,16.892,-10.052
75.265,35.804,16.907,-10.054
75.286,35.838,16.919,-10.054
75.306,35.888,16.938,-10.054
75.326,35.921,16.953,-10.054
75.345,35.971,16.977,-10.053
75.365,36.003,16.996,-10.052
75.385,36.051,17.026,-10.049
75.407,36.082,17.048,-10.047
75.426,36.128,17.084,-10.042
75.445,36.158,17.110,-10.039
75.465,36.201,17.152,-10.033
75.485,36.229,17.181,-10.029
75.505,36.269,17.229,-10.021
75.525,36.295,17.262,-10.016
75.545,36.332,17.315,-10.007
75.565,36.355,17.352,-10.001
75.585,36.388,17.409,-9.991
75.606,36.409,17.450,-9.984
75.625,36.438,17.513,-9.973
75.645,36.455,17.556,-9.965
75.665,36.479,17.623,-9.954
75.685,36.494,17.669,-9.947
75.706,36.514,17.740,-9.935
75.725,36.525,17.788,-9.928
75.745,36.540,17.862,-9.918
75.765,36.549,17.912,-9.911
75.785,36.559,17.989,-9.902
75.807,36.564,18.041,-9.896
75.825,36.570,18.119,-9.888
75.845,36.572,18.172,-9.884
75.868,36.573,18.252,-9.879
75.885,36.573,18.306,-9.876
75.905,36.570,18.387,-9.873
75.925,36.567,18.441,-9.872
75.945,36.560,18.522,-9.871
75.965,36.555,18.576,-9.872
75.985,36.546,18.657,-9.873
76.007,36.538,18.710,-9.875
76.025,36.527,18.790,-9.878
76.045,36.518,18.843,-9.880
76.066,36.504,18.921,-9.885
76.086,36.495,18.973,-9.888
76.105,36.479,19.050,-9.894
76.125,36.469,19.100,-9.897
76.145,36.452,19.176,-9.904
76.165,36.441,19.225,-9.908
76.185,36.424,19.298,-9.915
76.207,36.412,19.346,-9.920
76.225,36.394,19.417,-9.927
76.245,36.382,19.464,-9.932
76.266,36.364,19.532,-9.940
76.285,36.352,19.577,-9.945
76.306,36.335,19.643,-9.953
76.326,36.323,19.687,-9.959
76.345,36.305,19.750,-9.967
76.365,36.294,19.792,-9.972
76.386,36.276,19.853,-9.980
76.406,36.265,19.893,-9.986
76.425,36.248,19.952,-9.994
76.445,36.236,19.990,-9.999
76.465,36.219,20.045,-10.007
76.485,36.207,20.081,-10.012
76.505,36.189,20.134,-10.019
76.526,36.176,20.168,-10.024
76.545,36.157,20.218,-10.030
76.565,36.143,20.250,-10.034
76.585,36.120,20.295,-10.040
76.606,36.105,20.325,-10.044
76.625,36.080,20.367,-10.048
76.645,36.062,20.393,-10.051
76.666,36.033,20.431,-10.055
76.685,36.013,20.455,-10.057
76.705,35.980,20.489,-10.060
76.725,35.957,20.510,-10.061
76.746,35.920,20.539,-10.063
76.765,35.894,20.558,-10.064
76.785,35.853,20.583,-10.065
76.805,35.823,20.599,-10.066
76.825,35.777,20.620,-10.066
76.845,35.745,20.634,-10.067
76.866,35.694,20.651,-10.067
76.886,35.659,20.662,-10.067
76.906,35.604,20.677,-10.067
76.927,35.565,20.685,-10.066
76.945,35.506,20.697,-10.066
76.965,35.465,20.703,-10.065
76.986,35.401,20.712,-10.064
77.005,35.358,20.717,-10.063
77.025,35.290,20.724,-10.061
77.046,35.244,20.728,-10.060
77.065,35.174,20.733,-10.057
77.085,35.126,20.735,-10.056
77.105,35.052,20.738,-10.054
77.126,35.002,20.740,-10.052
77.145,34.926,20.742,-10.050
77.165,34.874,20.743,-10.048
77.185,34.796,20.743,-10.046
77.205,34.742,20.743,-10.044
77.225,34.661,20.743,-10.042
77.245,34.607,20.743,-10.040
77.266,34.524,20.742,-10.038
77.285,34.468,20.741,-10.037
77.305,34.384,20.739,-10.035
77.326,34.327,20.738,-10.034
77.346,34.241,20.736,-10.032
77.365,34.184,20.734,-10.031
77.386,34.097,20.732,-10.030
77.405,34.039,20.730,-10.029
77.425,33.951,20.727,-10.028
77.446,33.892,20.725,-10.027
77.466,33.804,20.722,-10.027
77.485,33.745,20.720,-10.026
77.506,33.656,20.716,-10.026
77.526,33.597,20.714,-10.026
77.546,33.508,20.711,-10.025
77.565,33.448,20.708,-10.025
77.585,33.359,20.705,-10.025
77.605,33.299,20.703,-10.025
77.625,33.209,20.699,-10.026
77.646,33.149,20.697,-10.026
77.665,33.059,20.694,-10.026
77.685,33.000,20.692,-10.026
77.706,32.910,20.689,-10.026
77.725,32.850,20.687,-10.026
77.745,32.760,20.684,-10.027
77.765,32.701,20.683,-10.027
77.786,32.611,20.680,-10.027
77.806,32.551,20.679,-10.027
77.825,32.461,20.676,-10.028
77.846,32.401,20.675,-10.028
77.865,32.312,20.673,-10.028
77.885,32.252,20.672,-10.028
77.906,32.162,20.670,-10.028
77.925,32.102,20.669,-10.028
77.946,32.013,20.667,-10.028
77.965,31.953,20.666,-10.028
77.986,31.864,20.665,-10.028
78.005,31.804,20.664,-10.028
78.025,31.715,20.662,-10.029
78.047,31.655,20.662,-10.029
78.065,31.566,20.661,-10.029
78.085,31.507,20.660,-10.029
78.106,31.418,20.660,-10.029
78.125,31.358,20.659,-10.029
78.145,31.269,20.659,-10.029
78.165,31.210,20.659,-10.029
78.185,31.121,20.659,-10.029
78.205,31.062,20.659,-10.029
78.225,30.974,20.659,-10.029
78.245,30.915,20.659,-10.029
78.265,30.826,20.659,-10.029
78.285,30.767,20.660,-10.029
78.305,30.678,20.660,-10.028
78.326,30.619,20.661,-10.028
78.345,30.531,20.661,-10.028
78.366,30.472,20.662,-10.028
78.387,30.383,20.663,-10.028
78.406,30.324,20.664,-10.028
78.425,30.236,20.665,-10.027
78.446,30.177,20.665,-10.027
78.465,30.089,20.667,-10.027
78.485,30.030,20.668,-10.027
78.505,29.942,20.669,-10.027
78.525,29.883,20.670,-10.026
78.545,29.795,20.672,-10.026
78.565,29.736,20.673,-10.026
78.586,29.648,20.675,-10.026
78.606,29.589,20.676,-10.025
78.626,29.501,20.677,-10.025
78.645,29.442,20.679,-10.025
78.665,29.353,20.681,-10.024
78.685,29.294,20.682,-10.024
78.705,29.206,20.684,-10.024
78.726,29.147,20.685,-10.023
78.745,29.059,20.687,-10.023
78.765,29.000,20.688,-10.023
78.786,28.911,20.691,-10.022
78.806,28.852,20.692,-10.022
78.825,28.763,20.694,-10.021
78.845,28.704,20.696,-10.021
78.866,28.615,20.698,-10.021
78.885,28.556,20.700,-10.020
78.906,28.467,20.702,-10.020
78.925,28.408,20.703,-10.019
78.945,28.318,20.706,-10.019
78.965,28.259,20.707,-10.018
78.986,28.170,20.710,-10.017
79.006,28.110,20.711,-10.017
79.026,28.021,20.714,-10.016
79.046,27.961,20.715,-10.015
79.065,27.872,20.717,-10.015
79.085,27.812,20.719,-10.014
79.105,27.722,20.721,-10.013
79.125,27.662,20.723,-10.012
79.145,27.573,20.725,-10.012
79.165,27.513,20.726,-10.011
79.185,27.423,20.728,-10.010
79.205,27.363,20.730,-10.010
79.225,27.273,20.732,-10.009
79.245,27.213,20.733,-10.008
79.265,27.123,20.735,-10.007
79.285,27.063,20.736,-10.007
79.306,26.973,20.738,-10.006
79.326,26.912,20.739,-10.005
79.345,26.822,20.741,-10.005
79.365,26.762,20.742,-10.004
79.387,26.671,20.743,-10.003
79.405,26.611,20.744,-10.003
79.425,26.521,20.746,-10.002
79.445,26.460,20.747,-10.001
79.465,26.370,20.748,-10.001
79.485,26.310,20.749,-10.000
79.505,26.219,20.750,-9.999
79.525,26.159,20.751,-9.999
79.545,26.069,20.752,-9.998
79.566,26.008,20.753,-9.998
79.585,25.918,20.754,-9.997
79.606,25.857,20.755,-9.996
79.625,25.767,20.756,-9.995
79.645,25.706,20.756,-9.995
79.665,25.615,20.757,-9.994
79.687,25.555,20.758,-9.994
79.706,25.464,20.758,-9.993
79.725,25.404,20.759,-9.992
79.745,25.313,20.760,-9.992
79.765,25.252,20.760,-9.991
79.785,25.162,20.761,-9.991
79.805,25.101,20.762,-9.990
79.825,25.010,20.762,-9.990
79.845,24.950,20.763,-9.989
79.865,24.859,20.764,-9.989
79.888,24.798,20.764,-9.989
79.906,24.707,20.765,-9.988
79.925,24.646,20.765,-9.988
79.945,24.555,20.766,-9.988
79.966,24.494,20.767,-9.988
79.985,24.403,20.767,-9.988
80.005,24.342,20.768,-9.988
80.025,24.251,20.769,-9.987
80.045,24.190,20.769,-9.987
80.065,24.099,20.770,-9.987
80.085,24.038,20.770,-9.987
80.106,23.946,20.771,-9.987
80.125,23.885,20.771,-9.987
80.145,23.793,20.772,-9.987
80.167,23.732,20.772,-9.987
80.185,23.640,20.773,-9.987
80.206,23.579,20.773,-9.987
80.226,23.487,20.774,-9.987
80.245,23.426,20.774,-9.987
80.265,23.334,20.775,-9.987
80.285,23.272,20.775,-9.987
80.307,23.180,20.775,-9.987
80.325,23.119,20.775,-9.988
80.345,23.027,20.775,-9.988
80.365,22.965,20.776,-9.988
80.385,22.873,20.776,-9.988
80.406,22.811,20.776,-9.988
80.425,22.719,20.776,-9.988
80.446,22.657,20.776,-9.988
80.465,22.565,20.776,-9.988
80.485,22.504,20.776,-9.988
80.505,22.411,20.777,-9.988
80.525,22.350,20.777,-9.988
80.546,22.258,20.777,-9.989
80.565,22.196,20.777,-9.989
80.585,22.104,20.777,-9.989
80.606,22.043,20.777,-9.989
80.626,21.950,20.776,-9.989
80.645,21.889,20.776,-9.990
80.665,21.797,20.776,-9.990
80.686,21.735,20.776,-9.990
80.705,21.643,20.775,-9.991
80.725,21.581,20.775,-9.991
80.745,21.489,20.775,-9.991
80.765,21.427,20.774,-9.992
80.785,21.335,20.774,-9.992
80.806,21.273,20.773,-9.992
80.826,21.181,20.773,-9.992
80.845,21.119,20.772,-9.993
80.865,21.027,20.772,-9.993
80.886,20.965,20.771,-9.993
80.906,20.873,20.771,-9.994
80.925,20.811,20.770,-9.994
80.945,20.719,20.769,-9.994
80.965,20.657,20.769,-9.994
80.985,20.565,20.768,-9.995
81.005,20.503,20.767,-9.995
81.025,20.411,20.766,-9.995
81.045,20.349,20.766,-9.995
81.065,20.257,20.765,-9.996
81.087,20.196,20.764,-9.996
81.106,20.104,20.763,-9.996
81.125,20.042,20.762,-9.996
81.145,19.950,20.761,-9.997
81.165,19.889,20.760,-9.997
81.185,19.796,20.759,-9.997
81.205,19.735,20.758,-9.997
81.225,19.643,20.757,-9.997
81.245,19.581,20.757,-9.997
81.265,19.489,20.756,-9.997
81.285,19.428,20.755,-9.997
81.306,19.336,20.754,-9.998
81.326,19.275,20.753,-9.998
81.345,19.183,20.752,-9.998
81.365,19.122,20.751,-9.998
81.385,19.030,20.750,-9.998
81.406,18.969,20.749,-9.998
81.426,18.877,20.748,-9.998
81.445,18.816,20.748,-9.998
81.465,18.724,20.747,-9.998
81.485,18.663,20.746,-9.998
81.505,18.571,20.745,-9.998
81.525,18.510,20.744,-9.998
81.545,18.419,20.743,-9.998
81.565,18.358,20.742,-9.998
81.585,18.266,20.741,-9.998
81.606,18.205,20.740,-9.998
81.625,18.114,20.739,-9.998
81.645,18.053,20.738,-9.998
81.665,17.961,20.737,-9.998
81.685,17.900,20.736,-9.998
81.706,17.809,20.735,-9.998
81.725,17.748,20.734,-9.998
81.745,17.657,20.732,-9.998
81.765,17.596,20.732,-9.998
81.785,17.505,20.730,-9.998
81.805,17.444,20.730,-9.998
81.825,17.352,20.728,-9.998
81.845,17.291,20.728,-9.999
81.866,17.200,20.726,-9.999
81.886,17.139,20.726,-9.999
81.905,17.048,20.724,-9.999
81.925,16.987,20.724,-9.999
81.945,16.895,20.722,-9.998
81.966,16.834,20.722,-9.998
81.985,16.743,20.721,-9.998
82.006,16.681,20.720,-9.998
82.025,16.590,20.719,-9.998
82.045,16.529,20.718,-9.998
82.067,16.437,20.717,-9.998
82.085,16.376,20.717,-9.998
82.105,16.285,20.716,-9.998
82.125,16.224,20.715,-9.998
82.146,16.133,20.715,-9.998
82.165,16.072,20.714,-9.998
82.185,15.980,20.713,-9.997
82.205,15.919,20.713,-9.997
82.225,15.828,20.712,-9.997
82.245,15.767,20.712,-9.997
82.265,15.676,20.711,-9.997
82.285,15.615,20.710,-9.996
82.305,15.524,20.710,-9.996
82.327,15.463,20.709,-9.996
82.345,15.372,20.709,-9.996
82.365,15.311,20.708,-9.995
82.385,15.220,20.707,-9.995
82.405,15.160,20.707,-9.995
82.426,15.069,20.706,-9.995
82.445,15.008,20.706,-9.994
82.465,14.917,20.705,-9.994
82.487,14.857,20.704,-9.994
82.505,14.766,20.704,-9.994
82.526,14.705,20.703,-9.993
82.549,14.614,20.702,-9.993
82.565,14.554,20.702,-9.993
82.585,14.463,20.701,-9.992
82.606,14.403,20.700,-9.992
82.625,14.312,20.699,-9.992
82.645,14.251,20.699,-9.992
82.665,14.161,20.698,-9.991
82.686,14.100,20.698,-9.991
82.705,14.010,20.697,-9.991
82.727,13.919,20.696,-9.991
82.745,13.859,20.696,-9.990
82.765,13.799,20.695,-9.990
82.785,13.708,20.695,-9.990
82.806,13.648,20.694,-9.990
82.825,13.557,20.694,-9.990
82.845,13.497,20.693,-9.990
82.865,13.407,20.693,-9.990
82.885,13.346,20.693,-9.990
82.906,13.256,20.692,-9.990
82.925,13.196,20.692,-9.990
82.945,13.106,20.691,-9.991
82.965,13.046,20.691,-9.991
82.985,12.955,20.690,-9.991
83.005,12.895,20.690,-9.991
83.026,12.805,20.689,-9.992
83.045,12.745,20.689,-9.992
83.065,12.655,20.688,-9.992
83.085,12.595,20.688,-9.992
83.105,12.505,20.687,-9.992
83.126,12.445,20.687,-9.993
83.145,12.355,20.687,-9.993
83.165,12.295,20.686,-9.993
83.185,12.205,20.686,-9.994
83.206,12.145,20.686,-9.994
83.225,12.055,20.685,-9.994
83.245,11.995,20.685,-9.995
83.265,11.905,20.684,-9.995
83.285,11.845,20.684,-9.995
83.305,11.755,20.683,-9.995
83.325,11.696,20.683,-9.995
83.345,11.606,20.683,-9.996
83.365,11.546,20.682,-9.996
83.385,11.456,20.682,-9.996
83.405,11.396,20.682,-9.996
83.425,11.306,20.681,-9.996
83.445,11.246,20.681,-9.996
83.466,11.156,20.680,-9.996
83.485,11.096,20.680,-9.996
83.506,11.006,20.679,-9.997
83.525,10.946,20.679,-9.997
83.545,10.857,20.679,-9.997
83.565,10.797,20.678,-9.997
83.585,10.707,20.678,-9.997
83.605,10.647,20.677,-9.997
83.625,10.557,20.677,-9.997
83.647,10.497,20.677,-9.997
83.665,10.407,20.676,-9.997
83.685,10.347,20.676,-9.997
83.705,10.257,20.675,-9.998
83.725,10.197,20.675,-9.998
83.747,10.107,20.674,-9.998
83.765,10.047,20.674,-9.998
83.785,9.957,20.673,-9.998
83.806,9.897,20.672,-9.998
83.825,9.807,20.672,-9.998
83.845,9.747,20.671,-9.998
83.866,9.657,20.670,-9.998
83.885,9.597,20.670,-9.998
83.905,9.507,20.669,-9.998
83.925,9.447,20.668,-9.998
83.945,9.358,20.667,-9.998
83.965,9.298,20.666,-9.998
83.985,9.208,20.665,-9.998
84.006,9.148,20.664,-9.998
84.025,9.058,20.663,-9.998
84.045,8.999,20.663,-9.998
84.066,8.909,20.661,-9.998
84.085,8.849,20.661,-9.998
84.106,8.760,20.659,-9.998
84.125,8.700,20.659,-9.997
84.145,8.610,20.657,-9.997
84.165,8.551,20.657,-9.997
84.186,8.461,20.655,-9.997
84.206,8.402,20.655,-9.997
84.225,8.312,20.653,-9.997
84.246,8.253,20.653,-9.997
84.265,8.164,20.651,-9.997
84.285,8.105,20.651,-9.996
84.305,8.016,20.650,-9.996
84.327,7.956,20.649,-9.996
84.345,7.867,20.648,-9.996
84.365,7.808,20.647,-9.995
84.386,7.719,20.646,-9.995
84.406,7.660,20.645,-9.995
84.425,7.572,20.644,-9.994
84.445,7.513,20.643,-9.994
84.465,7.424,20.642,-9.994
84.485,7.365,20.641,-9.994
84.505,7.277,20.640,-9.994
84.525,7.218,20.639,-9.993
84.545,7.130,20.638,-9.993
84.565,7.071,20.637,-9.993
84.586,6.983,20.636,-9.993
84.605,6.924,20.635,-9.993
84.625,6.836,20.633,-9.993
84.645,6.777,20.632,-9.993
84.665,6.689,20.631,-9.993
84.685,6.631,20.630,-9.994
84.706,6.543,20.629,-9.994
84.725,6.484,20.628,-9.994
84.745,6.397,20.626,-9.994
84.765,6.338,20.625,-9.994
84.786,6.251,20.623,-9.995
84.805,6.192,20.622,-9.995
84.825,6.105,20.621,-9.995
84.847,6.047,20.620,-9.995
84.866,5.959,20.618,-9.996
84.885,5.901,20.617,-9.996
84.906,5.813,20.615,-9.996
84.926,5.755,20.614,-9.996
84.945,5.668,20.613,-9.997
84.967,5.610,20.612,-9.997
84.985,5.522,20.610,-9.997
85.006,5.464,20.609,-9.997
85.025,5.377,20.608,-9.997
85.046,5.318,20.607,-9.998
85.065,5.231,20.606,-9.998
85.085,5.173,20.605,-9.998
85.105,5.086,20.604,-9.998
85.125,5.027,20.603,-9.998
85.145,4.940,20.602,-9.998
85.165,4.882,20.601,-9.998
85.186,4.794,20.600,-9.998
85.206,4.736,20.599,-9.998
85.225,4.649,20.598,-9.998
85.245,4.590,20.597,-9.998
85.265,4.503,20.597,-9.998
85.285,4.444,20.596,-9.998
85.306,4.357,20.595,-9.998
85.326,4.298,20.595,-9.999
85.345,4.211,20.594,-9.999
85.365,4.152,20.594,-9.999
85.386,4.064,20.593,-9.999
85.406,4.006,20.592,-9.999
85.425,3.918,20.592,-9.999
85.446,3.859,20.591,-9.999
85.465,3.771,20.591,-9.999
85.485,3.712,20.590,-9.999
85.506,3.624,20.590,-10.000
85.526,3.566,20.589,-10.000
85.545,3.477,20.589,-10.000
85.566,3.419,20.589,-10.000
85.586,3.331,20.588,-10.000
85.606,3.272,20.588,-10.000
85.626,3.184,20.588,-10.000
85.645,3.125,20.588,-10.000
85.665,3.037,20.587,-10.000
85.685,2.979,20.587,-10.000
85.705,2.891,20.587,-10.000
85.726,2.832,20.586,-10.000
85.745,2.744,20.586,-10.000
85.766,2.685,20.586,-9.999
85.785,2.597,20.586,-9.999
85.805,2.539,20.586,-9.999
85.826,2.451,20.586,-9.999
85.846,2.392,20.585,-9.999
85.865,2.304,20.585,-9.998
85.885,2.246,20.585,-9.998
85.906,2.158,20.585,-9.998
85.925,2.100,20.586,-9.997
85.945,2.012,20.586,-9.997
85.966,1.954,20.586,-9.997
85.985,1.866,20.586,-9.996
86.005,1.807,20.586,-9.996
86.025,1.720,20.586,-9.996
86.045,1.661,20.587,-9.996
86.065,1.574,20.587,-9.995
86.085,1.516,20.587,-9.995
86.105,1.428,20.588,-9.995
86.125,1.370,20.588,-9.995
86.145,1.282,20.589,-9.994
86.167,1.224,20.589,-9.994
86.185,1.137,20.590,-9.994
86.205,1.078,20.591,-9.994
86.225,0.991,20.592,-9.994
86.245,0.933,20.592,-9.994
86.265,0.846,20.593,-9.994
86.286,0.788,20.594,-9.994
86.306,0.701,20.595,-9.993
86.326,0.643,20.596,-9.993
86.345,0.556,20.597,-9.993
86.365,0.498,20.598,-9.993
86.385,0.411,20.599,-9.993
86.405,0.353,20.600,-9.993
86.425,0.266,20.602,-9.992
86.446,0.208,20.602,-9.992
86.465,0.121,20.604,-9.992
86.485,0.064,20.605,-9.991
86.506,-0.023,20.606,-9.991
86.525,-0.081,20.607,-9.991
86.545,-0.168,20.609,-9.990
86.566,-0.226,20.610,-9.990
86.585,-0.312,20.612,-9.990
86.605,-0.370,20.613,-9.989
86.625,-0.457,20.614,-9.989
86.646,-0.515,20.615,-9.989
86.665,-0.602,20.617,-9.989
86.685,-0.659,20.618,-9.988
86.706,-0.746,20.620,-9.988
86.726,-0.804,20.621,-9.988
86.745,-0.891,20.622,-9.988
86.765,-0.949,20.624,-9.988
86.785,-1.035,20.625,-9.988
86.805,-1.093,20.626,-9.988
86.825,-1.180,20.628,-9.988
86.845,-1.238,20.628,-9.989
86.865,-1.324,20.630,-9.989
86.886,-1.382,20.631,-9.989
86.905,-1.469,20.632,-9.989
86.925,-1.527,20.633,-9.989
86.945,-1.614,20.634,-9.989
86.967,-1.671,20.635,-9.989
86.985,-1.758,20.636,-9.990
87.005,-1.816,20.636,-9.990
87.026,-1.903,20.637,-9.990
87.045,-1.960,20.638,-9.990
87.065,-2.047,20.639,-9.990
87.085,-2.105,20.639,-9.990
87.105,-2.192,20.640,-9.990
87.125,-2.249,20.640,-9.991
87.145,-2.336,20.641,-9.991
87.165,-2.394,20.641,-9.991
87.185,-2.481,20.642,-9.991
87.205,-2.539,20.642,-9.991
87.226,-2.626,20.642,-9.991
87.245,-2.684,20.643,-9.991
87.265,-2.770,20.643,-9.990
87.285,-2.828,20.643,-9.990
87.306,-2.915,20.643,-9.990
87.325,-2.973,20.643,-9.990
87.345,-3.060,20.643,-9.990
87.366,-3.118,20.642,-9.990
87.385,-3.204,20.642,-9.990
87.405,-3.262,20.642,-9.990
87.425,-3.348,20.642,-9.990
87.446,-3.405,20.642,-9.990
87.465,-3.490,20.641,-9.990
87.486,-3.547,20.641,-9.990
87.506,-3.632,20.641,-9.990
87.525,-3.688,20.641,-9.991
87.546,-3.771,20.640,-9.991
87.566,-3.827,20.640,-9.991
87.585,-3.909,20.639,-9.992
87.605,-3.964,20.639,-9.992
87.625,-4.045,20.638,-9.993
87.645,-4.099,20.637,-9.994
87.665,-4.178,20.636,-9.994
87.686,-4.230,20.636,-9.995
87.705,-4.308,20.635,-9.996
87.725,-4.359,20.634,-9.996
87.746,-4.435,20.633,-9.997
87.766,-4.485,20.633,-9.998
87.785,-4.558,20.632,-9.998
87.808,-4.606,20.631,-9.999
87.825,-4.677,20.630,-10.000
87.845,-4.724,20.629,-10.001
87.866,-4.792,20.629,-10.001
87.886,-4.837,20.628,-10.002
87.905,-4.903,20.627,-10.003
87.925,-4.946,20.627,-10.003
87.948,-5.009,20.626,-10.005
87.965,-5.051,20.625,-10.006
87.985,-5.110,20.625,-10.009
88.005,-5.149,20.624,-10.011
88.026,-5.205,20.623,-10.014
88.045,-5.241,20.623,-10.016
88.065,-5.294,20.623,-10.020
88.085,-5.327,20.623,-10.022
88.105,-5.375,20.623,-10.024
88.125,-5.406,20.624,-10.026
88.146,-5.449,20.626,-10.028
88.165,-5.477,20.628,-10.028
88.185,-5.515,20.631,-10.029
88.205,-5.540,20.635,-10.029
88.225,-5.573,20.641,-10.028
88.245,-5.594,20.647,-10.028
88.265,-5.623,20.656,-10.025
88.289,-5.640,20.664,-10.024
88.306,-5.664,20.678,-10.020
88.326,-5.679,20.689,-10.017
88.346,-5.699,20.707,-10.012
88.365,-5.710,20.721,-10.008
88.385,-5.726,20.744,-10.002
88.408,-5.736,20.762,-9.997
88.425,-5.748,20.790,-9.990
88.445,-5.755,20.811,-9.984
88.465,-5.765,20.845,-9.976
88.486,-5.770,20.870,-9.970
88.506,-5.777,20.910,-9.960
88.525,-5.781,20.938,-9.954
88.545,-5.786,20.983,-9.944
88.565,-5.789,21.016,-9.937
88.585,-5.793,21.066,-9.926
88.606,-5.795,21.102,-9.919
88.626,-5.797,21.158,-9.909
88.645,-5.799,21.197,-9.902
88.665,-5.801,21.257,-9.892
88.686,-5.802,21.299,-9.885
88.705,-5.804,21.364,-9.876
88.725,-5.805,21.408,-9.869
88.746,-5.807,21.476,-9.861
88.765,-5.808,21.523,-9.856
88.785,-5.810,21.595,-9.849
88.807,-5.811,21.644,-9.845
88.825,-5.813,21.718,-9.839
88.845,-5.814,21.769,-9.837
88.865,-5.816,21.846,-9.834
88.886,-5.818,21.897,-9.833
88.905,-5.820,21.976,-9.833
88.926,-5.822,22.029,-9.834
88.946,-5.825,22.108,-9.836
88.965,-5.827,22.161,-9.839
88.985,-5.830,22.241,-9.843
89.006,-5.832,22.294,-9.847
89.025,-5.835,22.374,-9.853
89.045,-5.838,22.427,-9.857
89.065,-5.842,22.505,-9.864
89.086,-5.844,22.558,-9.869
89.105,-5.849,22.635,-9.877
89.126,-5.852,22.686,-9.882
89.145,-5.856,22.762,-9.891
89.165,-5.860,22.811,-9.896
89.185,-5.865,22.885,-9.905
89.207,-5.868,22.934,-9.911
89.226,-5.873,23.005,-9.919
89.245,-5.877,23.052,-9.925
89.266,-5.882,23.120,-9.934
89.285,-5.886,23.165,-9.940
89.305,-5.891,23.231,-9.949
89.326,-5.895,23.274,-9.955
89.345,-5.900,23.336,-9.963
89.365,-5.904,23.377,-9.969
89.385,-5.910,23.436,-9.978
89.405,-5.913,23.474,-9.984
89.426,-5.919,23.530,-9.993
89.445,-5.922,23.566,-9.999
89.466,-5.926,23.618,-10.008
89.485,-5.928,23.651,-10.014
89.505,-5.930,23.700,-10.023
89.525,-5.931,23.731,-10.029
89.545,-5.931,23.775,-10.037
89.565,-5.930,23.804,-10.041
89.585,-5.926,23.845,-10.048
89.605,-5.923,23.872,-10.052
89.625,-5.916,23.909,-10.057
89.645,-5.909,23.934,-10.059
89.666,-5.898,23.968,-10.062
89.686,-5.888,23.990,-10.064
89.705,-5.872,24.021,-10.065
89.726,-5.860,24.041,-10.065
89.745,-5.839,24.069,-10.064
89.765,-5.823,24.087,-10.063
89.786,-5.797,24.112,-10.061
89.806,-5.778,24.128,-10.059
89.826,-5.747,24.149,-10.055
89.845,-5.724,24.163,-10.052
89.865,-5.688,24.181,-10.046
89.885,-5.662,24.192,-10.042
89.905,-5.621,24.208,-10.035
89.926,-5.592,24.217,-10.030
89.945,-5.545,24.229,-10.023
89.965,-5.513,24.236,-10.018
89.985,-5.462,24.245,-10.011
90.007,-5.426,24.250,-10.006
90.025,-5.369,24.256,-10.000
90.045,-5.330,24.259,-9.996
90.065,-5.268,24.261,-9.992
90.085,-5.226,24.262,-9.989
90.105,-5.160,24.262,-9.986
90.126,-5.114,24.261,-9.984
90.145,-5.044,24.259,-9.982
90.165,-4.996,24.257,-9.981
90.185,-4.923,24.253,-9.980
90.206,-4.873,24.249,-9.979
90.225,-4.796,24.244,-9.979
90.245,-4.744,24.240,-9.979
90.266,-4.665,24.234,-9.979
90.285,-4.612,24.229,-9.980
90.305,-4.531,24.223,-9.981
90.325,-4.476,24.218,-9.981
90.345,-4.393,24.211,-9.983
90.365,-4.337,24.206,-9.984
90.386,-4.253,24.200,-9.985
90.406,-4.196,24.195,-9.987
90.425,-4.111,24.188,-9.989
90.445,-4.053,24.184,-9.990
90.466,-3.967,24.178,-9.992
90.485,-3.909,24.174,-9.994
90.505,-3.822,24.168,-9.996
90.526,-3.763,24.165,-9.998
90.545,-3.675,24.160,-10.001
90.565,-3.617,24.156,-10.003
90.587,-3.529,24.152,-10.005
90.606,-3.470,24.150,-10.007
90.625,-3.382,24.146,-10.010
90.645,-3.323,24.144,-10.012
90.666,-3.235,24.141,-10.015
90.685,-3.176,24.139,-10.016
90.705,-3.088,24.137,-10.019
90.725,-3.029,24.136,-10.021
90.746,-2.941,24.135,-10.023
90.765,-2.882,24.134,-10.025
90.786,-2.794,24.134,-10.027
90.805,-2.735,24.134,-10.029
90.825,-2.647,24.134,-10.031
90.845,-2.589,24.134,-10.033
90.865,-2.501,24.135,-10.035
90.885,-2.443,24.136,-10.036
90.905,-2.356,24.137,-10.038
90.926,-2.298,24.138,-10.039
90.945,-2.211,24.139,-10.041
90.965,-2.153,24.141,-10.042
90.985,-2.066,24.143,-10.043
91.006,-2.008,24.144,-10.044
91.025,-1.921,24.146,-10.045
91.045,-1.863,24.148,-10.046
91.065,-1.776,24.151,-10.047
91.085,-1.719,24.152,-10.048
91.105,-1.632,24.155,-10.048
91.125,-1.574,24.157,-10.049
91.145,-1.488,24.160,-10.049
91.165,-1.430,24.161,-10.050
91.186,-1.344,24.164,-10.050
91.206,-1.287,24.166,-10.051
91.225,-1.201,24.169,-10.051
91.245,-1.143,24.171,-10.051
91.266,-1.057,24.174,-10.051
91.285,-1.000,24.176,-10.052
91.306,-0.913,24.179,-10.052
91.327,-0.856,24.180,-10.052
91.345,-0.770,24.183,-10.052
91.365,-0.712,24.185,-10.052
91.386,-0.626,24.188,-10.052
91.405,-0.569,24.189,-10.052
91.425,-0.483,24.192,-10.052
91.446,-0.426,24.194,-10.052
91.465,-0.340,24.196,-10.052
91.485,-0.283,24.197,-10.052
91.507,-0.197,24.200,-10.052
91.525,-0.139,24.201,-10.052
91.545,-0.053,24.203,-10.052
91.565,0.004,24.205,-10.052
91.585,0.091,24.207,-10.052
91.606,0.148,24.208,-10.052
91.625,0.234,24.210,-10.051
91.645,0.292,24.211,-10.051
91.665,0.378,24.213,-10.051
91.685,0.436,24.214,-10.051
91.706,0.522,24.216,-10.050
91.725,0.580,24.217,-10.050
91.745,0.667,24.218,-10.050
91.765,0.725,24.220,-10.049
91.786,0.811,24.221,-10.049
91.806,0.869,24.222,-10.049
91.825,0.956,24.224,-10.048
91.845,1.014,24.225,-10.048
91.866,1.101,24.226,-10.047
91.885,1.159,24.227,-10.047
91.906,1.246,24.229,-10.046
91.926,1.304,24.230,-10.046
91.945,1.391,24.231,-10.045
91.966,1.449,24.232,-10.045
91.986,1.536,24.234,-10.044
92.005,1.593,24.235,-10.044
92.025,1.680,24.236,-10.043
92.045,1.738,24.238,-10.043
92.065,1.825,24.239,-10.042
92.085,1.884,24.240,-10.042
92.106,1.971,24.242,-10.041
92.126,2.029,24.243,-10.041
92.145,2.116,24.245,-10.040
92.165,2.174,24.246,-10.040
92.187,2.261,24.248,-10.039
92.205,2.320,24.249,-10.039
92.226,2.407,24.251,-10.038
92.246,2.465,24.253,-10.038
92.265,2.553,24.255,-10.037
92.285,2.611,24.256,-10.037
92.306,2.698,24.259,-10.037
92.326,2.757,24.260,-10.036
92.345,2.844,24.263,-10.036
92.365,2.903,24.264,-10.036
92.385,2.991,24.267,-10.035
92.405,3.049,24.269,-10.035
92.425,3.137,24.272,-10.034
92.446,3.195,24.274,-10.034
92.465,3.283,24.277,-10.034
92.485,3.342,24.279,-10.034
92.506,3.429,24.282,-10.033
92.525,3.488,24.284,-10.033
92.545,3.576,24.287,-10.033
92.565,3.634,24.289,-10.033
92.586,3.722,24.293,-10.032
92.606,3.781,24.295,-10.032
92.626,3.869,24.298,-10.032
92.646,3.927,24.301,-10.032
92.665,4.015,24.304,-10.031
92.685,4.074,24.306,-10.031
92.705,4.162,24.310,-10.031
92.725,4.221,24.312,-10.031
92.745,4.309,24.316,-10.031
92.766,4.368,24.318,-10.031
92.785,4.457,24.321,-10.031
92.805,4.516,24.324,-10.031
92.825,4.604,24.327,-10.030
92.847,4.663,24.329,-10.030
92.865,4.752,24.332,-10.030
92.885,4.811,24.335,-10.030
92.905,4.900,24.338,-10.029
92.925,4.959,24.340,-10.029
92.945,5.048,24.343,-10.029
92.966,5.107,24.345,-10.028
92.985,5.196,24.348,-10.028
93.005,5.255,24.349,-10.028
93.025,5.344,24.352,-10.027
93.046,5.404,24.354,-10.027
93.065,5.493,24.357,-10.026
93.085,5.552,24.358,-10.026
93.106,5.641,24.361,-10.026
93.125,5.701,24.362,-10.025
93.145,5.790,24.364,-10.025
93.166,5.850,24.366,-10.025
93.185,5.940,24.368,-10.024
93.205,5.999,24.369,-10.024
93.226,6.089,24.371,-10.024
93.245,6.149,24.372,-10.023
93.265,6.238,24.374,-10.023
93.285,6.298,24.375,-10.023
93.305,6.388,24.376,-10.022
93.326,6.448,24.377,-10.022
93.345,6.538,24.378,-10.022
93.366,6.598,24.379,-10.022
93.386,6.688,24.381,-10.021
93.406,6.748,24.381,-10.021
93.425,6.838,24.382,-10.020
93.445,6.898,24.383,-10.020
93.465,6.988,24.384,-10.020
93.485,7.048,24.385,-10.019
93.507,7.139,24.385,-10.019
93.525,7.199,24.386,-10.018
93.546,7.289,24.387,-10.018
93.565,7.349,24.387,-10.018
93.585,7.439,24.388,-10.017
93.606,7.500,24.388,-10.017
93.626,7.590,24.388,-10.016
93.645,7.650,24.389,-10.016
93.665,7.740,24.389,-10.015
93.685,7.800,24.389,-10.015
93.706,7.891,24.390,-10.015
93.725,7.951,24.390,-10.014
93.745,8.041,24.391,-10.014
93.766,8.101,24.391,-10.014
93.785,8.191,24.391,-10.013
93.805,8.251,24.392,-10.013
93.825,8.342,24.392,-10.013
93.845,8.402,24.392,-10.012
93.865,8.492,24.393,-10.012
93.885,8.552,24.393,-10.011
93.905,8.642,24.393,-10.011
93.925,8.703,24.393,-10.011
93.947,8.793,24.394,-10.010
93.965,8.853,24.394,-10.010
93.985,8.943,24.395,-10.009
94.005,9.003,24.395,-10.009
94.025,9.093,24.395,-10.009
94.045,9.153,24.396,-10.009
94.065,9.243,24.396,-10.008
94.085,9.303,24.396,-10.008
94.105,9.393,24.397,-10.008
94.125,9.453,24.397,-10.008
94.145,9.543,24.398,-10.007
94.165,9.603,24.398,-10.007
94.185,9.693,24.399,-10.007
94.205,9.753,24.399,-10.007
94.225,9.843,24.399,-10.006
94.245,9.903,24.400,-10.006
94.265,9.993,24.400,-10.006
94.286,10.053,24.400,-10.006
94.306,10.143,24.401,-10.006
94.325,10.203,24.401,-10.006
94.345,10.293,24.402,-10.006
94.366,10.353,24.402,-10.006
94.385,10.443,24.402,-10.005
94.405,10.503,24.402,-10.005
94.426,10.594,24.403,-10.005
94.445,10.654,24.403,-10.005
94.465,10.744,24.403,-10.005
94.486,10.804,24.403,-10.005
94.506,10.894,24.403,-10.005
94.525,10.954,24.403,-10.005
94.546,11.044,24.404,-10.005
94.566,11.104,24.404,-10.005
94.585,11.194,24.404,-10.005
94.605,11.254,24.404,-10.005
94.625,11.344,24.404,-10.005
94.645,11.404,24.404,-10.005
94.665,11.494,24.404,-10.005
94.685,11.555,24.404,-10.005
94.705,11.645,24.404,-10.005
94.725,11.705,24.404,-10.005
94.745,11.795,24.404,-10.005
94.765,11.855,24.404,-10.005
94.785,11.946,24.404,-10.005
94.805,12.006,24.404,-10.005
94.825,12.096,24.404,-10.005
94.845,12.156,24.404,-10.005
94.866,12.247,24.403,-10.005
94.885,12.307,24.403,-10.005
94.906,12.397,24.403,-10.005
94.925,12.457,24.403,-10.005
94.945,12.548,24.403,-10.005
94.966,12.608,24.403,-10.005
94.985,12.698,24.403,-10.005
95.006,12.759,24.402,-10.005
95.026,12.849,24.402,-10.005
95.045,12.909,24.402,-10.005
95.065,13.000,24.402,-10.006
95.085,13.060,24.402,-10.006
95.106,13.151,24.401,-10.006
95.125,13.211,24.401,-10.006
95.145,13.302,24.401,-10.006
95.165,13.362,24.401,-10.006
95.185,13.452,24.401,-10.006
95.206,13.513,24.401,-10.006
95.226,13.604,24.400,-10.006
95.245,13.664,24.400,-10.006
95.265,13.755,24.400,-10.006
95.288,13.815,24.400,-10.006
95.305,13.906,24.400,-10.006
95.325,13.966,24.400,-10.006
95.346,14.057,24.399,-10.006
95.365,14.117,24.399,-10.006
95.385,14.208,24.399,-10.006
95.406,14.269,24.399,-10.006
95.425,14.359,24.399,-10.005
95.445,14.420,24.399,-10.005
95.466,14.511,24.399,-10.005
95.486,14.571,24.399,-10.005
95.506,14.662,24.398,-10.004
95.525,14.722,24.398,-10.004
95.546,14.813,24.398,-10.004
95.565,14.873,24.398,-10.004
95.586,14.964,24.397,-10.003
95.606,15.025,24.397,-10.003
95.625,15.115,24.397,-10.003
95.645,15.176,24.397,-10.002
95.665,15.267,24.396,-10.002
95.685,15.327,24.396,-10.002
95.705,15.418,24.396,-10.001
95.725,15.478,24.396,-10.001
95.746,15.569,24.395,-10.001
95.765,15.630,24.395,-10.000
95.785,15.720,24.395,-10.000
95.806,15.781,24.395,-10.000
95.825,15.872,24.395,-9.999
95.845,15.932,24.394,-9.999
95.866,16.023,24.394,-9.999
95.885,16.084,24.394,-9.999
95.905,16.175,24.394,-9.998
95.926,16.235,24.394,-9.998
95.945,16.326,24.393,-9.998
95.965,16.387,24.393,-9.998
95.985,16.478,24.393,-9.997
96.006,16.538,24.393,-9.997
96.025,16.629,24.392,-9.997
96.045,16.690,24.392,-9.997
96.065,16.781,24.392,-9.997
96.085,16.842,24.391,-9.996
96.106,16.932,24.391,-9.996
96.125,16.993,24.391,-9.996
96.145,17.084,24.391,-9.996
96.165,17.144,24.390,-9.996
96.185,17.235,24.390,-9.996
96.206,17.296,24.390,-9.996
96.225,17.387,24.389,-9.996
96.245,17.447,24.389,-9.996
96.266,17.538,24.389,-9.996
96.286,17.598,24.389,-9.996
96.305,17.689,24.389,-9.996
96.326,17.749,24.389,-9.996
96.345,17.840,24.388,-9.996
96.365,17.900,24.388,-9.996
96.385,17.991,24.388,-9.996
96.406,18.051,24.388,-9.996
96.425,18.141,24.388,-9.996
96.445,18.202,24.388,-9.996
96.465,18.292,24.388,-9.996
96.485,18.352,24.388,-9.996
96.505,18.443,24.388,-9.996
96.525,18.503,24.388,-9.996
96.547,18.593,24.388,-9.997
96.565,18.653,24.388,-9.997
96.585,18.743,24.388,-9.997
96.606,18.804,24.388,-9.997
96.625,18.894,24.388,-9.997
96.645,18.954,24.388,-9.997
96.665,19.044,24.388,-9.998
96.685,19.103,24.388,-9.998
96.706,19.193,24.388,-9.998
96.725,19.253,24.388,-9.998
96.745,19.343,24.388,-9.999
96.765,19.403,24.388,-9.999
96.785,19.493,24.387,-9.999
96.805,19.552,24.387,-10.000
96.825,19.642,24.387,-10.000
96.846,19.702,24.387,-10.000
96.866,19.791,24.387,-10.001
96.885,19.851,24.386,-10.001
96.905,19.940,24.386,-10.002
96.926,20.000,24.386,-10.002
96.945,20.089,24.386,-10.003
96.965,20.149,24.386,-10.003
96.985,20.238,24.385,-10.004
97.006,20.298,24.385,-10.005
97.025,20.387,24.385,-10.005
97.046,20.447,24.385,-10.006
97.065,20.536,24.384,-10.007
97.085,20.596,24.384,-10.007
97.105,20.685,24.384,-10.008
97.125,20.744,24.384,-10.009
97.145,20.834,24.384,-10.010
97.165,20.893,24.384,-10.011
97.186,20.983,24.384,-10.011
97.206,21.042,24.383,-10.012
97.225,21.131,24.383,-10.013
97.245,21.191,24.383,-10.013
97.266,21.280,24.383,-10.014
97.285,21.340,24.383,-10.014
97.306,21.429,24.383,-10.015
97.326,21.489,24.383,-10.015
97.345,21.578,24.383,-10.016
97.365,21.637,24.383,-10.016
97.385,21.726,24.383,-10.016
97.406,21.785,24.383,-10.017
97.425,21.874,24.383,-10.017
97.446,21.933,24.382,-10.017
97.465,22.022,24.382,-10.017
97.486,22.081,24.382,-10.017
97.507,22.170,24.381,-10.017
97.525,22.229,24.381,-10.017
97.545,22.318,24.380,-10.017
97.565,22.377,24.380,-10.017
97.586,22.465,24.380,-10.017
97.605,22.524,24.379,-10.017
97.625,22.612,24.379,-10.017
97.645,22.671,24.378,-10.017
97.665,22.760,24.378,-10.017
97.685,22.819,24.378,-10.017
97.705,22.907,24.377,-10.016
97.726,22.966,24.377,-10.016
97.745,23.054,24.376,-10.016
97.765,23.113,24.376,-10.016
97.785,23.201,24.375,-10.016
97.805,23.260,24.375,-10.016
97.825,23.348,24.375,-10.016
97.846,23.407,24.374,-10.015
97.866,23.495,24.374,-10.015
97.885,23.554,24.374,-10.015
97.906,23.643,24.374,-10.015
97.925,23.701,24.374,-10.015
97.945,23.790,24.373,-10.014
97.965,23.848,24.373,-10.014
97.986,23.937,24.373,-10.014
98.005,23.995,24.373,-10.014
98.025,24.083,24.373,-10.013
98.046,24.142,24.373,-10.013
98.065,24.230,24.373,-10.013
98.085,24.289,24.373,-10.012
98.105,24.377,24.373,-10.012
98.125,24.436,24.373,-10.012
98.145,24.524,24.373,-10.011
98.165,24.583,24.373,-10.011
98.185,24.671,24.373,-10.011
98.205,24.730,24.373,-10.010
98.225,24.818,24.374,-10.010
98.246,24.877,24.374,-10.010
98.265,24.965,24.374,-10.009
98.285,25.024,24.374,-10.009
98.306,25.112,24.375,-10.009
98.326,25.170,24.375,-10.008
98.345,25.258,24.375,-10.008
98.365,25.316,24.376,-10.007
98.385,25.404,24.376,-10.007
98.405,25.463,24.376,-10.007
98.425,25.550,24.377,-10.006
98.446,25.609,24.377,-10.006
98.465,25.696,24.377,-10.006
98.485,25.755,24.378,-10.006
98.505,25.842,24.378,-10.005
98.525,25.901,24.378,-10.005
98.545,25.988,24.379,-10.005
98.565,26.047,24.379,-10.005
98.585,26.135,24.379,-10.005
98.606,26.193,24.379,-10.004
98.625,26.281,24.380,-10.004
98.645,26.339,24.380,-10.004
98.665,26.427,24.380,-10.004
98.685,26.485,24.380,-10.004
98.705,26.573,24.380,-10.004
98.725,26.631,24.380,-10.003
98.745,26.719,24.380,-10.003
98.766,26.777,24.380,-10.003
98.785,26.865,24.380,-10.003
98.805,26.923,24.380,-10.003
98.825,27.011,24.380,-10.002
98.846,27.069,24.380,-10.002
98.865,27.157,24.380,-10.002
98.885,27.215,24.380,-10.002
98.906,27.303,24.380,-10.001
98.925,27.362,24.380,-10.001
98.945,27.449,24.380,-10.001
98.965,27.508,24.380,-10.000
98.986,27.595,24.380,-10.000
99.005,27.654,24.381,-10.000
99.025,27.741,24.381,-9.999
99.046,27.799,24.381,-9.999
99.065,27.887,24.381,-9.999
99.085,27.945,24.381,-9.998
99.106,28.033,24.381,-9.998
99.125,28.091,24.381,-9.998
99.145,28.178,24.381,-9.998
99.165,28.237,24.382,-9.997
99.186,28.324,24.382,-9.997
99.205,28.382,24.382,-9.997
99.226,28.470,24.382,-9.997
99.246,28.528,24.383,-9.997
99.265,28.616,24.383,-9.996
99.285,28.674,24.383,-9.996
99.305,28.761,24.384,-9.996
99.325,28.819,24.384,-9.996
99.345,28.907,24.384,-9.996
99.368,28.965,24.384,-9.996
99.386,29.052,24.384,-9.996
99.405,29.111,24.384,-9.995
99.425,29.198,24.385,-9.995
99.445,29.256,24.385,-9.995
99.465,29.344,24.385,-9.995
99.485,29.402,24.384,-9.995
99.505,29.490,24.384,-9.994
99.525,29.548,24.384,-9.994
99.545,29.635,24.384,-9.994
99.565,29.694,24.384,-9.994
99.585,29.781,24.383,-9.993
99.605,29.840,24.383,-9.993
99.625,29.928,24.382,-9.993
99.646,29.986,24.382,-9.993
99.665,30.074,24.381,-9.993
99.686,30.132,24.380,-9.993
99.708,30.220,24.379,-9.992
99.725,30.279,24.379,-9.992
99.745,30.366,24.378,-9.992
99.766,30.425,24.377,-9.992
99.785,30.513,24.376,-9.992
99.805,30.571,24.375,-9.991
99.825,30.659,24.374,-9.991
99.845,30.718,24.373,-9.991
99.865,30.806,24.372,-9.991
99.886,30.865,24.372,-9.991
99.906,30.953,24.370,-9.991
99.925,31.012,24.370,-9.991
99.945,31.100,24.368,-9.992
99.965,31.159,24.368,-9.992
99.985,31.247,24.366,-9.992
100.005,31.306,24.366,-9.992
100.026,31.394,24.365,-9.992
100.046,31.453,24.364,-9.993
100.065,31.541,24.363,-9.993
100.085,31.600,24.362,-9.993
100.106,31.689,24.361,-9.993
100.125,31.748,24.360,-9.993
100.145,31.836,24.359,-9.994
100.166,31.895,24.359,-9.994
100.185,31.984,24.358,-9.994
100.205,32.043,24.357,-9.994
100.226,32.131,24.356,-9.995
100.246,32.190,24.355,-9.995
100.265,32.278,24.354,-9.995
100.286,32.337,24.354,-9.995
100.306,32.425,24.353,-9.995
100.326,32.484,24.352,-9.995
100.347,32.572,24.351,-9.996
100.366,32.631,24.350,-9.996
100.385,32.719,24.349,-9.996
100.405,32.778,24.348,-9.996
100.426,32.866,24.347,-9.996
100.446,32.925,24.346,-9.996
100.465,33.012,24.345,-9.996
100.485,33.071,24.345,-9.997
100.506,33.159,24.344,-9.997
100.525,33.217,24.343,-9.997
100.545,33.304,24.342,-9.997
100.565,33.362,24.342,-9.997
100.585,33.449,24.341,-9.997
100.605,33.506,24.341,-9.998
100.625,33.592,24.340,-9.998
100.645,33.649,24.340,-9.998
100.665,33.734,24.339,-9.998
100.686,33.790,24.339,-9.998
100.706,33.873,24.339,-9.999
100.725,33.928,24.338,-9.999
100.745,34.010,24.338,-9.999
100.765,34.065,24.338,-10.000
100.785,34.145,24.337,-10.000
100.805,34.198,24.337,-10.001
100.826,34.276,24.337,-10.001
100.845,34.328,24.337,-10.002
100.865,34.404,24.336,-10.003
100.886,34.454,24.336,-10.003
100.906,34.528,24.336,-10.004
100.925,34.577,24.336,-10.005
100.945,34.649,24.335,-10.005
100.966,34.696,24.335,-10.006
100.985,34.765,24.335,-10.007
101.008,34.810,24.335,-10.008
101.025,34.877,24.335,-10.008
101.045,34.920,24.335,-10.009
101.065,34.984,24.335,-10.010
101.085,35.026,24.335,-10.011
101.105,35.087,24.335,-10.011
101.125,35.127,24.335,-10.012
101.146,35.185,24.335,-10.013
101.165,35.223,24.335,-10.015
101.185,35.278,24.335,-10.017
101.206,35.314,24.335,-10.019
101.225,35.366,24.336,-10.022
101.245,35.401,24.336,-10.024
101.265,35.451,24.337,-10.027
101.285,35.484,24.338,-10.030
101.306,35.533,24.340,-10.033
101.325,35.566,24.342,-10.036
101.346,35.614,24.346,-10.039
101.365,35.646,24.349,-10.041
101.385,35.694,24.356,-10.044
101.405,35.725,24.362,-10.046
101.426,35.773,24.372,-10.048
101.445,35.804,24.380,-10.049
101.466,35.851,24.394,-10.051
101.486,35.882,24.405,-10.051
101.506,35.929,24.424,-10.051
101.525,35.960,24.438,-10.051
101.546,36.005,24.462,-10.049
101.565,36.036,24.480,-10.048
101.585,36.080,24.510,-10.045
101.606,36.109,24.532,-10.043
101.626,36.152,24.567,-10.038
101.645,36.180,24.592,-10.035
101.666,36.220,24.633,-10.029
101.685,36.246,24.662,-10.024
101.705,36.284,24.709,-10.017
101.725,36.309,24.742,-10.012
101.745,36.343,24.795,-10.003
101.765,36.366,24.831,-9.997
101.785,36.397,24.889,-9.987
101.806,36.416,24.929,-9.980
101.826,36.444,24.991,-9.970
101.845,36.461,25.035,-9.963
101.866,36.484,25.101,-9.952
101.885,36.498,25.147,-9.945
101.905,36.517,25.218,-9.934
101.925,36.528,25.266,-9.927
101.946,36.543,25.340,-9.917
101.965,36.551,25.390,-9.911
101.985,36.561,25.467,-9.902
102.006,36.566,25.519,-9.897
102.025,36.571,25.598,-9.890
102.045,36.574,25.651,-9.886
102.065,36.575,25.732,-9.881
102.086,36.574,25.786,-9.878
102.105,36.571,25.867,-9.876
102.125,36.569,25.922,-9.875
102.146,36.563,26.004,-9.875
102.165,36.558,26.058,-9.875
102.185,36.549,26.140,-9.877
102.205,36.542,26.194,-9.879
102.225,36.531,26.274,-9.882
102.245,36.523,26.328,-9.885
102.266,36.510,26.407,-9.889
102.286,36.500,26.460,-9.893
102.305,36.486,26.538,-9.898
102.327,36.476,26.589,-9.902
102.346,36.460,26.665,-9.908
102.365,36.450,26.715,-9.913
102.385,36.434,26.790,-9.919
102.407,36.423,26.838,-9.924
102.425,36.406,26.910,-9.931
102.445,36.395,26.958,-9.937
102.465,36.378,27.027,-9.944
102.486,36.367,27.073,-9.950
102.505,36.350,27.140,-9.958
102.526,36.339,27.185,-9.963
102.546,36.323,27.250,-9.971
102.565,36.312,27.292,-9.976
102.585,36.296,27.354,-9.984
102.606,36.285,27.395,-9.990
102.625,36.269,27.455,-9.998
102.645,36.258,27.494,-10.003
102.665,36.242,27.551,-10.011
102.686,36.231,27.588,-10.016
102.705,36.213,27.642,-10.023
102.725,36.201,27.677,-10.028
102.745,36.182,27.728,-10.034
102.765,36.168,27.760,-10.038
102.785,36.147,27.807,-10.044
102.805,36.131,27.837,-10.048
102.825,36.106,27.881,-10.052
102.846,36.089,27.908,-10.055
102.866,36.060,27.947,-10.059
102.886,36.040,27.972,-10.061
102.905,36.008,28.007,-10.063
102.925,35.985,28.029,-10.065
102.946,35.949,28.060,-10.066
102.965,35.923,28.079,-10.067
102.985,35.881,28.106,-10.068
103.006,35.852,28.122,-10.068
103.025,35.806,28.145,-10.069
103.045,35.774,28.159,-10.069
103.066,35.723,28.178,-10.069
103.085,35.688,28.190,-10.068
103.105,35.633,28.205,-10.068
103.126,35.594,28.215,-10.067
103.146,35.534,28.227,-10.066
103.165,35.493,28.235,-10.065
103.186,35.430,28.245,-10.064
103.205,35.386,28.251,-10.063
103.225,35.319,28.258,-10.061
103.245,35.273,28.263,-10.059
103.265,35.202,28.269,-10.057
103.285,35.154,28.272,-10.055
103.306,35.080,28.276,-10.053
103.327,35.030,28.278,-10.051
103.345,34.954,28.281,-10.048
103.365,34.902,28.282,-10.047
103.386,34.823,28.284,-10.044
103.407,34.770,28.284,-10.042
103.425,34.689,28.285,-10.040
103.445,34.635,28.285,-10.038
103.465,34.552,28.284,-10.036
103.485,34.496,28.284,-10.034
103.505,34.412,28.283,-10.032
103.526,34.355,28.282,-10.031
103.545,34.270,28.280,-10.029
103.565,34.212,28.279,-10.027
103.586,34.126,28.277,-10.026
103.606,34.067,28.275,-10.025
103.625,33.980,28.273,-10.023
103.646,33.921,28.271,-10.022
103.665,33.833,28.269,-10.021
103.685,33.774,28.267,-10.021
103.705,33.685,28.264,-10.020
103.726,33.625,28.262,-10.020
103.745,33.536,28.259,-10.019
103.765,33.476,28.257,-10.019
103.785,33.387,28.254,-10.019
103.805,33.327,28.252,-10.019
103.825,33.237,28.249,-10.018
103.845,33.177,28.247,-10.018
103.865,33.087,28.245,-10.018
103.885,33.027,28.243,-10.018
103.906,32.936,28.241,-10.018
103.926,32.876,28.239,-10.018
103.945,32.786,28.237,-10.018
103.965,32.726,28.236,-10.018
103.985,32.636,28.234,-10.018
104.006,32.575,28.232,-10.018
104.025,32.485,28.231,-10.018
104.046,32.425,28.229,-10.018
104.067,32.335,28.228,-10.018
104.085,32.275,28.227,-10.018
104.106,32.185,28.226,-10.018
104.126,32.125,28.225,-10.018
104.145,32.035,28.224,-10.018
104.165,31.975,28.223,-10.018
104.185,31.885,28.222,-10.018
104.206,31.825,28.222,-10.018
104.225,31.736,28.221,-10.018
104.245,31.676,28.221,-10.018
104.265,31.586,28.221,-10.018
104.285,31.526,28.220,-10.018
104.305,31.437,28.220,-10.018
104.326,31.377,28.220,-10.017
104.345,31.288,28.220,-10.017
104.365,31.228,28.221,-10.017
104.385,31.139,28.221,-10.017
104.405,31.079,28.221,-10.017
104.425,30.990,28.222,-10.017
104.445,30.931,28.223,-10.016
104.466,30.842,28.224,-10.016
104.485,30.782,28.225,-10.016
104.507,30.693,28.226,-10.015
104.525,30.634,28.227,-10.015
104.545,30.545,28.228,-10.015
104.565,30.485,28.230,-10.015
104.586,30.396,28.231,-10.014
104.606,30.337,28.233,-10.014
104.625,30.248,28.235,-10.014
104.645,30.188,28.236,-10.014
104.666,30.099,28.238,-10.013
104.685,30.040,28.240,-10.013
104.706,29.951,28.242,-10.013
104.726,29.891,28.244,-10.013
104.745,29.802,28.246,-10.013
104.765,29.742,28.248,-10.012
104.785,29.653,28.250,-10.012
104.806,29.594,28.252,-10.012
104.825,29.505,28.255,-10.012
104.846,29.445,28.256,-10.011
104.865,29.356,28.259,-10.011
104.885,29.296,28.260,-10.011
104.906,29.207,28.263,-10.011
104.925,29.147,28.265,-10.011
104.945,29.058,28.267,-10.010
104.967,28.998,28.269,-10.010
104.985,28.908,28.271,-10.010
105.005,28.848,28.272,-10.010
105.025,28.758,28.274,-10.010
105.045,28.698,28.276,-10.009
105.065,28.608,28.278,-10.009
105.085,28.548,28.279,-10.009
105.105,28.458,28.281,-10.009
105.125,28.398,28.282,-10.008
105.145,28.308,28.284,-10.008
105.165,28.248,28.285,-10.008
105.186,28.158,28.287,-10.008
105.205,28.097,28.288,-10.008
105.225,28.007,28.289,-10.008
105.246,27.946,28.290,-10.008
105.265,27.856,28.291,-10.007
105.285,27.795,28.292,-10.007
105.306,27.705,28.293,-10.007
105.326,27.644,28.294,-10.007
105.345,27.554,28.295,-10.007
105.366,27.493,28.296,-10.007
105.387,27.402,28.297,-10.006
105.405,27.342,28.298,-10.006
105.425,27.251,28.299,-10.006
105.445,27.191,28.299,-10.006
105.465,27.100,28.300,-10.006
105.485,27.039,28.301,-10.006
105.506,26.948,28.301,-10.006
105.525,26.888,28.302,-10.006
105.545,26.797,28.302,-10.006
105.565,26.736,28.303,-10.006
105.585,26.645,28.303,-10.006
105.605,26.584,28.303,-10.006
105.625,26.493,28.304,-10.007
105.645,26.433,28.304,-10.007
105.665,26.342,28.304,-10.007
105.685,26.281,28.304,-10.007
105.706,26.190,28.305,-10.008
105.725,26.130,28.305,-10.008
105.745,26.039,28.305,-10.008
105.765,25.978,28.305,-10.008
105.785,25.887,28.305,-10.009
105.805,25.826,28.305,-10.009
105.825,25.735,28.305,-10.009
105.845,25.675,28.305,-10.010
105.865,25.584,28.305,-10.010
105.885,25.523,28.305,-10.010
105.907,25.433,28.304,-10.010
105.925,25.372,28.304,-10.011
105.945,25.281,28.304,-10.011
105.966,25.221,28.303,-10.011
105.985,25.130,28.303,-10.012
106.005,25.070,28.302,-10.012
106.026,24.979,28.302,-10.012
106.045,24.919,28.301,-10.012
106.065,24.828,28.300,-10.012
106.085,24.767,28.300,-10.012
106.105,24.677,28.299,-10.013
106.125,24.616,28.299,-10.013
106.145,24.526,28.298,-10.012
106.166,24.465,28.297,-10.012
106.185,24.374,28.296,-10.012
106.205,24.314,28.295,-10.012
106.225,24.223,28.294,-10.012
106.245,24.163,28.294,-10.011
106.265,24.072,28.292,-10.011
106.285,24.011,28.292,-10.011
106.306,23.921,28.290,-10.010
106.325,23.860,28.289,-10.010
106.345,23.769,28.288,-10.009
106.365,23.709,28.287,-10.009
106.385,23.618,28.286,-10.008
106.405,23.558,28.285,-10.008
106.426,23.467,28.284,-10.008
106.445,23.406,28.283,-10.007
106.465,23.315,28.282,-10.007
106.485,23.255,28.281,-10.006
106.506,23.164,28.279,-10.006
106.525,23.104,28.278,-10.005
106.545,23.013,28.277,-10.005
106.565,22.952,28.276,-10.004
106.585,22.861,28.275,-10.004
106.606,22.800,28.274,-10.004
106.625,22.709,28.272,-10.003
106.645,22.648,28.271,-10.003
106.665,22.557,28.270,-10.002
106.685,22.496,28.269,-10.002
106.706,22.404,28.268,-10.001
106.725,22.343,28.267,-10.001
106.746,22.252,28.266,-10.001
106.765,22.190,28.265,-10.000
106.785,22.099,28.264,-10.000
106.805,22.038,28.263,-9.999
106.826,21.946,28.262,-9.999
106.845,21.884,28.261,-9.999
106.865,21.792,28.259,-9.998
106.887,21.731,28.258,-9.998
106.906,21.639,28.257,-9.997
106.925,21.578,28.256,-9.997
106.945,21.486,28.255,-9.997
106.965,21.424,28.254,-9.996
106.985,21.332,28.253,-9.996
107.005,21.271,28.252,-9.996
107.026,21.179,28.250,-9.995
107.045,21.117,28.249,-9.995
107.065,21.025,28.248,-9.995
107.086,20.964,28.246,-9.995
107.105,20.872,28.245,-9.995
107.125,20.811,28.244,-9.995
107.146,20.719,28.242,-9.994
107.165,20.657,28.241,-9.994
107.185,20.566,28.239,-9.994
107.206,20.504,28.238,-9.994
107.225,20.412,28.236,-9.994
107.245,20.351,28.235,-9.994
107.265,20.259,28.233,-9.993
107.286,20.198,28.231,-9.993
107.305,20.106,28.229,-9.993
107.325,20.045,28.228,-9.993
107.345,19.954,28.226,-9.993
107.365,19.893,28.225,-9.992
107.385,19.801,28.223,-9.992
107.405,19.740,28.222,-9.992
107.428,19.648,28.220,-9.992
107.445,19.587,28.219,-9.992
107.465,19.496,28.217,-9.992
107.485,19.435,28.216,-9.992
107.506,19.343,28.215,-9.992
107.525,19.282,28.214,-9.992
107.545,19.191,28.213,-9.992
107.565,19.130,28.212,-9.992
107.585,19.039,28.210,-9.992
107.605,18.978,28.210,-9.992
107.625,18.886,28.208,-9.992
107.645,18.825,28.208,-9.992
107.665,18.734,28.207,-9.992
107.685,18.673,28.206,-9.992
107.705,18.582,28.205,-9.993
107.725,18.521,28.205,-9.993
107.745,18.430,28.204,-9.993
107.765,18.369,28.203,-9.993
107.785,18.278,28.202,-9.993
107.806,18.217,28.202,-9.994
107.826,18.126,28.201,-9.994
107.845,18.065,28.200,-9.994
107.865,17.973,28.199,-9.994
107.886,17.912,28.199,-9.994
107.906,17.821,28.198,-9.995
107.925,17.760,28.198,-9.995
107.945,17.669,28.197,-9.995
107.965,17.608,28.196,-9.995
107.985,17.517,28.196,-9.995
108.005,17.456,28.195,-9.996
108.025,17.364,28.195,-9.996
108.045,17.304,28.194,-9.996
108.067,17.212,28.194,-9.996
108.085,17.151,28.193,-9.997
108.105,17.060,28.193,-9.997
108.125,16.999,28.193,-9.997
108.145,16.908,28.192,-9.997
108.165,16.847,28.192,-9.997
108.185,16.756,28.191,-9.998
108.206,16.695,28.191,-9.998
108.227,16.603,28.191,-9.998
108.245,16.543,28.190,-9.998
108.265,16.451,28.190,-9.998
108.285,16.391,28.190,-9.998
108.306,16.299,28.189,-9.998
108.325,16.239,28.189,-9.998
108.345,16.147,28.189,-9.998
108.366,16.087,28.188,-9.998
108.385,15.995,28.188,-9.998
108.405,15.935,28.188,-9.998
108.426,15.843,28.188,-9.998
108.445,15.783,28.187,-9.998
108.466,15.692,28.187,-9.998
108.486,15.631,28.187,-9.998
108.505,15.540,28.187,-9.998
108.525,15.479,28.187,-9.998
108.546,15.388,28.187,-9.998
108.566,15.327,28.187,-9.998
108.585,15.236,28.187,-9.998
108.607,15.176,28.187,-9.998
108.625,15.085,28.186,-9.998
108.645,15.024,28.186,-9.998
108.665,14.933,28.186,-9.997
108.685,14.872,28.186,-9.997
108.706,14.781,28.186,-9.997
108.725,14.721,28.186,-9.997
108.745,14.630,28.186,-9.997
108.766,14.569,28.186,-9.997
108.785,14.478,28.186,-9.997
108.805,14.418,28.185,-9.997
108.825,14.327,28.185,-9.997
108.845,14.267,28.185,-9.997
108.866,14.176,28.185,-9.996
108.885,14.116,28.185,-9.996
108.905,14.025,28.185,-9.996
108.926,13.965,28.184,-9.996
108.945,13.874,28.184,-9.996
108.965,13.814,28.184,-9.996
108.985,13.723,28.184,-9.995
109.006,13.663,28.184,-9.995
109.025,13.573,28.184,-9.995
109.045,13.513,28.183,-9.995
109.066,13.423,28.183,-9.994
109.085,13.363,28.183,-9.994
109.105,13.273,28.183,-9.994
109.126,13.213,28.182,-9.994
109.145,13.124,28.182,-9.994
109.165,13.064,28.182,-9.993
109.185,12.974,28.181,-9.993
109.206,12.914,28.181,-9.993
109.226,12.825,28.180,-9.993
109.245,12.765,28.180,-9.992
109.265,12.675,28.179,-9.992
109.285,12.615,28.179,-9.992
109.305,12.526,28.178,-9.992
109.325,12.466,28.178,-9.992
109.345,12.377,28.177,-9.991
109.365,12.317,28.177,-9.991
109.385,12.228,28.176,-9.991
109.406,12.168,28.175,-9.991
109.425,12.079,28.174,-9.991
109.445,12.019,28.173,-9.991
109.465,11.929,28.172,-9.991
109.486,11.870,28.172,-9.991
109.505,11.780,28.170,-9.990
109.525,11.721,28.169,-9.990
109.545,11.631,28.168,-9.991
109.565,11.572,28.167,-9.991
109.585,11.483,28.166,-9.991
109.606,11.423,28.165,-9.991
109.626,11.334,28.164,-9.991
109.645,11.274,28.163,-9.991
109.666,11.185,28.161,-9.991
109.685,11.125,28.160,-9.991
109.705,11.036,28.159,-9.991
109.725,10.976,28.158,-9.991
109.745,10.887,28.157,-9.991
109.765,10.827,28.156,-9.991
109.785,10.738,28.154,-9.991
109.805,10.678,28.153,-9.991
109.825,10.589,28.152,-9.991
109.845,10.530,28.151,-9.991
109.866,10.440,28.150,-9.991
109.885,10.381,28.149,-9.991
109.906,10.292,28.147,-9.991
109.926,10.232,28.146,-9.991
109.946,10.142,28.145,-9.991
109.966,10.083,28.144,-9.991
109.985,9.993,28.142,-9.991
110.005,9.934,28.141,-9.991
110.025,9.844,28.140,-9.991
110.046,9.785,28.139,-9.991
110.065,9.695,28.137,-9.990
110.085,9.635,28.136,-9.990
110.105,9.546,28.135,-9.990
110.127,9.486,28.134,-9.990
110.145,9.397,28.133,-9.990
110.165,9.337,28.132,-9.990
110.185,9.248,28.130,-9.990
110.206,9.188,28.130,-9.990
110.225,9.099,28.128,-9.990
110.245,9.039,28.127,-9.990
110.265,8.949,28.126,-9.990
110.285,8.890,28.125,-9.990
110.305,8.800,28.124,-9.990
110.325,8.740,28.123,-9.991
110.345,8.651,28.122,-9.991
110.365,8.591,28.121,-9.991
110.385,8.502,28.120,-9.992
110.406,8.442,28.119,-9.992
110.425,8.352,28.118,-9.992
110.445,8.293,28.118,-9.992
110.466,8.203,28.116,-9.993
110.485,8.144,28.116,-9.993
110.506,8.054,28.115,-9.993
110.526,7.995,28.114,-9.993
110.545,7.905,28.113,-9.993
110.565,7.846,28.112,-9.993
110.585,7.757,28.111,-9.993
110.605,7.697,28.111,-9.993
110.625,7.608,28.110,-9.993
110.645,7.549,28.109,-9.993
110.665,7.460,28.109,-9.993
110.685,7.401,28.108,-9.993
110.707,7.312,28.108,-9.993
110.726,7.252,28.107,-9.993
110.745,7.164,28.107,-9.993
110.765,7.104,28.107,-9.993
110.786,7.016,28.106,-9.993
110.806,6.956,28.106,-9.993
110.825,6.868,28.106,-9.993
110.845,6.809,28.106,-9.993
110.865,6.720,28.106,-9.993
110.885,6.661,28.105,-9.993
110.907,6.573,28.105,-9.992
110.926,6.514,28.105,-9.992
110.945,6.425,28.106,-9.992
110.965,6.366,28.106,-9.992
110.986,6.278,28.106,-9.991
111.005,6.219,28.106,-9.991
111.025,6.131,28.107,-9.991
111.046,6.072,28.107,-9.991
111.066,5.983,28.107,-9.990
111.085,5.925,28.108,-9.990
111.106,5.836,28.108,-9.989
111.126,5.777,28.108,-9.989
111.145,5.689,28.109,-9.989
111.165,5.630,28.109,-9.989
111.185,5.542,28.110,-9.988
111.205,5.483,28.110,-9.988
111.225,5.395,28.111,-9.988
111.246,5.336,28.111,-9.988
111.265,5.248,28.112,-9.988
111.285,5.190,28.112,-9.988
111.305,5.101,28.113,-9.988
111.325,5.043,28.113,-9.988
111.345,4.955,28.114,-9.988
111.365,4.896,28.114,-9.988
111.385,4.808,28.115,-9.988
111.406,4.749,28.115,-9.988
111.425,4.661,28.116,-9.988
111.446,4.603,28.116,-9.988
111.465,4.515,28.117,-9.989
111.485,4.456,28.117,-9.989
111.505,4.368,28.118,-9.989
111.525,4.310,28.118,-9.989
111.545,4.222,28.118,-9.989
111.565,4.163,28.119,-9.989
111.586,4.076,28.119,-9.990
111.606,4.017,28.119,-9.990
111.625,3.930,28.120,-9.990
111.646,3.871,28.120,-9.990
111.666,3.784,28.121,-9.990
111.685,3.725,28.121,-9.990
111.706,3.638,28.121,-9.991
111.726,3.579,28.122,-9.991
111.745,3.492,28.122,-9.991
111.766,3.433,28.122,-9.991
111.786,3.346,28.123,-9.992
111.806,3.287,28.123,-9.992
111.825,3.200,28.123,-9.992
111.845,3.141,28.123,-9.993
111.865,3.054,28.123,-9.993
111.885,2.996,28.123,-9.993
111.906,2.908,28.123,-9.994
111.925,2.850,28.123,-9.994
111.945,2.762,28.123,-9.994
111.966,2.704,28.123,-9.994
111.986,2.616,28.123,-9.994
112.006,2.557,28.123,-9.994
112.027,2.470,28.122,-9.994
112.045,2.411,28.122,-9.994
112.065,2.323,28.122,-9.994
112.085,2.265,28.121,-9.994
112.106,2.177,28.121,-9.994
112.125,2.118,28.121,-9.994
112.145,2.030,28.120,-9.994
112.165,1.971,28.120,-9.994
112.185,1.884,28.119,-9.994
112.205,1.825,28.119,-9.994
112.225,1.737,28.118,-9.994
112.246,1.678,28.118,-9.994
112.266,1.591,28.117,-9.994
112.285,1.532,28.117,-9.994
112.306,1.444,28.116,-9.994
112.326,1.386,28.116,-9.994
112.345,1.298,28.115,-9.994
112.365,1.239,28.115,-9.994
112.385,1.151,28.114,-9.994
112.405,1.093,28.114,-9.994
112.425,1.005,28.113,-9.994
112.446,0.947,28.113,-9.994
112.465,0.859,28.112,-9.994
112.485,0.801,28.112,-9.994
112.506,0.713,28.112,-9.994
112.525,0.655,28.111,-9.994
112.545,0.567,28.111,-9.994
112.565,0.509,28.110,-9.994
112.585,0.422,28.110,-9.994
112.605,0.364,28.109,-9.994
112.625,0.276,28.109,-9.995
112.646,0.218,28.108,-9.995
112.665,0.131,28.108,-9.995
112.686,0.073,28.107,-9.995
112.706,-0.015,28.107,-9.995
112.725,-0.073,28.106,-9.995
112.745,-0.160,28.106,-9.995
112.766,-0.218,28.106,-9.996
112.785,-0.305,28.105,-9.996
112.805,-0.363,28.105,-9.996
112.826,-0.450,28.104,-9.996
112.846,-0.508,28.104,-9.997
112.865,-0.595,28.103,-9.997
112.885,-0.653,28.103,-9.997
112.906,-0.740,28.103,-9.998
112.926,-0.798,28.103,-9.998
112.946,-0.885,28.102,-9.998
112.965,-0.943,28.102,-9.999
112.985,-1.030,28.102,-9.999
113.005,-1.087,28.102,-10.000
113.025,-1.174,28.102,-10.000
113.046,-1.232,28.102,-10.001
113.065,-1.318,28.102,-10.001
113.085,-1.376,28.102,-10.001
113.106,-1.463,28.102,-10.002
113.125,-1.520,28.102,-10.002
113.145,-1.607,28.103,-10.002
113.166,-1.665,28.103,-10.002
113.185,-1.751,28.104,-10.003
113.205,-1.809,28.104,-10.003
113.226,-1.895,28.105,-10.003
113.246,-1.953,28.105,-10.003
113.265,-2.039,28.106,-10.003
113.285,-2.097,28.106,-10.004
113.306,-2.183,28.107,-10.004
113.325,-2.241,28.108,-10.004
113.345,-2.328,28.109,-10.004
113.365,-2.385,28.110,-10.004
113.385,-2.472,28.111,-10.004
113.405,-2.529,28.111,-10.004
113.426,-2.616,28.112,-10.004
113.445,-2.674,28.113,-10.004
113.465,-2.760,28.114,-10.004
113.485,-2.818,28.115,-10.004
113.505,-2.904,28.116,-10.004
113.525,-2.961,28.117,-10.004
113.546,-3.048,28.119,-10.004
113.566,-3.105,28.119,-10.003
113.585,-3.191,28.121,-10.003
113.605,-3.248,28.122,-10.003
113.626,-3.334,28.123,-10.003
113.645,-3.391,28.124,-10.003
113.665,-3.476,28.125,-10.003
113.686,-3.532,28.126,-10.003
113.706,-3.617,28.127,-10.003
113.725,-3.673,28.128,-10.003
113.745,-3.756,28.129,-10.003
113.766,-3.811,28.130,-10.003
113.785,-3.894,28.131,-10.003
113.805,-3.948,28.132,-10.003
113.825,-4.029,28.133,-10.003
113.845,-4.082,28.134,-10.004
113.865,-4.161,28.135,-10.004
113.886,-4.214,28.136,-10.004
113.905,-4.291,28.137,-10.005
113.925,-4.342,28.137,-10.005
113.945,-4.418,28.138,-10.005
113.966,-4.468,28.139,-10.006
113.985,-4.541,28.140,-10.006
114.008,-4.590,28.141,-10.006
114.025,-4.661,28.142,-10.007
114.045,-4.708,28.142,-10.007
114.065,-4.777,28.143,-10.008
114.085,-4.823,28.144,-10.008
114.106,-4.889,28.144,-10.008
114.125,-4.933,28.145,-10.008
114.147,-4.998,28.145,-10.009
114.165,-5.040,28.146,-10.009
114.185,-5.102,28.146,-10.009
114.206,-5.142,28.146,-10.010
114.226,-5.202,28.147,-10.010
114.245,-5.240,28.147,-10.011
114.265,-5.297,28.147,-10.013
114.285,-5.334,28.147,-10.014
114.305,-5.389,28.147,-10.017
114.326,-5.425,28.147,-10.019
114.347,-5.477,28.146,-10.023
114.365,-5.511,28.146,-10.026
114.385,-5.561,28.145,-10.031
114.406,-5.593,28.145,-10.035
114.426,-5.640,28.144,-10.042
114.445,-5.671,28.144,-10.047
114.465,-5.716,28.143,-10.056
114.485,-5.745,28.142,-10.063
114.505,-5.788,28.141,-10.073
114.525,-5.815,28.140,-10.081
114.546,-5.856,28.139,-10.094
114.566,-5.882,28.138,-10.103
114.585,-5.920,28.137,-10.118
114.605,-5.945,28.136,-10.129
114.625,-5.980,28.134,-10.147
114.645,-6.003,28.133,-10.159
114.666,-6.037,28.132,-10.179
114.686,-6.058,28.130,-10.194
114.705,-6.089,28.129,-10.217
114.725,-6.109,28.128,-10.233
114.746,-6.138,28.126,-10.259
114.765,-6.156,28.125,-10.277
114.785,-6.182,28.123,-10.306
114.805,-6.198,28.122,-10.326
114.826,-6.222,28.120,-10.358
114.845,-6.237,28.119,-10.380
114.865,-6.257,28.118,-10.415
114.886,-6.270,28.117,-10.439
114.905,-6.288,28.115,-10.478
114.925,-6.299,28.114,-10.504
114.947,-6.314,28.113,-10.545
114.965,-6.324,28.112,-10.574
114.985,-6.336,28.111,-10.618
115.006,-6.343,28.110,-10.648
115.025,-6.353,28.109,-10.695
115.045,-6.358,28.109,-10.727
115.065,-6.365,28.108,-10.776
115.085,-6.368,28.107,-10.810
115.105,-6.372,28.106,-10.862
115.125,-6.374,28.106,-10.897
115.145,-6.375,28.105,-10.951
115.165,-6.374,28.104,-10.988
115.185,-6.373,28.104,-11.045
115.205,-6.370,28.103,-11.084
115.225,-6.366,28.103,-11.142
115.245,-6.362,28.102,-11.182
115.265,-6.355,28.102,-11.243
115.285,-6.349,28.101,-11.284
115.305,-6.339,28.101,-11.347
115.328,-6.332,28.101,-11.389
115.345,-6.320,28.100,-11.452
115.365,-6.311,28.100,-11.495
115.385,-6.296,28.100,-11.560
115.405,-6.286,28.100,-11.603
115.425,-6.269,28.099,-11.669
115.445,-6.258,28.099,-11.713
115.466,-6.239,28.099,-11.779
115.485,-6.226,28.099,-11.824
115.505,-6.206,28.099,-11.891
115.525,-6.192,28.098,-11.935
115.546,-6.170,28.098,-12.003
115.565,-6.155,28.098,-12.048
115.585,-6.132,28.098,-12.116
115.607,-6.116,28.097,-12.161
115.625,-6.092,28.097,-12.230
115.645,-6.075,28.097,-12.275
115.667,-6.050,28.096,-12.344
115.686,-6.033,28.096,-12.390
115.705,-6.006,28.096,-12.458
115.725,-5.989,28.095,-12.504
115.746,-5.962,28.095,-12.573
115.765,-5.944,28.094,-12.619
115.785,-5.917,28.094,-12.688
115.805,-5.899,28.094,-12.733
115.825,-5.872,28.093,-12.802
115.845,-5.854,28.093,-12.848
115.866,-5.826,28.093,-12.916
115.885,-5.808,28.093,-12.961
115.905,-5.781,28.092,-13.029
115.925,-5.763,28.092,-13.074
115.947,-5.736,28.092,-13.142
115.965,-5.718,28.092,-13.186
115.986,-5.692,28.092,-13.253
116.005,-5.674,28.092,-13.298
116.025,-5.649,28.092,-13.364
116.045,-5.632,28.091,-13.408
116.066,-5.607,28.091,-13.475
116.085,-5.590,28.091,-13.519
116.105,-5.566,28.091,-13.585
116.126,-5.551,28.091,-13.629
116.145,-5.527,28.091,-13.695
116.165,-5.512,28.091,-13.739
116.185,-5.491,28.091,-13.806
116.207,-5.476,28.091,-13.850
116.225,-5.456,28.092,-13.916
116.245,-5.443,28.092,-13.960
116.266,-5.423,28.092,-14.027
116.285,-5.411,28.092,-14.071
116.305,-5.394,28.092,-14.138
116.327,-5.383,28.092,-14.183
116.346,-5.367,28.092,-14.249
116.365,-5.357,28.092,-14.294
116.385,-5.342,28.092,-14.361
116.406,-5.333,28.092,-14.406
116.425,-5.321,28.093,-14.473
116.445,-5.313,28.093,-14.518
116.466,-5.302,28.093,-14.585
116.485,-5.296,28.093,-14.629
116.505,-5.287,28.093,-14.697
116.525,-5.282,28.094,-14.742
116.545,-5.275,28.094,-14.809
116.565,-5.271,28.095,-14.854
116.586,-5.266,28.095,-14.921
116.605,-5.264,28.096,-14.966
116.625,-5.260,28.096,-15.034
116.645,-5.259,28.097,-15.079
116.665,-5.257,28.098,-15.147
116.686,-5.256,28.099,-15.193
116.705,-5.256,28.100,-15.261
116.725,-5.256,28.100,-15.306
116.745,-5.256,28.101,-15.375
116.765,-5.257,28.102,-15.421
116.785,-5.259,28.104,-15.489
116.805,-5.261,28.104,-15.535
116.825,-5.263,28.106,-15.604
116.845,-5.265,28.107,-15.650
116.866,-5.269,28.109,-15.719
116.885,-5.271,28.110,-15.766
116.905,-5.275,28.111,-15.835
116.925,-5.277,28.112,-15.881
116.945,-5.281,28.114,-15.951
116.965,-5.284,28.115,-15.997
116.985,-5.288,28.117,-16.066
117.006,-5.291,28.118,-16.113
117.025,-5.295,28.120,-16.183
117.045,-5.297,28.121,-16.229
117.065,-5.301,28.123,-16.299
117.085,-5.304,28.124,-16.345
117.105,-5.307,28.126,-16.415
117.126,-5.310,28.127,-16.462
117.145,-5.313,28.129,-16.532
117.165,-5.315,28.130,-16.578
117.185,-5.318,28.131,-16.648
117.205,-5.319,28.132,-16.695
117.225,-5.321,28.134,-16.765
117.245,-5.322,28.135,-16.812
117.265,-5.324,28.137,-16.882
117.285,-5.324,28.138,-16.929
117.305,-5.325,28.139,-16.999
117.326,-5.325,28.140,-17.045
117.345,-5.325,28.142,-17.115
117.365,-5.325,28.143,-17.162
117.386,-5.325,28.144,-17.232
117.405,-5.324,28.145,-17.279
117.425,-5.323,28.146,-17.349
117.445,-5.322,28.147,-17.396
117.465,-5.320,28.148,-17.466
117.485,-5.319,28.149,-17.513
117.505,-5.317,28.150,-17.583
117.526,-5.315,28.150,-17.630
117.546,-5.312,28.152,-17.700
117.565,-5.310,28.152,-17.746
117.585,-5.307,28.153,-17.817
117.605,-5.304,28.154,-17.863
117.625,-5.300,28.155,-17.934
117.646,-5.297,28.155,-17.981
117.666,-5.293,28.156,-18.051
117.685,-5.290,28.157,-18.097
117.705,-5.285,28.158,-18.168
117.725,-5.282,28.158,-18.214
117.745,-5.276,28.159,-18.284
117.765,-5.273,28.160,-18.331
117.785,-5.267,28.161,-18.401
117.805,-5.263,28.161,-18.448
117.825,-5.257,28.162,-18.518
117.846,-5.253,28.162,-18.565
117.865,-5.247,28.163,-18.635
117.885,-5.242,28.163,-18.682
117.906,-5.236,28.164,-18.752
117.925,-5.231,28.164,-18.798
117.945,-5.224,28.165,-18.869
117.966,-5.219,28.165,-18.915
117.985,-5.212,28.166,-18.986
118.005,-5.207,28.166,-19.033
118.025,-5.200,28.167,-19.103
118.046,-5.195,28.167,-19.150
118.065,-5.188,28.168,-19.220
118.085,-5.183,28.168,-19.267
118.105,-5.175,28.169,-19.338
118.125,-5.170,28.169,-19.385
118.145,-5.162,28.169,-19.455
118.166,-5.157,28.170,-19.502
118.186,-5.149,28.170,-19.573
118.205,-5.143,28.170,-19.620
118.225,-5.135,28.171,-19.691
118.246,-5.130,28.171,-19.738
118.265,-5.121,28.171,-19.809
118.285,-5.116,28.171,-19.856
118.306,-5.108,28.172,-19.927
118.326,-5.102,28.172,-19.974
118.345,-5.094,28.172,-20.045
118.365,-5.089,28.172,-20.093
118.385,-5.081,28.172,-20.164
118.405,-5.075,28.172,-20.211
118.425,-5.067,28.172,-20.282
118.446,-5.061,28.173,-20.329
118.465,-5.053,28.173,-20.400
118.485,-5.048,28.173,-20.448
118.506,-5.039,28.173,-20.519
118.525,-5.034,28.173,-20.566
118.545,-5.026,28.173,-20.637
118.565,-5.020,28.173,-20.684
118.585,-5.012,28.173,-20.755
118.605,-5.007,28.174,-20.803
118.625,-4.999,28.174,-20.874
118.646,-4.994,28.174,-20.921
118.665,-4.986,28.174,-20.992
118.685,-4.981,28.174,-21.039
118.707,-4.973,28.174,-21.110
118.725,-4.968,28.174,-21.157
118.745,-4.960,28.175,-21.228
118.766,-4.955,28.175,-21.276
118.785,-4.948,28.175,-21.346
118.805,-4.943,28.175,-21.394
118.827,-4.936,28.175,-21.465
118.845,-4.931,28.175,-21.512
118.866,-4.924,28.175,-21.583
118.885,-4.920,28.175,-21.630
118.905,-4.913,28.175,-21.701
118.925,-4.908,28.175,-21.748
118.945,-4.901,28.175,-21.819
118.965,-4.897,28.175,-21.866
118.985,-4.891,28.175,-21.937
119.005,-4.886,28.175,-21.984
119.026,-4.880,28.174,-22.055
119.045,-4.876,28.174,-22.102
119.065,-4.870,28.174,-22.173
119.085,-4.866,28.173,-22.220
119.105,-4.860,28.173,-22.291
119.125,-4.856,28.173,-22.338
119.145,-4.851,28.172,-22.408
119.165,-4.847,28.172,-22.455
119.185,-4.842,28.171,-22.526
119.205,-4.838,28.171,-22.573
119.225,-4.833,28.170,-22.644
119.245,-4.830,28.170,-22.691
119.265,-4.825,28.169,-22.761
119.285,-4.822,28.169,-22.809
119.305,-4.817,28.168,-22.879
119.325,-4.814,28.167,-22.926
119.345,-4.810,28.167,-22.997
119.365,-4.807,28.166,-23.044
119.385,-4.803,28.166,-23.114
119.405,-4.800,28.165,-23.161
119.425,-4.796,28.165,-23.232
119.446,-4.793,28.164,-23.279
119.465,-4.789,28.164,-23.349
119.486,-4.787,28.163,-23.396
119.506,-4.783,28.163,-23.467
119.525,-4.781,28.162,-23.514
119.545,-4.777,28.162,-23.585
119.565,-4.775,28.162,-23.632
119.585,-4.772,28.161,-23.703
119.605,-4.770,28.161,-23.750
119.625,-4.767,28.161,-23.821
119.646,-4.765,28.161,-23.868
119.665,-4.762,28.161,-23.939
119.685,-4.760,28.160,-23.986
119.705,-4.757,28.160,-24.057
119.725,-4.756,28.160,-24.105
119.745,-4.753,28.160,-24.176
119.766,-4.752,28.160,-24.223
119.785,-4.749,28.160,-24.294
119.805,-4.748,28.159,-24.342
119.826,-4.746,28.159,-24.413
119.845,-4.745,28.159,-24.461
119.865,-4.743,28.160,-24.532
119.885,-4.742,28.160,-24.579
119.905,-4.740,28.160,-24.651
119.925,-4.739,28.160,-24.699
119.945,-4.737,28.160,-24.770
119.965,-4.736,28.160,-24.818
119.985,-4.735,28.160,-24.889
120.005,-4.734,28.160,-24.937
120.026,-4.732,28.161,-25.009
120.045,-4.731,28.161,-25.056
120.065,-4.730,28.161,-25.128
120.085,-4.729,28.161,-25.176
120.106,-4.728,28.161,-25.247
120.125,-4.727,28.162,-25.295
120.145,-4.725,28.162,-25.367
120.165,-4.725,28.162,-25.415
120.185,-4.723,28.162,-25.487
120.206,-4.722,28.162,-25.534
120.225,-4.721,28.163,-25.606
120.245,-4.720,28.163,-25.654
120.265,-4.719,28.163,-25.725
120.285,-4.718,28.164,-25.773
120.306,-4.716,28.164,-25.845
120.326,-4.716,28.164,-25.893
120.345,-4.714,28.164,-25.964
120.366,-4.713,28.165,-26.012
120.385,-4.712,28.165,-26.084
120.405,-4.711,28.165,-26.131
120.425,-4.710,28.166,-26.203
120.445,-4.709,28.166,-26.251
120.465,-4.708,28.166,-26.322
120.485,-4.708,28.166,-26.370
120.505,-4.707,28.167,-26.441
120.525,-4.706,28.167,-26.489
120.545,-4.705,28.167,-26.560
120.566,-4.705,28.168,-26.608
120.585,-4.704,28.168,-26.679
120.605,-4.704,28.168,-26.727
120.625,-4.703,28.169,-26.798
120.645,-4.703,28.169,-26.846
120.665,-4.703,28.169,-26.917
120.685,-4.702,28.170,-26.964
120.705,-4.702,28.170,-27.036
120.725,-4.702,28.170,-27.083
120.746,-4.702,28.171,-27.154
120.765,-4.701,28.171,-27.202
120.785,-4.701,28.172,-27.273
120.805,-4.701,28.172,-27.320
120.825,-4.701,28.172,-27.391
120.845,-4.701,28.173,-27.438
120.865,-4.701,28.173,-27.509
120.885,-4.701,28.174,-27.556
120.905,-4.700,28.174,-27.627
120.925,-4.700,28.174,-27.675
120.945,-4.700,28.175,-27.746
120.966,-4.700,28.176,-27.793
120.985,-4.699,28.176,-27.864
121.006,-4.699,28.177,-27.911
121.026,-4.699,28.177,-27.982
121.045,-4.699,28.178,-28.030
121.065,-4.699,28.179,-28.101
121.086,-4.698,28.179,-28.148
121.105,-4.698,28.180,-28.219
121.125,-4.698,28.180,-28.266
121.148,-4.697,28.181,-28.337
121.165,-4.697,28.181,-28.385
121.185,-4.697,28.182,-28.456
121.206,-4.697,28.182,-28.503
121.225,-4.696,28.183,-28.574
121.245,-4.696,28.183,-28.622
121.266,-4.696,28.183,-28.693
121.285,-4.695,28.184,-28.740
121.305,-4.695,28.184,-28.812
121.326,-4.695,28.184,-28.859
121.345,-4.694,28.184,-28.930
121.365,-4.694,28.184,-28.978
121.385,-4.693,28.184,-29.049
121.406,-4.693,28.184,-29.097
121.425,-4.692,28.184,-29.168
121.445,-4.691,28.184,-29.215
121.465,-4.691,28.183,-29.287
121.486,-4.690,28.183,-29.334
121.505,-4.690,28.183,-29.406
121.525,-4.689,28.183,-29.454
121.545,-4.689,28.183,-29.525
121.565,-4.688,28.183,-29.573
121.585,-4.687,28.183,-29.644
121.605,-4.687,28.183,-29.692
121.625,-4.686,28.182,-29.764
121.645,-4.686,28.182,-29.812
121.665,-4.685,28.182,-29.883
121.685,-4.685,28.181,-29.931
121.705,-4.684,28.181,-30.003
121.725,-4.683,28.181,-30.051
121.745,-4.683,28.180,-30.123
121.767,-4.682,28.180,-30.170
121.785,-4.681,28.179,-30.242
121.805,-4.681,28.179,-30.290
121.825,-4.680,28.178,-30.361
121.845,-4.679,28.178,-30.409
121.865,-4.679,28.177,-30.481
121.885,-4.678,28.177,-30.528
121.905,-4.677,28.176,-30.600
121.925,-4.677,28.176,-30.647
121.946,-4.676,28.175,-30.719
121.965,-4.675,28.175,-30.767
121.985,-4.675,28.174,-30.838
122.007,-4.674,28.174,-30.886
122.025,-4.673,28.173,-30.957
122.045,-4.673,28.173,-31.005
122.066,-4.672,28.172,-31.077
122.085,-4.672,28.172,-31.124
122.105,-4.671,28.171,-31.196
122.126,-4.671,28.171,-31.243
122.145,-4.670,28.170,-31.315
122.165,-4.670,28.170,-31.363
122.185,-4.670,28.169,-31.434
122.206,-4.669,28.169,-31.482
122.225,-4.669,28.168,-31.554
122.245,-4.669,28.168,-31.601
122.267,-4.669,28.167,-31.673
122.285,-4.669,28.167,-31.721
122.305,-4.668,28.166,-31.792
122.325,-4.668,28.166,-31.840
122.345,-4.668,28.165,-31.912
122.365,-4.668,28.165,-31.960
122.385,-4.667,28.165,-32.032
122.405,-4.667,28.165,-32.080
122.425,-4.667,28.164,-32.152
122.445,-4.667,28.164,-32.200
122.465,-4.666,28.164,-32.272
122.485,-4.666,28.164,-32.320
122.505,-4.666,28.164,-32.392
122.525,-4.665,28.164,-32.440
122.545,-4.665,28.164,-32.511
122.565,-4.665,28.164,-32.560
122.585,-4.664,28.163,-32.632
122.606,-4.664,28.163,-32.680
122.625,-4.664,28.163,-32.752
122.645,-4.664,28.163,-32.800
122.665,-4.663,28.162,-32.872
122.686,-4.663,28.162,-32.920
122.705,-4.663,28.162,-32.992
122.727,-4.663,28.162,-33.040
122.746,-4.663,28.161,-33.112
122.765,-4.662,28.161,-33.160
122.785,-4.662,28.161,-33.232
122.806,-4.662,28.160,-33.280
122.825,-4.662,28.160,-33.352
122.845,-4.662,28.160,-33.400
122.865,-4.662,28.159,-33.471
122.885,-4.662,28.159,-33.518
122.905,-4.662,28.158,-33.588
122.926,-4.662,28.158,-33.635
122.946,-4.662,28.157,-33.704
122.965,-4.662,28.157,-33.750
122.986,-4.662,28.156,-33.818
123.007,-4.662,28.156,-33.863
123.026,-4.662,28.155,-33.929
123.046,-4.663,28.154,-33.973
123.066,-4.663,28.154,-34.038
123.085,-4.663,28.153,-34.081
123.105,-4.663,28.152,-34.145
123.125,-4.664,28.152,-34.187
123.145,-4.664,28.151,-34.250
123.165,-4.664,28.150,-34.291
123.186,-4.665,28.149,-34.352
123.205,-4.665,28.149,-34.393
123.225,-4.666,28.148,-34.453
123.245,-4.666,28.147,-34.493
123.265,-4.667,28.146,-34.552
123.285,-4.667,28.146,-34.592
123.305,-4.668,28.145,-34.650
123.325,-4.669,28.144,-34.688
123.345,-4.670,28.143,-34.746
123.365,-4.670,28.143,-34.784
123.386,-4.671,28.142,-34.840
123.406,-4.672,28.141,-34.877
123.425,-4.673,28.141,-34.933
123.445,-4.673,28.140,-34.969
123.465,-4.674,28.139,-35.024
123.485,-4.675,28.139,-35.060
123.505,-4.676,28.138,-35.114
123.526,-4.677,28.138,-35.149
123.545,-4.678,28.137,-35.202
123.565,-4.678,28.137,-35.237
123.586,-4.679,28.136,-35.289
123.605,-4.680,28.136,-35.324
123.625,-4.681,28.135,-35.375
123.645,-4.681,28.135,-35.409
123.665,-4.682,28.134,-35.460
123.685,-4.683,28.134,-35.493
123.706,-4.683,28.134,-35.543
123.725,-4.684,28.133,-35.576
123.745,-4.684,28.133,-35.625
123.765,-4.684,28.132,-35.657
123.785,-4.685,28.132,-35.706
123.805,-4.685,28.132,-35.738
123.825,-4.686,28.131,-35.785
123.845,-4.686,28.131,-35.816
123.866,-4.686,28.130,-35.848
123.885,-4.687,28.130,-35.894
123.906,-4.687,28.129,-35.940
123.926,-4.687,28.129,-35.970
123.945,-4.687,28.129,-36.015
123.965,-4.687,28.128,-36.045
123.986,-4.687,28.128,-36.089
124.006,-4.687,28.128,-36.119
124.025,-4.688,28.127,-36.162
124.047,-4.688,28.127,-36.191
124.065,-4.688,28.127,-36.234
124.085,-4.688,28.127,-36.262
124.106,-4.688,28.126,-36.305
124.125,-4.688,28.126,-36.333
124.145,-4.688,28.126,-36.374
124.165,-4.688,28.126,-36.401
124.186,-4.687,28.125,-36.442
124.205,-4.687,28.125,-36.469
124.225,-4.687,28.125,-36.509
124.246,-4.687,28.125,-36.535
124.266,-4.687,28.124,-36.574
124.285,-4.687,28.124,-36.600
124.306,-4.687,28.124,-36.639
124.325,-4.686,28.124,-36.664
124.345,-4.686,28.123,-36.702
124.365,-4.686,28.123,-36.728
124.386,-4.685,28.123,-36.765
124.405,-4.685,28.123,-36.790
124.425,-4.684,28.123,-36.827
124.445,-4.684,28.122,-36.851
124.465,-4.683,28.122,-36.887
124.485,-4.683,28.122,-36.911
124.505,-4.682,28.122,-36.947
124.525,-4.682,28.122,-36.970
124.545,-4.681,28.122,-37.005
124.565,-4.680,28.122,-37.028
124.585,-4.680,28.122,-37.063
124.606,-4.679,28.122,-37.086
124.625,-4.678,28.122,-37.120
124.645,-4.678,28.122,-37.142
124.666,-4.677,28.122,-37.175
124.685,-4.676,28.122,-37.197
124.705,-4.675,28.122,-37.230
124.726,-4.674,28.122,-37.252
124.745,-4.673,28.123,-37.284
124.765,-4.672,28.123,-37.305
124.785,-4.671,28.123,-37.337
124.805,-4.670,28.123,-37.358
124.825,-4.669,28.124,-37.389
124.845,-4.668,28.124,-37.410
124.865,-4.666,28.124,-37.440
124.885,-4.666,28.124,-37.460
124.907,-4.664,28.125,-37.491
124.925,-4.663,28.125,-37.510
124.945,-4.662,28.126,-37.540
124.965,-4.661,28.126,-37.560
124.986,-4.660,28.127,-37.589
125.005,-4.660,28.127,-37.608
125.025,-4.658,28.128,-37.637
125.046,-4.658,28.128,-37.656
125.065,-4.657,28.129,-37.684
125.085,-4.656,28.130,-37.702
125.105,-4.655,28.131,-37.730
125.125,-4.655,28.132,-37.748
125.145,-4.654,28.132,-37.775
125.166,-4.653,28.133,-37.793
125.186,-4.653,28.134,-37.820
125.206,-4.652,28.135,-37.837
125.225,-4.652,28.136,-37.864
125.245,-4.652,28.136,-37.881
125.265,-4.651,28.137,-37.907
125.285,-4.651,28.138,-37.924
125.306,-4.651,28.139,-37.949
125.325,-4.651,28.139,-37.966
125.345,-4.651,28.140,-37.991
125.365,-4.650,28.141,-38.007
125.385,-4.650,28.142,-38.032
125.405,-4.650,28.142,-38.048
125.426,-4.650,28.143,-38.072
125.446,-4.650,28.143,-38.088
125.465,-4.650,28.144,-38.112
125.485,-4.650,28.144,-38.128
125.506,-4.651,28.145,-38.151
125.525,-4.651,28.145,-38.166
125.545,-4.651,28.146,-38.189
125.566,-4.651,28.146,-38.204
125.586,-4.651,28.147,-38.227
125.605,-4.651,28.147,-38.242
125.625,-4.651,28.147,-38.264
125.645,-4.651,28.147,-38.278
125.665,-4.652,28.148,-38.300
125.685,-4.652,28.148,-38.314
125.705,-4.652,28.148,-38.336
125.725,-4.652,28.148,-38.349
125.745,-4.652,28.148,-38.370
125.766,-4.652,28.148,-38.384
125.785,-4.653,28.148,-38.404
125.805,-4.653,28.147,-38.417
125.825,-4.653,28.147,-38.437
125.845,-4.653,28.147,-38.450
125.865,-4.653,28.147,-38.470
125.885,-4.653,28.147,-38.482
125.906,-4.653,28.146,-38.502
125.925,-4.654,28.146,-38.514
125.945,-4.654,28.146,-38.533
125.965,-4.654,28.146,-38.545
125.985,-4.654,28.145,-38.564
126.005,-4.655,28.145,-38.576
126.026,-4.655,28.145,-38.594
126.045,-4.655,28.144,-38.606
126.065,-4.655,28.144,-38.624
126.085,-4.655,28.144,-38.635
126.105,-4.656,28.143,-38.652
126.125,-4.656,28.143,-38.664
126.145,-4.656,28.143,-38.681
126.165,-4.656,28.142,-38.692
126.185,-4.656,28.142,-38.709
126.205,-4.656,28.141,-38.720
126.225,-4.656,28.141,-38.736
126.245,-4.657,28.140,-38.747
126.265,-4.657,28.140,-38.763
126.285,-4.657,28.139,-38.773
126.306,-4.658,28.139,-38.789
126.326,-4.658,28.138,-38.800
126.346,-4.659,28.137,-38.815
126.366,-4.659,28.137,-38.826
126.385,-4.660,28.136,-38.841
126.405,-4.660,28.136,-38.851
126.426,-4.661,28.135,-38.866
126.445,-4.661,28.135,-38.876
126.465,-4.662,28.134,-38.891
126.485,-4.662,28.134,-38.901
126.506,-4.663,28.133,-38.915
126.526,-4.663,28.133,-38.925
126.545,-4.664,28.133,-38.939
126.566,-4.664,28.133,-38.949
126.585,-4.665,28.132,-38.963
126.605,-4.665,28.132,-38.972
126.625,-4.666,28.133,-38.986
126.645,-4.667,28.133,-38.995
126.665,-4.667,28.133,-39.008
126.686,-4.668,28.133,-39.017
126.706,-4.669,28.133,-39.030
126.725,-4.669,28.133,-39.038
126.745,-4.670,28.134,-39.051
126.766,-4.671,28.134,-39.059
126.785,-4.672,28.135,-39.072
126.805,-4.672,28.135,-39.080
126.826,-4.673,28.136,-39.092
126.845,-4.674,28.136,-39.100
126.865,-4.675,28.137,-39.111
126.885,-4.675,28.137,-39.119
126.905,-4.676,28.138,-39.130
126.925,-4.677,28.138,-39.138
126.945,-4.678,28.139,-39.149
126.966,-4.678,28.140,-39.156
126.985,-4.679,28.141,-39.167
127.005,-4.680,28.142,-39.174
127.026,-4.680,28.143,-39.185
127.045,-4.681,28.143,-39.192
127.066,-4.682,28.145,-39.202
127.085,-4.682,28.145,-39.209
127.105,-4.683,28.147,-39.220
127.125,-4.684,28.147,-39.226
127.146,-4.684,28.149,-39.237
127.166,-4.685,28.149,-39.243
127.185,-4.685,28.151,-39.253
127.207,-4.686,28.151,-39.260
127.226,-4.686,28.153,-39.269
127.245,-4.687,28.153,-39.276
127.265,-4.687,28.155,-39.285
127.286,-4.688,28.155,-39.292
127.305,-4.688,28.157,-39.301
127.325,-4.689,28.157,-39.307
127.346,-4.689,28.158,-39.317
127.365,-4.689,28.159,-39.323
127.385,-4.690,28.160,-39.332
127.406,-4.690,28.161,-39.338
127.425,-4.690,28.162,-39.347
127.445,-4.690,28.162,-39.353
127.465,-4.690,28.163,-39.362
127.485,-4.690,28.164,-39.368
127.505,-4.690,28.164,-39.377
127.525,-4.690,28.165,-39.383
127.546,-4.689,28.165,-39.392
127.565,-4.689,28.165,-39.398
127.585,-4.688,28.165,-39.407
127.606,-4.687,28.165,-39.413
127.625,-4.686,28.164,-39.422
127.645,-4.685,28.164,-39.428
127.665,-4.684,28.162,-39.437
127.685,-4.683,28.161,-39.443
127.705,-4.681,28.159,-39.452
127.725,-4.679,28.157,-39.458
127.745,-4.677,28.154,-39.467
127.765,-4.675,28.152,-39.473
127.785,-4.672,28.147,-39.482
127.805,-4.670,28.144,-39.488
127.825,-4.666,28.138,-39.497
127.845,-4.664,28.133,-39.503
127.865,-4.659,28.126,-39.512
127.886,-4.656,28.120,-39.518
127.905,-4.652,28.111,-39.526
127.925,-4.648,28.104,-39.532
127.945,-4.643,28.092,-39.541
127.965,-4.639,28.084,-39.547
127.985,-4.633,28.070,-39.556
128.006,-4.629,28.060,-39.562
128.026,-4.622,28.044,-39.571
128.045,-4.617,28.032,-39.577
128.066,-4.610,28.013,-39.586
128.086,-4.605,27.999,-39.591
128.105,-4.597,27.978,-39.600
128.125,-4.592,27.962,-39.606
128.146,-4.584,27.938,-39.614
128.165,-4.578,27.920,-39.620
128.185,-4.569,27.893,-39.628
128.206,-4.563,27.873,-39.634
128.226,-4.553,27.842,-39.642
128.245,-4.547,27.821,-39.647
128.265,-4.537,27.787,-39.655
128.285,-4.530,27.763,-39.660
128.305,-4.520,27.726,-39.667
128.326,-4.513,27.700,-39.672
128.345,-4.502,27.659,-39.679
128.365,-4.494,27.631,-39.683
128.385,-4.483,27.587,-39.690
128.406,-4.475,27.557,-39.694
128.426,-4.463,27.510,-39.700
128.445,-4.455,27.477,-39.704
128.465,-4.442,27.426,-39.710
128.485,-4.433,27.392,-39.714
128.505,-4.420,27.337,-39.719
128.525,-4.411,27.301,-39.723
128.546,-4.397,27.243,-39.728
128.565,-4.388,27.204,-39.731
128.585,-4.374,27.144,-39.736
128.605,-4.364,27.102,-39.739
128.625,-4.349,27.039,-39.744
128.645,-4.339,26.995,-39.747
128.665,-4.324,26.929,-39.752
128.686,-4.314,26.883,-39.755
128.705,-4.298,26.813,-39.759
128.725,-4.287,26.766,-39.762
128.745,-4.272,26.693,-39.766
128.765,-4.261,26.644,-39.769
128.786,-4.244,26.568,-39.773
128.807,-4.233,26.517,-39.776
128.825,-4.217,26.438,-39.780
128.845,-4.206,26.385,-39.783
128.865,-4.189,26.304,-39.787
128.885,-4.178,26.249,-39.789
128.905,-4.161,26.165,-39.793
128.926,-4.150,26.109,-39.796
128.945,-4.133,26.022,-39.799
128.966,-4.121,25.964,-39.802
128.985,-4.104,25.875,-39.805
129.005,-4.093,25.815,-39.808
129.025,-4.076,25.723,-39.811
129.045,-4.064,25.662,-39.814
129.066,-4.047,25.568,-39.817
129.085,-4.035,25.505,-39.820
129.105,-4.017,25.409,-39.823
129.125,-4.006,25.344,-39.826
129.145,-3.988,25.246,-39.829
129.165,-3.976,25.179,-39.831
129.186,-3.959,25.079,-39.835
129.206,-3.947,25.011,-39.837
129.225,-3.929,24.908,-39.841
129.245,-3.917,24.839,-39.843
129.267,-3.899,24.734,-39.846
129.285,-3.887,24.663,-39.848
129.305,-3.868,24.557,-39.851
129.326,-3.856,24.485,-39.853
129.346,-3.838,24.376,-39.856
129.365,-3.825,24.303,-39.858
129.385,-3.807,24.193,-39.861
129.408,-3.795,24.119,-39.862
129.425,-3.776,24.007,-39.865
129.445,-3.764,23.932,-39.867
129.465,-3.745,23.819,-39.869
129.486,-3.733,23.743,-39.870
129.505,-3.715,23.628,-39.873
129.525,-3.702,23.551,-39.874
129.545,-3.684,23.435,-39.876
129.565,-3.672,23.358,-39.878
129.586,-3.653,23.241,-39.880
129.605,-3.641,23.163,-39.881
129.625,-3.623,23.045,-39.883
129.645,-3.611,22.967,-39.884
129.666,-3.593,22.848,-39.886
129.685,-3.581,22.769,-39.887
129.705,-3.563,22.651,-39.889
129.726,-3.551,22.572,-39.890
129.745,-3.533,22.453,-39.892
129.765,-3.521,22.373,-39.893
129.786,-3.503,22.254,-39.895
129.805,-3.492,22.174,-39.896
129.825,-3.474,22.055,-39.898
129.846,-3.462,21.976,-39.899
129.866,-3.445,21.857,-39.901
129.885,-3.433,21.778,-39.903
129.905,-3.416,21.659,-39.904
129.925,-3.405,21.580,-39.906
129.945,-3.388,21.462,-39.908
129.965,-3.377,21.383,-39.909
129.985,-3.360,21.265,-39.911
130.006,-3.349,21.187,-39.913
130.025,-3.333,21.070,-39.915
130.046,-3.322,20.992,-39.916
130.066,-3.307,20.876,-39.918
130.085,-3.296,20.798,-39.920
130.105,-3.281,20.682,-39.922
130.125,-3.271,20.605,-39.923
130.145,-3.257,20.490,-39.925
130.165,-3.247,20.414,-39.926
130.185,-3.233,20.299,-39.928
130.206,-3.224,20.223,-39.930
130.225,-3.210,20.110,-39.932
130.245,-3.201,20.034,-39.933
130.266,-3.188,19.921,-39.935
130.285,-3.180,19.846,-39.937
130.305,-3.167,19.734,-39.939
130.326,-3.159,19.659,-39.940
130.345,-3.146,19.548,-39.942
130.365,-3.138,19.473,-39.943
130.386,-3.126,19.362,-39.945
130.406,-3.118,19.288,-39.946
130.425,-3.106,19.177,-39.948
130.445,-3.098,19.103,-39.949
130.466,-3.087,18.993,-39.951
130.485,-3.079,18.919,-39.952
130.505,-3.068,18.809,-39.954
130.525,-3.060,18.736,-39.955
130.545,-3.049,18.626,-39.957
130.565,-3.041,18.553,-39.958
130.586,-3.030,18.443,-39.960
130.605,-3.022,18.370,-39.961
130.625,-3.011,18.261,-39.963
130.645,-3.003,18.188,-39.964
130.665,-2.992,18.078,-39.966
130.685,-2.984,18.005,-39.967
130.705,-2.973,17.896,-39.969
130.725,-2.965,17.823,-39.970
130.746,-2.953,17.713,-39.972
130.765,-2.945,17.640,-39.973
130.785,-2.933,17.531,-39.975
130.805,-2.925,17.458,-39.976
130.825,-2.913,17.348,-39.978
130.845,-2.905,17.275,-39.979
130.865,-2.892,17.166,-39.981
130.885,-2.884,17.092,-39.982
130.906,-2.871,16.982,-39.984
130.926,-2.862,16.909,-39.985
130.945,-2.849,16.799,-39.987
130.965,-2.840,16.726,-39.988
130.986,-2.826,16.615,-39.989
131.005,-2.817,16.542,-39.990
131.025,-2.803,16.431,-39.992
131.045,-2.793,16.357,-39.993
131.065,-2.779,16.247,-39.995
131.085,-2.769,16.173,-39.996
131.105,-2.754,16.062,-39.997
131.126,-2.744,15.987,-39.998
131.145,-2.728,15.876,-39.999
131.165,-2.718,15.802,-40.000
131.185,-2.702,15.690,-40.001
131.205,-2.692,15.616,-40.002
131.225,-2.676,15.504,-40.004
131.245,-2.665,15.429,-40.004
131.266,-2.649,15.317,-40.006
131.285,-2.637,15.242,-40.007
131.307,-2.621,15.130,-40.008
131.325,-2.609,15.055,-40.009
131.345,-2.592,14.942,-40.010
131.365,-2.581,14.867,-40.010
131.386,-2.563,14.755,-40.011
131.405,-2.552,14.679,-40.012
131.425,-2.534,14.566,-40.013
131.445,-2.522,14.491,-40.014
131.466,-2.504,14.377,-40.015
131.485,-2.492,14.302,-40.015
131.506,-2.473,14.188,-40.016
131.526,-2.461,14.113,-40.016
131.545,-2.443,13.999,-40.017
131.566,-2.430,13.923,-40.018
131.586,-2.411,13.809,-40.018
131.605,-2.399,13.733,-40.019
131.625,-2.380,13.619,-40.020
131.645,-2.367,13.542,-40.020
131.665,-2.348,13.428,-40.021
131.685,-2.335,13.351,-40.021
131.705,-2.316,13.237,-40.022
131.726,-2.303,13.160,-40.022
131.745,-2.284,13.045,-40.023
131.765,-2.271,12.968,-40.023
131.786,-2.251,12.852,-40.024
131.806,-2.238,12.775,-40.024
131.825,-2.219,12.660,-40.024
131.845,-2.206,12.582,-40.025
131.865,-2.186,12.466,-40.025
131.885,-2.173,12.389,-40.025
131.907,-2.154,12.273,-40.026
131.926,-2.141,12.196,-40.026
131.945,-2.121,12.080,-40.027
131.965,-2.108,12.002,-40.027
131.985,-2.088,11.886,-40.028
132.005,-2.075,11.808,-40.028
132.025,-2.056,11.692,-40.029
132.046,-2.043,11.615,-40.029
132.065,-2.023,11.498,-40.030
132.086,-2.010,11.421,-40.030
132.105,-1.991,11.305,-40.031
132.125,-1.978,11.227,-40.031
132.145,-1.958,11.111,-40.032
132.166,-1.946,11.033,-40.032
132.185,-1.926,10.917,-40.033
132.205,-1.913,10.839,-40.033
132.226,-1.894,10.723,-40.034
132.246,-1.881,10.645,-40.034
132.265,-1.862,10.529,-40.035
132.285,-1.849,10.452,-40.035
132.305,-1.830,10.335,-40.036
132.325,-1.817,10.258,-40.036
132.345,-1.798,10.142,-40.036
132.366,-1.785,10.065,-40.036
132.385,-1.766,9.949,-40.037
132.405,-1.754,9.873,-40.037
132.426,-1.735,9.757,-40.037
132.445,-1.723,9.681,-40.037
132.465,-1.704,9.566,-40.038
132.485,-1.691,9.490,-40.038
132.505,-1.673,9.376,-40.038
132.525,-1.661,9.301,-40.038
132.545,-1.642,9.188,-40.038
132.566,-1.630,9.113,-40.039
132.585,-1.612,9.001,-40.039
132.605,-1.600,8.927,-40.038
132.625,-1.581,8.816,-40.038
132.647,-1.569,8.743,-40.037
132.665,-1.551,8.633,-40.036
132.686,-1.539,8.561,-40.035
132.705,-1.521,8.452,-40.032
132.725,-1.509,8.381,-40.030
132.745,-1.491,8.274,-40.026
132.765,-1.479,8.203,-40.023
132.785,-1.461,8.098,-40.018
132.805,-1.449,8.028,-40.014
132.825,-1.432,7.924,-40.007
132.846,-1.420,7.856,-40.002
132.865,-1.402,7.753,-39.993
132.885,-1.390,7.686,-39.987
132.905,-1.373,7.585,-39.976
132.925,-1.361,7.518,-39.968
132.945,-1.344,7.419,-39.955
132.965,-1.332,7.353,-39.946
132.985,-1.315,7.256,-39.931
133.006,-1.304,7.191,-39.920
133.026,-1.286,7.095,-39.902
133.046,-1.275,7.031,-39.889
133.065,-1.258,6.936,-39.869
133.085,-1.247,6.874,-39.855
133.105,-1.230,6.781,-39.832
133.126,-1.219,6.719,-39.816
133.145,-1.203,6.627,-39.790
133.165,-1.192,6.566,-39.772
133.185,-1.175,6.476,-39.744
133.205,-1.164,6.416,-39.725
133.226,-1.148,6.328,-39.694
133.245,-1.137,6.269,-39.673
133.265,-1.121,6.182,-39.641
133.285,-1.111,6.125,-39.619
133.306,-1.095,6.039,-39.586
133.325,-1.084,5.983,-39.563
133.345,-1.069,5.899,-39.528
133.365,-1.058,5.844,-39.505
133.385,-1.043,5.762,-39.470
133.405,-1.033,5.708,-39.446
133.425,-1.018,5.628,-39.410
133.446,-1.008,5.575,-39.386
133.465,-0.993,5.496,-39.350
133.485,-0.984,5.445,-39.326
133.505,-0.969,5.368,-39.289
133.525,-0.960,5.318,-39.265
133.545,-0.946,5.243,-39.229
133.566,-0.937,5.193,-39.204
133.585,-0.923,5.121,-39.168
133.605,-0.915,5.072,-39.144
133.625,-0.902,5.001,-39.108
133.645,-0.893,4.954,-39.084
133.665,-0.881,4.885,-39.048
133.685,-0.873,4.839,-39.024
133.705,-0.861,4.771,-38.989
133.725,-0.853,4.727,-38.966
133.745,-0.841,4.661,-38.931
133.766,-0.834,4.617,-38.909
133.785,-0.823,4.553,-38.875
133.805,-0.816,4.510,-38.852
133.826,-0.805,4.447,-38.819
133.845,-0.798,4.405,-38.797
133.865,-0.788,4.344,-38.764
133.886,-0.782,4.303,-38.742
133.905,-0.773,4.243,-38.709
133.925,-0.766,4.203,-38.688
133.945,-0.757,4.144,-38.655
133.966,-0.752,4.105,-38.634
133.985,-0.743,4.047,-38.601
134.005,-0.738,4.009,-38.580
134.025,-0.729,3.952,-38.547
134.046,-0.724,3.915,-38.526
134.065,-0.716,3.859,-38.494
134.085,-0.711,3.822,-38.472
134.105,-0.704,3.768,-38.440
134.125,-0.699,3.732,-38.418
134.145,-0.692,3.678,-38.386
134.165,-0.687,3.642,-38.364
134.185,-0.680,3.590,-38.332
134.206,-0.676,3.555,-38.310
134.226,-0.669,3.503,-38.277
134.245,-0.665,3.469,-38.255
134.265,-0.659,3.418,-38.222
134.285,-0.655,3.385,-38.200
134.305,-0.649,3.335,-38.167
134.326,-0.645,3.302,-38.145
134.346,-0.639,3.252,-38.112
134.365,-0.635,3.220,-38.089
134.385,-0.629,3.172,-38.056
134.405,-0.625,3.140,-38.034
134.425,-0.619,3.093,-38.000
134.445,-0.616,3.061,-37.978
134.465,-0.610,3.015,-37.944
134.486,-0.606,2.984,-37.922
134.505,-0.601,2.938,-37.888
134.525,-0.597,2.908,-37.866
134.546,-0.591,2.863,-37.832
134.566,-0.588,2.834,-37.809
134.585,-0.582,2.790,-37.775
